MSSV,Khoa,HoTen,NgaySinh,ThuTuHocKy,TenHocKy,MaMon,TinChi,GPA
24520001,19,Hoang Hoai Binh,12/11/2006,1,HK1 2024-2025,CE118,3,6.1
24520001,19,Hoang Hoai Binh,12/11/2006,1,HK1 2024-2025,SS001,2,9.9
24520001,19,Hoang Hoai Binh,12/11/2006,1,HK1 2024-2025,IT004,4,9.2
24520001,19,Hoang Hoai Binh,12/11/2006,1,HK1 2024-2025,IT003,4,5.3
24520001,19,Hoang Hoai Binh,12/11/2006,1,HK1 2024-2025,MA004,3,9.1
24520001,19,Hoang Hoai Binh,12/11/2006,1,HK1 2024-2025,IS201,3,10.0
24520001,19,Hoang Hoai Binh,12/11/2006,1,HK1 2024-2025,SS002,2,10.0
24520001,19,Hoang Hoai Binh,12/11/2006,1,HK1 2024-2025,MA003,3,6.0
24520001,19,Hoang Hoai Binh,12/11/2006,2,HK2 2024-2025,SE104,3,9.5
24520001,19,Hoang Hoai Binh,12/11/2006,2,HK2 2024-2025,IT004,4,9.5
24520001,19,Hoang Hoai Binh,12/11/2006,2,HK2 2024-2025,CS106,4,6.0
24520001,19,Hoang Hoai Binh,12/11/2006,2,HK2 2024-2025,MA005,3,5.3
24520001,19,Hoang Hoai Binh,12/11/2006,2,HK2 2024-2025,CE118,3,5.2
24520001,19,Hoang Hoai Binh,12/11/2006,2,HK2 2024-2025,SS001,2,9.9
24520001,19,Hoang Hoai Binh,12/11/2006,2,HK2 2024-2025,PE001,1,8.0
24520001,19,Hoang Hoai Binh,12/11/2006,2,HK2 2024-2025,IT001,4,8.9
24520001,19,Hoang Hoai Binh,12/11/2006,3,HK3 2024-2025,MA005,3,9.6
24520001,19,Hoang Hoai Binh,12/11/2006,3,HK3 2024-2025,IT003,4,8.7
24520001,19,Hoang Hoai Binh,12/11/2006,3,HK3 2024-2025,IS201,3,7.2
24520001,19,Hoang Hoai Binh,12/11/2006,3,HK3 2024-2025,MA003,3,6.9
24520001,19,Hoang Hoai Binh,12/11/2006,3,HK3 2024-2025,IT002,4,8.1
24520001,19,Hoang Hoai Binh,12/11/2006,3,HK3 2024-2025,SS001,2,7.8
24520002,19,Do Ngoc Duy,12/12/2006,1,HK1 2024-2025,IT004,4,8.3
24520002,19,Do Ngoc Duy,12/12/2006,1,HK1 2024-2025,IT001,4,5.5
24520002,19,Do Ngoc Duy,12/12/2006,1,HK1 2024-2025,SE104,3,7.5
24520002,19,Do Ngoc Duy,12/12/2006,1,HK1 2024-2025,EN001,2,9.7
24520002,19,Do Ngoc Duy,12/12/2006,1,HK1 2024-2025,MA005,3,9.6
24520002,19,Do Ngoc Duy,12/12/2006,1,HK1 2024-2025,SS001,2,8.0
24520002,19,Do Ngoc Duy,12/12/2006,2,HK2 2024-2025,SS001,2,5.0
24520002,19,Do Ngoc Duy,12/12/2006,2,HK2 2024-2025,IS201,3,9.1
24520002,19,Do Ngoc Duy,12/12/2006,2,HK2 2024-2025,SS002,2,8.3
24520002,19,Do Ngoc Duy,12/12/2006,2,HK2 2024-2025,IT004,4,5.3
24520002,19,Do Ngoc Duy,12/12/2006,2,HK2 2024-2025,MA003,3,9.3
24520002,19,Do Ngoc Duy,12/12/2006,2,HK2 2024-2025,MA005,3,7.9
24520002,19,Do Ngoc Duy,12/12/2006,2,HK2 2024-2025,EN001,2,6.7
24520002,19,Do Ngoc Duy,12/12/2006,3,HK3 2024-2025,CE118,3,9.4
24520002,19,Do Ngoc Duy,12/12/2006,3,HK3 2024-2025,SS002,2,7.9
24520002,19,Do Ngoc Duy,12/12/2006,3,HK3 2024-2025,MA003,3,9.8
24520002,19,Do Ngoc Duy,12/12/2006,3,HK3 2024-2025,IS201,3,9.7
24520002,19,Do Ngoc Duy,12/12/2006,3,HK3 2024-2025,SS001,2,9.5
24520002,19,Do Ngoc Duy,12/12/2006,3,HK3 2024-2025,IT002,4,7.6
24520002,19,Do Ngoc Duy,12/12/2006,3,HK3 2024-2025,MA005,3,6.1
24520003,19,Nguyen Minh Khoa,23/09/2006,1,HK1 2024-2025,CS106,4,7.2
24520003,19,Nguyen Minh Khoa,23/09/2006,1,HK1 2024-2025,SS002,2,6.3
24520003,19,Nguyen Minh Khoa,23/09/2006,1,HK1 2024-2025,IT002,4,9.7
24520003,19,Nguyen Minh Khoa,23/09/2006,1,HK1 2024-2025,EN001,2,9.2
24520003,19,Nguyen Minh Khoa,23/09/2006,1,HK1 2024-2025,IT001,4,8.5
24520003,19,Nguyen Minh Khoa,23/09/2006,1,HK1 2024-2025,MA004,3,7.1
24520003,19,Nguyen Minh Khoa,23/09/2006,2,HK2 2024-2025,CS106,4,5.5
24520003,19,Nguyen Minh Khoa,23/09/2006,2,HK2 2024-2025,IS201,3,9.2
24520003,19,Nguyen Minh Khoa,23/09/2006,2,HK2 2024-2025,SE104,3,8.3
24520003,19,Nguyen Minh Khoa,23/09/2006,2,HK2 2024-2025,MA005,3,9.9
24520003,19,Nguyen Minh Khoa,23/09/2006,2,HK2 2024-2025,IT001,4,5.2
24520003,19,Nguyen Minh Khoa,23/09/2006,2,HK2 2024-2025,CE118,3,5.2
24520003,19,Nguyen Minh Khoa,23/09/2006,3,HK3 2024-2025,MA003,3,9.5
24520003,19,Nguyen Minh Khoa,23/09/2006,3,HK3 2024-2025,IT002,4,9.4
24520003,19,Nguyen Minh Khoa,23/09/2006,3,HK3 2024-2025,IT003,4,8.7
24520003,19,Nguyen Minh Khoa,23/09/2006,3,HK3 2024-2025,SS001,2,9.1
24520003,19,Nguyen Minh Khoa,23/09/2006,3,HK3 2024-2025,IS201,3,8.9
24520003,19,Nguyen Minh Khoa,23/09/2006,3,HK3 2024-2025,PE001,1,9.2
24520003,19,Nguyen Minh Khoa,23/09/2006,3,HK3 2024-2025,IT004,4,6.3
24520004,19,Vo Hoai Yen,09/11/2006,1,HK1 2024-2025,IT003,4,7.8
24520004,19,Vo Hoai Yen,09/11/2006,1,HK1 2024-2025,EN001,2,6.4
24520004,19,Vo Hoai Yen,09/11/2006,1,HK1 2024-2025,IT004,4,9.8
24520004,19,Vo Hoai Yen,09/11/2006,1,HK1 2024-2025,IS201,3,6.0
24520004,19,Vo Hoai Yen,09/11/2006,1,HK1 2024-2025,CE118,3,5.4
24520004,19,Vo Hoai Yen,09/11/2006,1,HK1 2024-2025,MA005,3,6.5
24520004,19,Vo Hoai Yen,09/11/2006,2,HK2 2024-2025,CS106,4,9.4
24520004,19,Vo Hoai Yen,09/11/2006,2,HK2 2024-2025,EN001,2,7.8
24520004,19,Vo Hoai Yen,09/11/2006,2,HK2 2024-2025,PE001,1,6.6
24520004,19,Vo Hoai Yen,09/11/2006,2,HK2 2024-2025,IT003,4,5.9
24520004,19,Vo Hoai Yen,09/11/2006,2,HK2 2024-2025,SE104,3,6.8
24520004,19,Vo Hoai Yen,09/11/2006,2,HK2 2024-2025,CE118,3,8.1
24520004,19,Vo Hoai Yen,09/11/2006,2,HK2 2024-2025,MA005,3,7.1
24520004,19,Vo Hoai Yen,09/11/2006,3,HK3 2024-2025,PE001,1,9.5
24520004,19,Vo Hoai Yen,09/11/2006,3,HK3 2024-2025,IT004,4,9.1
24520004,19,Vo Hoai Yen,09/11/2006,3,HK3 2024-2025,IT002,4,7.0
24520004,19,Vo Hoai Yen,09/11/2006,3,HK3 2024-2025,IS201,3,8.0
24520004,19,Vo Hoai Yen,09/11/2006,3,HK3 2024-2025,MA004,3,6.8
24520004,19,Vo Hoai Yen,09/11/2006,3,HK3 2024-2025,SS001,2,7.0
24520004,19,Vo Hoai Yen,09/11/2006,3,HK3 2024-2025,SE104,3,8.7
24520005,19,Pham Thu Mai,06/07/2006,1,HK1 2024-2025,IS201,3,5.0
24520005,19,Pham Thu Mai,06/07/2006,1,HK1 2024-2025,MA003,3,8.5
24520005,19,Pham Thu Mai,06/07/2006,1,HK1 2024-2025,IT003,4,5.4
24520005,19,Pham Thu Mai,06/07/2006,1,HK1 2024-2025,CE118,3,9.2
24520005,19,Pham Thu Mai,06/07/2006,1,HK1 2024-2025,IT002,4,5.3
24520005,19,Pham Thu Mai,06/07/2006,1,HK1 2024-2025,SS002,2,9.2
24520005,19,Pham Thu Mai,06/07/2006,2,HK2 2024-2025,MA004,3,6.8
24520005,19,Pham Thu Mai,06/07/2006,2,HK2 2024-2025,CS106,4,8.5
24520005,19,Pham Thu Mai,06/07/2006,2,HK2 2024-2025,IS201,3,9.4
24520005,19,Pham Thu Mai,06/07/2006,2,HK2 2024-2025,IT002,4,5.5
24520005,19,Pham Thu Mai,06/07/2006,2,HK2 2024-2025,SS001,2,6.4
24520005,19,Pham Thu Mai,06/07/2006,2,HK2 2024-2025,SE104,3,7.0
24520005,19,Pham Thu Mai,06/07/2006,2,HK2 2024-2025,MA005,3,8.2
24520005,19,Pham Thu Mai,06/07/2006,3,HK3 2024-2025,MA003,3,7.7
24520005,19,Pham Thu Mai,06/07/2006,3,HK3 2024-2025,SS001,2,7.9
24520005,19,Pham Thu Mai,06/07/2006,3,HK3 2024-2025,SE104,3,7.8
24520005,19,Pham Thu Mai,06/07/2006,3,HK3 2024-2025,IT003,4,7.5
24520005,19,Pham Thu Mai,06/07/2006,3,HK3 2024-2025,CS106,4,8.8
24520005,19,Pham Thu Mai,06/07/2006,3,HK3 2024-2025,PE001,1,7.2
24520005,19,Pham Thu Mai,06/07/2006,3,HK3 2024-2025,MA005,3,7.6
24520006,19,Vu Ngoc Hieu,14/04/2006,1,HK1 2024-2025,SE104,3,5.5
24520006,19,Vu Ngoc Hieu,14/04/2006,1,HK1 2024-2025,PE001,1,8.1
24520006,19,Vu Ngoc Hieu,14/04/2006,1,HK1 2024-2025,IT002,4,9.6
24520006,19,Vu Ngoc Hieu,14/04/2006,1,HK1 2024-2025,MA004,3,6.7
24520006,19,Vu Ngoc Hieu,14/04/2006,1,HK1 2024-2025,IT001,4,6.6
24520006,19,Vu Ngoc Hieu,14/04/2006,1,HK1 2024-2025,SS002,2,5.7
24520006,19,Vu Ngoc Hieu,14/04/2006,2,HK2 2024-2025,SS002,2,6.9
24520006,19,Vu Ngoc Hieu,14/04/2006,2,HK2 2024-2025,MA004,3,9.2
24520006,19,Vu Ngoc Hieu,14/04/2006,2,HK2 2024-2025,IS201,3,5.5
24520006,19,Vu Ngoc Hieu,14/04/2006,2,HK2 2024-2025,EN001,2,7.1
24520006,19,Vu Ngoc Hieu,14/04/2006,2,HK2 2024-2025,MA005,3,9.2
24520006,19,Vu Ngoc Hieu,14/04/2006,2,HK2 2024-2025,SE104,3,5.5
24520006,19,Vu Ngoc Hieu,14/04/2006,2,HK2 2024-2025,MA003,3,5.4
24520006,19,Vu Ngoc Hieu,14/04/2006,2,HK2 2024-2025,CS106,4,6.8
24520006,19,Vu Ngoc Hieu,14/04/2006,3,HK3 2024-2025,IT001,4,8.4
24520006,19,Vu Ngoc Hieu,14/04/2006,3,HK3 2024-2025,IT004,4,9.5
24520006,19,Vu Ngoc Hieu,14/04/2006,3,HK3 2024-2025,SE104,3,7.9
24520006,19,Vu Ngoc Hieu,14/04/2006,3,HK3 2024-2025,SS001,2,10.0
24520006,19,Vu Ngoc Hieu,14/04/2006,3,HK3 2024-2025,CE118,3,6.4
24520006,19,Vu Ngoc Hieu,14/04/2006,3,HK3 2024-2025,MA004,3,7.0
24520006,19,Vu Ngoc Hieu,14/04/2006,3,HK3 2024-2025,IS201,3,7.6
24520006,19,Vu Ngoc Hieu,14/04/2006,3,HK3 2024-2025,EN001,2,5.3
24520007,19,Bui Ngoc Phong,17/07/2006,1,HK1 2024-2025,IT001,4,8.6
24520007,19,Bui Ngoc Phong,17/07/2006,1,HK1 2024-2025,IT002,4,6.0
24520007,19,Bui Ngoc Phong,17/07/2006,1,HK1 2024-2025,MA005,3,5.5
24520007,19,Bui Ngoc Phong,17/07/2006,1,HK1 2024-2025,IT004,4,9.5
24520007,19,Bui Ngoc Phong,17/07/2006,1,HK1 2024-2025,IS201,3,6.5
24520007,19,Bui Ngoc Phong,17/07/2006,1,HK1 2024-2025,MA003,3,8.2
24520007,19,Bui Ngoc Phong,17/07/2006,1,HK1 2024-2025,SS002,2,5.1
24520007,19,Bui Ngoc Phong,17/07/2006,2,HK2 2024-2025,IT004,4,9.8
24520007,19,Bui Ngoc Phong,17/07/2006,2,HK2 2024-2025,SS002,2,5.5
24520007,19,Bui Ngoc Phong,17/07/2006,2,HK2 2024-2025,IT002,4,7.6
24520007,19,Bui Ngoc Phong,17/07/2006,2,HK2 2024-2025,MA005,3,5.5
24520007,19,Bui Ngoc Phong,17/07/2006,2,HK2 2024-2025,MA004,3,6.7
24520007,19,Bui Ngoc Phong,17/07/2006,2,HK2 2024-2025,SS001,2,6.6
24520007,19,Bui Ngoc Phong,17/07/2006,2,HK2 2024-2025,IT001,4,8.3
24520007,19,Bui Ngoc Phong,17/07/2006,2,HK2 2024-2025,CE118,3,5.1
24520007,19,Bui Ngoc Phong,17/07/2006,3,HK3 2024-2025,MA003,3,7.6
24520007,19,Bui Ngoc Phong,17/07/2006,3,HK3 2024-2025,IS201,3,5.4
24520007,19,Bui Ngoc Phong,17/07/2006,3,HK3 2024-2025,SS001,2,5.9
24520007,19,Bui Ngoc Phong,17/07/2006,3,HK3 2024-2025,MA004,3,8.8
24520007,19,Bui Ngoc Phong,17/07/2006,3,HK3 2024-2025,SE104,3,6.5
24520007,19,Bui Ngoc Phong,17/07/2006,3,HK3 2024-2025,EN001,2,9.8
24520008,19,Vu Xuan Trang,20/04/2006,1,HK1 2024-2025,IT002,4,5.9
24520008,19,Vu Xuan Trang,20/04/2006,1,HK1 2024-2025,CE118,3,6.6
24520008,19,Vu Xuan Trang,20/04/2006,1,HK1 2024-2025,CS106,4,9.8
24520008,19,Vu Xuan Trang,20/04/2006,1,HK1 2024-2025,MA005,3,5.1
24520008,19,Vu Xuan Trang,20/04/2006,1,HK1 2024-2025,SS002,2,8.4
24520008,19,Vu Xuan Trang,20/04/2006,1,HK1 2024-2025,PE001,1,7.5
24520008,19,Vu Xuan Trang,20/04/2006,1,HK1 2024-2025,MA004,3,7.7
24520008,19,Vu Xuan Trang,20/04/2006,1,HK1 2024-2025,IT003,4,6.3
24520008,19,Vu Xuan Trang,20/04/2006,2,HK2 2024-2025,SS001,2,8.6
24520008,19,Vu Xuan Trang,20/04/2006,2,HK2 2024-2025,MA004,3,8.0
24520008,19,Vu Xuan Trang,20/04/2006,2,HK2 2024-2025,CS106,4,8.6
24520008,19,Vu Xuan Trang,20/04/2006,2,HK2 2024-2025,IT002,4,6.4
24520008,19,Vu Xuan Trang,20/04/2006,2,HK2 2024-2025,IT003,4,6.1
24520008,19,Vu Xuan Trang,20/04/2006,2,HK2 2024-2025,IS201,3,6.2
24520008,19,Vu Xuan Trang,20/04/2006,2,HK2 2024-2025,MA005,3,7.7
24520008,19,Vu Xuan Trang,20/04/2006,3,HK3 2024-2025,IT002,4,7.5
24520008,19,Vu Xuan Trang,20/04/2006,3,HK3 2024-2025,CS106,4,9.6
24520008,19,Vu Xuan Trang,20/04/2006,3,HK3 2024-2025,MA003,3,9.0
24520008,19,Vu Xuan Trang,20/04/2006,3,HK3 2024-2025,SS002,2,5.4
24520008,19,Vu Xuan Trang,20/04/2006,3,HK3 2024-2025,CE118,3,10.0
24520008,19,Vu Xuan Trang,20/04/2006,3,HK3 2024-2025,IS201,3,9.3
24520009,19,Phan Huu Yen,21/02/2006,1,HK1 2024-2025,SS002,2,7.3
24520009,19,Phan Huu Yen,21/02/2006,1,HK1 2024-2025,SS001,2,9.9
24520009,19,Phan Huu Yen,21/02/2006,1,HK1 2024-2025,IT003,4,7.0
24520009,19,Phan Huu Yen,21/02/2006,1,HK1 2024-2025,MA003,3,6.2
24520009,19,Phan Huu Yen,21/02/2006,1,HK1 2024-2025,SE104,3,8.3
24520009,19,Phan Huu Yen,21/02/2006,1,HK1 2024-2025,MA004,3,9.7
24520009,19,Phan Huu Yen,21/02/2006,2,HK2 2024-2025,CE118,3,5.9
24520009,19,Phan Huu Yen,21/02/2006,2,HK2 2024-2025,EN001,2,6.4
24520009,19,Phan Huu Yen,21/02/2006,2,HK2 2024-2025,MA003,3,9.2
24520009,19,Phan Huu Yen,21/02/2006,2,HK2 2024-2025,MA004,3,9.8
24520009,19,Phan Huu Yen,21/02/2006,2,HK2 2024-2025,IS201,3,5.4
24520009,19,Phan Huu Yen,21/02/2006,2,HK2 2024-2025,SE104,3,8.9
24520009,19,Phan Huu Yen,21/02/2006,3,HK3 2024-2025,IT001,4,5.1
24520009,19,Phan Huu Yen,21/02/2006,3,HK3 2024-2025,IT003,4,8.9
24520009,19,Phan Huu Yen,21/02/2006,3,HK3 2024-2025,CS106,4,6.5
24520009,19,Phan Huu Yen,21/02/2006,3,HK3 2024-2025,IT002,4,5.1
24520009,19,Phan Huu Yen,21/02/2006,3,HK3 2024-2025,EN001,2,5.0
24520009,19,Phan Huu Yen,21/02/2006,3,HK3 2024-2025,PE001,1,6.2
24520009,19,Phan Huu Yen,21/02/2006,3,HK3 2024-2025,MA004,3,8.5
24520009,19,Phan Huu Yen,21/02/2006,3,HK3 2024-2025,IS201,3,10.0
24520010,19,Vo Ngoc Mai,15/01/2006,1,HK1 2024-2025,MA005,3,6.0
24520010,19,Vo Ngoc Mai,15/01/2006,1,HK1 2024-2025,IS201,3,8.8
24520010,19,Vo Ngoc Mai,15/01/2006,1,HK1 2024-2025,IT002,4,9.2
24520010,19,Vo Ngoc Mai,15/01/2006,1,HK1 2024-2025,MA004,3,7.0
24520010,19,Vo Ngoc Mai,15/01/2006,1,HK1 2024-2025,IT004,4,8.0
24520010,19,Vo Ngoc Mai,15/01/2006,1,HK1 2024-2025,MA003,3,9.4
24520010,19,Vo Ngoc Mai,15/01/2006,1,HK1 2024-2025,SE104,3,8.7
24520010,19,Vo Ngoc Mai,15/01/2006,2,HK2 2024-2025,PE001,1,8.9
24520010,19,Vo Ngoc Mai,15/01/2006,2,HK2 2024-2025,EN001,2,5.3
24520010,19,Vo Ngoc Mai,15/01/2006,2,HK2 2024-2025,MA004,3,8.6
24520010,19,Vo Ngoc Mai,15/01/2006,2,HK2 2024-2025,CS106,4,8.4
24520010,19,Vo Ngoc Mai,15/01/2006,2,HK2 2024-2025,IT002,4,8.4
24520010,19,Vo Ngoc Mai,15/01/2006,2,HK2 2024-2025,IT004,4,7.6
24520010,19,Vo Ngoc Mai,15/01/2006,2,HK2 2024-2025,IT003,4,9.9
24520010,19,Vo Ngoc Mai,15/01/2006,3,HK3 2024-2025,SS002,2,6.7
24520010,19,Vo Ngoc Mai,15/01/2006,3,HK3 2024-2025,IS201,3,9.3
24520010,19,Vo Ngoc Mai,15/01/2006,3,HK3 2024-2025,IT001,4,9.8
24520010,19,Vo Ngoc Mai,15/01/2006,3,HK3 2024-2025,EN001,2,9.0
24520010,19,Vo Ngoc Mai,15/01/2006,3,HK3 2024-2025,MA004,3,8.6
24520010,19,Vo Ngoc Mai,15/01/2006,3,HK3 2024-2025,CS106,4,6.7
24520011,19,Pham Thu Phong,24/10/2006,1,HK1 2024-2025,MA003,3,7.1
24520011,19,Pham Thu Phong,24/10/2006,1,HK1 2024-2025,PE001,1,9.8
24520011,19,Pham Thu Phong,24/10/2006,1,HK1 2024-2025,CS106,4,7.4
24520011,19,Pham Thu Phong,24/10/2006,1,HK1 2024-2025,MA005,3,8.3
24520011,19,Pham Thu Phong,24/10/2006,1,HK1 2024-2025,MA004,3,8.1
24520011,19,Pham Thu Phong,24/10/2006,1,HK1 2024-2025,IT001,4,6.2
24520011,19,Pham Thu Phong,24/10/2006,1,HK1 2024-2025,SS001,2,9.5
24520011,19,Pham Thu Phong,24/10/2006,2,HK2 2024-2025,EN001,2,9.8
24520011,19,Pham Thu Phong,24/10/2006,2,HK2 2024-2025,SE104,3,7.6
24520011,19,Pham Thu Phong,24/10/2006,2,HK2 2024-2025,PE001,1,8.6
24520011,19,Pham Thu Phong,24/10/2006,2,HK2 2024-2025,SS002,2,5.9
24520011,19,Pham Thu Phong,24/10/2006,2,HK2 2024-2025,MA004,3,5.2
24520011,19,Pham Thu Phong,24/10/2006,2,HK2 2024-2025,IT002,4,6.1
24520011,19,Pham Thu Phong,24/10/2006,3,HK3 2024-2025,MA004,3,5.5
24520011,19,Pham Thu Phong,24/10/2006,3,HK3 2024-2025,IS201,3,6.8
24520011,19,Pham Thu Phong,24/10/2006,3,HK3 2024-2025,CS106,4,8.0
24520011,19,Pham Thu Phong,24/10/2006,3,HK3 2024-2025,EN001,2,8.6
24520011,19,Pham Thu Phong,24/10/2006,3,HK3 2024-2025,MA003,3,7.6
24520011,19,Pham Thu Phong,24/10/2006,3,HK3 2024-2025,SE104,3,7.3
24520011,19,Pham Thu Phong,24/10/2006,3,HK3 2024-2025,IT002,4,8.1
24520011,19,Pham Thu Phong,24/10/2006,3,HK3 2024-2025,PE001,1,6.4
24520012,19,Bui Xuan Khoa,22/04/2006,1,HK1 2024-2025,PE001,1,8.0
24520012,19,Bui Xuan Khoa,22/04/2006,1,HK1 2024-2025,SE104,3,5.8
24520012,19,Bui Xuan Khoa,22/04/2006,1,HK1 2024-2025,IT002,4,5.6
24520012,19,Bui Xuan Khoa,22/04/2006,1,HK1 2024-2025,EN001,2,9.7
24520012,19,Bui Xuan Khoa,22/04/2006,1,HK1 2024-2025,SS002,2,5.8
24520012,19,Bui Xuan Khoa,22/04/2006,1,HK1 2024-2025,MA004,3,6.4
24520012,19,Bui Xuan Khoa,22/04/2006,1,HK1 2024-2025,MA005,3,7.3
24520012,19,Bui Xuan Khoa,22/04/2006,1,HK1 2024-2025,MA003,3,5.6
24520012,19,Bui Xuan Khoa,22/04/2006,2,HK2 2024-2025,IT003,4,9.5
24520012,19,Bui Xuan Khoa,22/04/2006,2,HK2 2024-2025,PE001,1,5.9
24520012,19,Bui Xuan Khoa,22/04/2006,2,HK2 2024-2025,IS201,3,7.4
24520012,19,Bui Xuan Khoa,22/04/2006,2,HK2 2024-2025,SE104,3,6.0
24520012,19,Bui Xuan Khoa,22/04/2006,2,HK2 2024-2025,MA005,3,5.1
24520012,19,Bui Xuan Khoa,22/04/2006,2,HK2 2024-2025,SS002,2,5.6
24520012,19,Bui Xuan Khoa,22/04/2006,2,HK2 2024-2025,SS001,2,5.8
24520012,19,Bui Xuan Khoa,22/04/2006,3,HK3 2024-2025,MA004,3,6.4
24520012,19,Bui Xuan Khoa,22/04/2006,3,HK3 2024-2025,IT001,4,9.2
24520012,19,Bui Xuan Khoa,22/04/2006,3,HK3 2024-2025,CE118,3,7.2
24520012,19,Bui Xuan Khoa,22/04/2006,3,HK3 2024-2025,MA005,3,6.8
24520012,19,Bui Xuan Khoa,22/04/2006,3,HK3 2024-2025,IS201,3,8.3
24520012,19,Bui Xuan Khoa,22/04/2006,3,HK3 2024-2025,CS106,4,8.9
24520012,19,Bui Xuan Khoa,22/04/2006,3,HK3 2024-2025,SE104,3,8.8
24520013,19,Vo Xuan Quan,25/10/2006,1,HK1 2024-2025,IT004,4,6.7
24520013,19,Vo Xuan Quan,25/10/2006,1,HK1 2024-2025,SS001,2,6.9
24520013,19,Vo Xuan Quan,25/10/2006,1,HK1 2024-2025,IT003,4,8.8
24520013,19,Vo Xuan Quan,25/10/2006,1,HK1 2024-2025,MA004,3,7.2
24520013,19,Vo Xuan Quan,25/10/2006,1,HK1 2024-2025,SS002,2,5.1
24520013,19,Vo Xuan Quan,25/10/2006,1,HK1 2024-2025,MA005,3,8.4
24520013,19,Vo Xuan Quan,25/10/2006,1,HK1 2024-2025,EN001,2,7.2
24520013,19,Vo Xuan Quan,25/10/2006,2,HK2 2024-2025,CE118,3,8.7
24520013,19,Vo Xuan Quan,25/10/2006,2,HK2 2024-2025,MA005,3,7.6
24520013,19,Vo Xuan Quan,25/10/2006,2,HK2 2024-2025,CS106,4,5.6
24520013,19,Vo Xuan Quan,25/10/2006,2,HK2 2024-2025,IS201,3,5.6
24520013,19,Vo Xuan Quan,25/10/2006,2,HK2 2024-2025,SE104,3,5.4
24520013,19,Vo Xuan Quan,25/10/2006,2,HK2 2024-2025,MA004,3,9.5
24520013,19,Vo Xuan Quan,25/10/2006,2,HK2 2024-2025,IT002,4,9.8
24520013,19,Vo Xuan Quan,25/10/2006,2,HK2 2024-2025,SS001,2,7.3
24520013,19,Vo Xuan Quan,25/10/2006,3,HK3 2024-2025,PE001,1,8.6
24520013,19,Vo Xuan Quan,25/10/2006,3,HK3 2024-2025,IT003,4,7.8
24520013,19,Vo Xuan Quan,25/10/2006,3,HK3 2024-2025,CS106,4,9.2
24520013,19,Vo Xuan Quan,25/10/2006,3,HK3 2024-2025,EN001,2,9.0
24520013,19,Vo Xuan Quan,25/10/2006,3,HK3 2024-2025,IT004,4,5.0
24520013,19,Vo Xuan Quan,25/10/2006,3,HK3 2024-2025,MA004,3,9.8
24520013,19,Vo Xuan Quan,25/10/2006,3,HK3 2024-2025,CE118,3,5.5
24520013,19,Vo Xuan Quan,25/10/2006,3,HK3 2024-2025,IS201,3,6.7
24520014,19,Do Huu Quan,23/10/2006,1,HK1 2024-2025,IT002,4,9.9
24520014,19,Do Huu Quan,23/10/2006,1,HK1 2024-2025,IS201,3,7.7
24520014,19,Do Huu Quan,23/10/2006,1,HK1 2024-2025,MA004,3,6.9
24520014,19,Do Huu Quan,23/10/2006,1,HK1 2024-2025,CS106,4,9.2
24520014,19,Do Huu Quan,23/10/2006,1,HK1 2024-2025,CE118,3,7.5
24520014,19,Do Huu Quan,23/10/2006,1,HK1 2024-2025,MA003,3,7.8
24520014,19,Do Huu Quan,23/10/2006,1,HK1 2024-2025,IT001,4,5.1
24520014,19,Do Huu Quan,23/10/2006,1,HK1 2024-2025,SS002,2,5.1
24520014,19,Do Huu Quan,23/10/2006,2,HK2 2024-2025,IS201,3,7.2
24520014,19,Do Huu Quan,23/10/2006,2,HK2 2024-2025,SS001,2,6.9
24520014,19,Do Huu Quan,23/10/2006,2,HK2 2024-2025,CS106,4,6.8
24520014,19,Do Huu Quan,23/10/2006,2,HK2 2024-2025,SE104,3,5.3
24520014,19,Do Huu Quan,23/10/2006,2,HK2 2024-2025,SS002,2,6.0
24520014,19,Do Huu Quan,23/10/2006,2,HK2 2024-2025,IT003,4,9.5
24520014,19,Do Huu Quan,23/10/2006,2,HK2 2024-2025,MA004,3,9.2
24520014,19,Do Huu Quan,23/10/2006,3,HK3 2024-2025,MA005,3,8.4
24520014,19,Do Huu Quan,23/10/2006,3,HK3 2024-2025,SS001,2,7.9
24520014,19,Do Huu Quan,23/10/2006,3,HK3 2024-2025,PE001,1,5.2
24520014,19,Do Huu Quan,23/10/2006,3,HK3 2024-2025,MA004,3,9.3
24520014,19,Do Huu Quan,23/10/2006,3,HK3 2024-2025,IT001,4,8.1
24520014,19,Do Huu Quan,23/10/2006,3,HK3 2024-2025,SS002,2,8.3
24520015,19,Hoang Xuan An,15/04/2006,1,HK1 2024-2025,MA005,3,9.7
24520015,19,Hoang Xuan An,15/04/2006,1,HK1 2024-2025,SE104,3,8.3
24520015,19,Hoang Xuan An,15/04/2006,1,HK1 2024-2025,SS002,2,8.4
24520015,19,Hoang Xuan An,15/04/2006,1,HK1 2024-2025,IT002,4,6.2
24520015,19,Hoang Xuan An,15/04/2006,1,HK1 2024-2025,EN001,2,9.5
24520015,19,Hoang Xuan An,15/04/2006,1,HK1 2024-2025,MA003,3,9.9
24520015,19,Hoang Xuan An,15/04/2006,1,HK1 2024-2025,SS001,2,8.0
24520015,19,Hoang Xuan An,15/04/2006,1,HK1 2024-2025,CE118,3,5.5
24520015,19,Hoang Xuan An,15/04/2006,2,HK2 2024-2025,CE118,3,7.5
24520015,19,Hoang Xuan An,15/04/2006,2,HK2 2024-2025,MA003,3,9.6
24520015,19,Hoang Xuan An,15/04/2006,2,HK2 2024-2025,EN001,2,9.4
24520015,19,Hoang Xuan An,15/04/2006,2,HK2 2024-2025,PE001,1,5.1
24520015,19,Hoang Xuan An,15/04/2006,2,HK2 2024-2025,IS201,3,5.1
24520015,19,Hoang Xuan An,15/04/2006,2,HK2 2024-2025,IT003,4,6.3
24520015,19,Hoang Xuan An,15/04/2006,2,HK2 2024-2025,IT002,4,8.9
24520015,19,Hoang Xuan An,15/04/2006,2,HK2 2024-2025,SS002,2,5.7
24520015,19,Hoang Xuan An,15/04/2006,3,HK3 2024-2025,MA005,3,6.5
24520015,19,Hoang Xuan An,15/04/2006,3,HK3 2024-2025,MA003,3,9.8
24520015,19,Hoang Xuan An,15/04/2006,3,HK3 2024-2025,IT002,4,6.7
24520015,19,Hoang Xuan An,15/04/2006,3,HK3 2024-2025,IT001,4,5.3
24520015,19,Hoang Xuan An,15/04/2006,3,HK3 2024-2025,CE118,3,5.7
24520015,19,Hoang Xuan An,15/04/2006,3,HK3 2024-2025,EN001,2,5.5
24520015,19,Hoang Xuan An,15/04/2006,3,HK3 2024-2025,IS201,3,8.6
24520016,19,Huynh Van Mai,10/09/2006,1,HK1 2024-2025,IT002,4,6.2
24520016,19,Huynh Van Mai,10/09/2006,1,HK1 2024-2025,IT003,4,5.3
24520016,19,Huynh Van Mai,10/09/2006,1,HK1 2024-2025,IT004,4,5.1
24520016,19,Huynh Van Mai,10/09/2006,1,HK1 2024-2025,MA005,3,7.4
24520016,19,Huynh Van Mai,10/09/2006,1,HK1 2024-2025,CS106,4,6.9
24520016,19,Huynh Van Mai,10/09/2006,1,HK1 2024-2025,SS002,2,6.3
24520016,19,Huynh Van Mai,10/09/2006,2,HK2 2024-2025,EN001,2,5.9
24520016,19,Huynh Van Mai,10/09/2006,2,HK2 2024-2025,PE001,1,6.2
24520016,19,Huynh Van Mai,10/09/2006,2,HK2 2024-2025,IS201,3,5.9
24520016,19,Huynh Van Mai,10/09/2006,2,HK2 2024-2025,IT001,4,7.7
24520016,19,Huynh Van Mai,10/09/2006,2,HK2 2024-2025,SS001,2,7.5
24520016,19,Huynh Van Mai,10/09/2006,2,HK2 2024-2025,SS002,2,9.3
24520016,19,Huynh Van Mai,10/09/2006,2,HK2 2024-2025,CS106,4,7.6
24520016,19,Huynh Van Mai,10/09/2006,2,HK2 2024-2025,IT003,4,8.3
24520016,19,Huynh Van Mai,10/09/2006,3,HK3 2024-2025,CS106,4,7.0
24520016,19,Huynh Van Mai,10/09/2006,3,HK3 2024-2025,IT002,4,8.8
24520016,19,Huynh Van Mai,10/09/2006,3,HK3 2024-2025,PE001,1,8.4
24520016,19,Huynh Van Mai,10/09/2006,3,HK3 2024-2025,MA004,3,6.4
24520016,19,Huynh Van Mai,10/09/2006,3,HK3 2024-2025,IT001,4,6.2
24520016,19,Huynh Van Mai,10/09/2006,3,HK3 2024-2025,IT004,4,7.8
24520017,19,Tran Thu An,14/07/2006,1,HK1 2024-2025,SS002,2,8.6
24520017,19,Tran Thu An,14/07/2006,1,HK1 2024-2025,CS106,4,8.7
24520017,19,Tran Thu An,14/07/2006,1,HK1 2024-2025,SE104,3,8.6
24520017,19,Tran Thu An,14/07/2006,1,HK1 2024-2025,EN001,2,6.0
24520017,19,Tran Thu An,14/07/2006,1,HK1 2024-2025,IT003,4,9.5
24520017,19,Tran Thu An,14/07/2006,1,HK1 2024-2025,MA005,3,9.2
24520017,19,Tran Thu An,14/07/2006,2,HK2 2024-2025,IT004,4,9.9
24520017,19,Tran Thu An,14/07/2006,2,HK2 2024-2025,MA003,3,6.3
24520017,19,Tran Thu An,14/07/2006,2,HK2 2024-2025,IT002,4,7.7
24520017,19,Tran Thu An,14/07/2006,2,HK2 2024-2025,SS002,2,6.5
24520017,19,Tran Thu An,14/07/2006,2,HK2 2024-2025,SS001,2,6.7
24520017,19,Tran Thu An,14/07/2006,2,HK2 2024-2025,CS106,4,5.3
24520017,19,Tran Thu An,14/07/2006,3,HK3 2024-2025,IT003,4,7.4
24520017,19,Tran Thu An,14/07/2006,3,HK3 2024-2025,IS201,3,9.6
24520017,19,Tran Thu An,14/07/2006,3,HK3 2024-2025,IT001,4,6.2
24520017,19,Tran Thu An,14/07/2006,3,HK3 2024-2025,IT002,4,7.0
24520017,19,Tran Thu An,14/07/2006,3,HK3 2024-2025,IT004,4,9.1
24520017,19,Tran Thu An,14/07/2006,3,HK3 2024-2025,MA004,3,5.6
24520017,19,Tran Thu An,14/07/2006,3,HK3 2024-2025,EN001,2,9.7
24520018,19,Pham Minh An,11/06/2006,1,HK1 2024-2025,SE104,3,6.5
24520018,19,Pham Minh An,11/06/2006,1,HK1 2024-2025,CE118,3,7.8
24520018,19,Pham Minh An,11/06/2006,1,HK1 2024-2025,EN001,2,8.5
24520018,19,Pham Minh An,11/06/2006,1,HK1 2024-2025,PE001,1,8.5
24520018,19,Pham Minh An,11/06/2006,1,HK1 2024-2025,MA004,3,6.8
24520018,19,Pham Minh An,11/06/2006,1,HK1 2024-2025,IT001,4,6.5
24520018,19,Pham Minh An,11/06/2006,1,HK1 2024-2025,MA005,3,7.3
24520018,19,Pham Minh An,11/06/2006,2,HK2 2024-2025,IT001,4,7.9
24520018,19,Pham Minh An,11/06/2006,2,HK2 2024-2025,EN001,2,7.2
24520018,19,Pham Minh An,11/06/2006,2,HK2 2024-2025,IT002,4,7.1
24520018,19,Pham Minh An,11/06/2006,2,HK2 2024-2025,SS001,2,6.5
24520018,19,Pham Minh An,11/06/2006,2,HK2 2024-2025,CE118,3,7.3
24520018,19,Pham Minh An,11/06/2006,2,HK2 2024-2025,SS002,2,7.3
24520018,19,Pham Minh An,11/06/2006,3,HK3 2024-2025,MA005,3,5.8
24520018,19,Pham Minh An,11/06/2006,3,HK3 2024-2025,CS106,4,7.0
24520018,19,Pham Minh An,11/06/2006,3,HK3 2024-2025,PE001,1,7.7
24520018,19,Pham Minh An,11/06/2006,3,HK3 2024-2025,EN001,2,6.2
24520018,19,Pham Minh An,11/06/2006,3,HK3 2024-2025,IT001,4,9.8
24520018,19,Pham Minh An,11/06/2006,3,HK3 2024-2025,IT004,4,8.4
24520018,19,Pham Minh An,11/06/2006,3,HK3 2024-2025,CE118,3,7.0
24520018,19,Pham Minh An,11/06/2006,3,HK3 2024-2025,SE104,3,9.1
24520019,19,Nguyen Thi Trang,19/08/2006,1,HK1 2024-2025,CE118,3,8.5
24520019,19,Nguyen Thi Trang,19/08/2006,1,HK1 2024-2025,SE104,3,6.8
24520019,19,Nguyen Thi Trang,19/08/2006,1,HK1 2024-2025,PE001,1,5.4
24520019,19,Nguyen Thi Trang,19/08/2006,1,HK1 2024-2025,IS201,3,8.1
24520019,19,Nguyen Thi Trang,19/08/2006,1,HK1 2024-2025,CS106,4,6.1
24520019,19,Nguyen Thi Trang,19/08/2006,1,HK1 2024-2025,IT003,4,8.6
24520019,19,Nguyen Thi Trang,19/08/2006,1,HK1 2024-2025,MA003,3,9.1
24520019,19,Nguyen Thi Trang,19/08/2006,2,HK2 2024-2025,SE104,3,5.4
24520019,19,Nguyen Thi Trang,19/08/2006,2,HK2 2024-2025,MA004,3,8.2
24520019,19,Nguyen Thi Trang,19/08/2006,2,HK2 2024-2025,SS002,2,9.0
24520019,19,Nguyen Thi Trang,19/08/2006,2,HK2 2024-2025,MA005,3,5.5
24520019,19,Nguyen Thi Trang,19/08/2006,2,HK2 2024-2025,SS001,2,9.6
24520019,19,Nguyen Thi Trang,19/08/2006,2,HK2 2024-2025,IT001,4,9.0
24520019,19,Nguyen Thi Trang,19/08/2006,3,HK3 2024-2025,CS106,4,8.8
24520019,19,Nguyen Thi Trang,19/08/2006,3,HK3 2024-2025,PE001,1,9.5
24520019,19,Nguyen Thi Trang,19/08/2006,3,HK3 2024-2025,SS001,2,6.3
24520019,19,Nguyen Thi Trang,19/08/2006,3,HK3 2024-2025,IT002,4,7.3
24520019,19,Nguyen Thi Trang,19/08/2006,3,HK3 2024-2025,MA005,3,8.3
24520019,19,Nguyen Thi Trang,19/08/2006,3,HK3 2024-2025,SS002,2,9.1
24520019,19,Nguyen Thi Trang,19/08/2006,3,HK3 2024-2025,MA003,3,7.6
24520020,19,Tran Minh Quan,08/02/2006,1,HK1 2024-2025,PE001,1,9.0
24520020,19,Tran Minh Quan,08/02/2006,1,HK1 2024-2025,CE118,3,6.2
24520020,19,Tran Minh Quan,08/02/2006,1,HK1 2024-2025,MA003,3,5.1
24520020,19,Tran Minh Quan,08/02/2006,1,HK1 2024-2025,CS106,4,9.3
24520020,19,Tran Minh Quan,08/02/2006,1,HK1 2024-2025,IS201,3,8.2
24520020,19,Tran Minh Quan,08/02/2006,1,HK1 2024-2025,SE104,3,6.5
24520020,19,Tran Minh Quan,08/02/2006,1,HK1 2024-2025,IT004,4,6.6
24520020,19,Tran Minh Quan,08/02/2006,2,HK2 2024-2025,SE104,3,8.4
24520020,19,Tran Minh Quan,08/02/2006,2,HK2 2024-2025,IT004,4,9.3
24520020,19,Tran Minh Quan,08/02/2006,2,HK2 2024-2025,SS001,2,8.4
24520020,19,Tran Minh Quan,08/02/2006,2,HK2 2024-2025,MA004,3,7.6
24520020,19,Tran Minh Quan,08/02/2006,2,HK2 2024-2025,PE001,1,8.7
24520020,19,Tran Minh Quan,08/02/2006,2,HK2 2024-2025,CS106,4,6.4
24520020,19,Tran Minh Quan,08/02/2006,3,HK3 2024-2025,IS201,3,7.1
24520020,19,Tran Minh Quan,08/02/2006,3,HK3 2024-2025,IT003,4,6.0
24520020,19,Tran Minh Quan,08/02/2006,3,HK3 2024-2025,EN001,2,8.7
24520020,19,Tran Minh Quan,08/02/2006,3,HK3 2024-2025,IT004,4,6.9
24520020,19,Tran Minh Quan,08/02/2006,3,HK3 2024-2025,SS001,2,7.5
24520020,19,Tran Minh Quan,08/02/2006,3,HK3 2024-2025,MA004,3,6.9
24520020,19,Tran Minh Quan,08/02/2006,3,HK3 2024-2025,IT002,4,8.7
24520020,19,Tran Minh Quan,08/02/2006,3,HK3 2024-2025,PE001,1,8.7
24520021,19,Le Thi An,28/03/2006,1,HK1 2024-2025,CE118,3,6.5
24520021,19,Le Thi An,28/03/2006,1,HK1 2024-2025,MA004,3,7.3
24520021,19,Le Thi An,28/03/2006,1,HK1 2024-2025,PE001,1,5.9
24520021,19,Le Thi An,28/03/2006,1,HK1 2024-2025,EN001,2,9.0
24520021,19,Le Thi An,28/03/2006,1,HK1 2024-2025,IT004,4,7.9
24520021,19,Le Thi An,28/03/2006,1,HK1 2024-2025,MA005,3,6.7
24520021,19,Le Thi An,28/03/2006,2,HK2 2024-2025,EN001,2,6.1
24520021,19,Le Thi An,28/03/2006,2,HK2 2024-2025,SE104,3,9.5
24520021,19,Le Thi An,28/03/2006,2,HK2 2024-2025,MA004,3,5.5
24520021,19,Le Thi An,28/03/2006,2,HK2 2024-2025,IT001,4,9.6
24520021,19,Le Thi An,28/03/2006,2,HK2 2024-2025,CE118,3,5.7
24520021,19,Le Thi An,28/03/2006,2,HK2 2024-2025,SS002,2,5.8
24520021,19,Le Thi An,28/03/2006,2,HK2 2024-2025,SS001,2,9.3
24520021,19,Le Thi An,28/03/2006,2,HK2 2024-2025,IS201,3,9.8
24520021,19,Le Thi An,28/03/2006,3,HK3 2024-2025,MA003,3,6.4
24520021,19,Le Thi An,28/03/2006,3,HK3 2024-2025,SS002,2,8.5
24520021,19,Le Thi An,28/03/2006,3,HK3 2024-2025,IT003,4,9.3
24520021,19,Le Thi An,28/03/2006,3,HK3 2024-2025,IS201,3,6.0
24520021,19,Le Thi An,28/03/2006,3,HK3 2024-2025,EN001,2,8.4
24520021,19,Le Thi An,28/03/2006,3,HK3 2024-2025,SS001,2,9.1
24520021,19,Le Thi An,28/03/2006,3,HK3 2024-2025,SE104,3,10.0
24520022,19,Do Xuan Duy,19/08/2006,1,HK1 2024-2025,SS001,2,8.1
24520022,19,Do Xuan Duy,19/08/2006,1,HK1 2024-2025,CE118,3,8.8
24520022,19,Do Xuan Duy,19/08/2006,1,HK1 2024-2025,IT003,4,7.4
24520022,19,Do Xuan Duy,19/08/2006,1,HK1 2024-2025,SS002,2,9.6
24520022,19,Do Xuan Duy,19/08/2006,1,HK1 2024-2025,SE104,3,7.4
24520022,19,Do Xuan Duy,19/08/2006,1,HK1 2024-2025,MA003,3,7.2
24520022,19,Do Xuan Duy,19/08/2006,2,HK2 2024-2025,EN001,2,8.1
24520022,19,Do Xuan Duy,19/08/2006,2,HK2 2024-2025,CS106,4,5.9
24520022,19,Do Xuan Duy,19/08/2006,2,HK2 2024-2025,SE104,3,8.7
24520022,19,Do Xuan Duy,19/08/2006,2,HK2 2024-2025,IS201,3,6.6
24520022,19,Do Xuan Duy,19/08/2006,2,HK2 2024-2025,MA004,3,8.7
24520022,19,Do Xuan Duy,19/08/2006,2,HK2 2024-2025,MA005,3,5.2
24520022,19,Do Xuan Duy,19/08/2006,2,HK2 2024-2025,SS001,2,9.1
24520022,19,Do Xuan Duy,19/08/2006,3,HK3 2024-2025,SS002,2,8.9
24520022,19,Do Xuan Duy,19/08/2006,3,HK3 2024-2025,MA003,3,9.3
24520022,19,Do Xuan Duy,19/08/2006,3,HK3 2024-2025,IT001,4,9.1
24520022,19,Do Xuan Duy,19/08/2006,3,HK3 2024-2025,SE104,3,7.6
24520022,19,Do Xuan Duy,19/08/2006,3,HK3 2024-2025,IT002,4,6.0
24520022,19,Do Xuan Duy,19/08/2006,3,HK3 2024-2025,MA004,3,5.5
24520022,19,Do Xuan Duy,19/08/2006,3,HK3 2024-2025,SS001,2,9.8
24520023,19,Le Van Binh,03/03/2006,1,HK1 2024-2025,EN001,2,9.1
24520023,19,Le Van Binh,03/03/2006,1,HK1 2024-2025,MA003,3,8.9
24520023,19,Le Van Binh,03/03/2006,1,HK1 2024-2025,SS002,2,7.4
24520023,19,Le Van Binh,03/03/2006,1,HK1 2024-2025,IT001,4,7.8
24520023,19,Le Van Binh,03/03/2006,1,HK1 2024-2025,IT002,4,7.1
24520023,19,Le Van Binh,03/03/2006,1,HK1 2024-2025,IT004,4,9.8
24520023,19,Le Van Binh,03/03/2006,2,HK2 2024-2025,CE118,3,9.8
24520023,19,Le Van Binh,03/03/2006,2,HK2 2024-2025,SS001,2,7.3
24520023,19,Le Van Binh,03/03/2006,2,HK2 2024-2025,IS201,3,8.2
24520023,19,Le Van Binh,03/03/2006,2,HK2 2024-2025,IT003,4,8.7
24520023,19,Le Van Binh,03/03/2006,2,HK2 2024-2025,PE001,1,9.1
24520023,19,Le Van Binh,03/03/2006,2,HK2 2024-2025,MA004,3,9.3
24520023,19,Le Van Binh,03/03/2006,2,HK2 2024-2025,MA005,3,9.0
24520023,19,Le Van Binh,03/03/2006,3,HK3 2024-2025,MA003,3,5.7
24520023,19,Le Van Binh,03/03/2006,3,HK3 2024-2025,PE001,1,7.3
24520023,19,Le Van Binh,03/03/2006,3,HK3 2024-2025,IT004,4,5.9
24520023,19,Le Van Binh,03/03/2006,3,HK3 2024-2025,IS201,3,6.5
24520023,19,Le Van Binh,03/03/2006,3,HK3 2024-2025,SS001,2,7.8
24520023,19,Le Van Binh,03/03/2006,3,HK3 2024-2025,MA004,3,7.8
24520024,19,Hoang Gia Chau,15/09/2006,1,HK1 2024-2025,MA005,3,9.8
24520024,19,Hoang Gia Chau,15/09/2006,1,HK1 2024-2025,IT004,4,5.8
24520024,19,Hoang Gia Chau,15/09/2006,1,HK1 2024-2025,CS106,4,9.7
24520024,19,Hoang Gia Chau,15/09/2006,1,HK1 2024-2025,PE001,1,7.5
24520024,19,Hoang Gia Chau,15/09/2006,1,HK1 2024-2025,SE104,3,5.8
24520024,19,Hoang Gia Chau,15/09/2006,1,HK1 2024-2025,IS201,3,8.8
24520024,19,Hoang Gia Chau,15/09/2006,2,HK2 2024-2025,EN001,2,9.1
24520024,19,Hoang Gia Chau,15/09/2006,2,HK2 2024-2025,IT001,4,7.3
24520024,19,Hoang Gia Chau,15/09/2006,2,HK2 2024-2025,CE118,3,9.6
24520024,19,Hoang Gia Chau,15/09/2006,2,HK2 2024-2025,MA005,3,6.4
24520024,19,Hoang Gia Chau,15/09/2006,2,HK2 2024-2025,IS201,3,8.7
24520024,19,Hoang Gia Chau,15/09/2006,2,HK2 2024-2025,IT004,4,5.3
24520024,19,Hoang Gia Chau,15/09/2006,2,HK2 2024-2025,SE104,3,8.1
24520024,19,Hoang Gia Chau,15/09/2006,2,HK2 2024-2025,CS106,4,8.7
24520024,19,Hoang Gia Chau,15/09/2006,3,HK3 2024-2025,MA005,3,9.0
24520024,19,Hoang Gia Chau,15/09/2006,3,HK3 2024-2025,MA003,3,8.1
24520024,19,Hoang Gia Chau,15/09/2006,3,HK3 2024-2025,SE104,3,5.7
24520024,19,Hoang Gia Chau,15/09/2006,3,HK3 2024-2025,PE001,1,6.7
24520024,19,Hoang Gia Chau,15/09/2006,3,HK3 2024-2025,SS001,2,6.7
24520024,19,Hoang Gia Chau,15/09/2006,3,HK3 2024-2025,CE118,3,8.8
24520024,19,Hoang Gia Chau,15/09/2006,3,HK3 2024-2025,SS002,2,6.3
24520025,19,Pham Gia Linh,06/11/2006,1,HK1 2024-2025,SS002,2,8.4
24520025,19,Pham Gia Linh,06/11/2006,1,HK1 2024-2025,IS201,3,8.2
24520025,19,Pham Gia Linh,06/11/2006,1,HK1 2024-2025,IT002,4,5.3
24520025,19,Pham Gia Linh,06/11/2006,1,HK1 2024-2025,MA004,3,9.3
24520025,19,Pham Gia Linh,06/11/2006,1,HK1 2024-2025,IT001,4,5.9
24520025,19,Pham Gia Linh,06/11/2006,1,HK1 2024-2025,SE104,3,8.8
24520025,19,Pham Gia Linh,06/11/2006,1,HK1 2024-2025,IT004,4,8.2
24520025,19,Pham Gia Linh,06/11/2006,1,HK1 2024-2025,EN001,2,6.5
24520025,19,Pham Gia Linh,06/11/2006,2,HK2 2024-2025,EN001,2,6.9
24520025,19,Pham Gia Linh,06/11/2006,2,HK2 2024-2025,SS001,2,8.0
24520025,19,Pham Gia Linh,06/11/2006,2,HK2 2024-2025,MA003,3,10.0
24520025,19,Pham Gia Linh,06/11/2006,2,HK2 2024-2025,PE001,1,7.6
24520025,19,Pham Gia Linh,06/11/2006,2,HK2 2024-2025,IT002,4,9.9
24520025,19,Pham Gia Linh,06/11/2006,2,HK2 2024-2025,IS201,3,7.3
24520025,19,Pham Gia Linh,06/11/2006,3,HK3 2024-2025,CS106,4,8.7
24520025,19,Pham Gia Linh,06/11/2006,3,HK3 2024-2025,SE104,3,8.4
24520025,19,Pham Gia Linh,06/11/2006,3,HK3 2024-2025,IT001,4,6.9
24520025,19,Pham Gia Linh,06/11/2006,3,HK3 2024-2025,IT003,4,6.8
24520025,19,Pham Gia Linh,06/11/2006,3,HK3 2024-2025,PE001,1,5.6
24520025,19,Pham Gia Linh,06/11/2006,3,HK3 2024-2025,CE118,3,5.2
24520026,19,Phan Thu Khoa,02/03/2006,1,HK1 2024-2025,MA005,3,8.9
24520026,19,Phan Thu Khoa,02/03/2006,1,HK1 2024-2025,PE001,1,7.6
24520026,19,Phan Thu Khoa,02/03/2006,1,HK1 2024-2025,MA003,3,8.4
24520026,19,Phan Thu Khoa,02/03/2006,1,HK1 2024-2025,SE104,3,8.6
24520026,19,Phan Thu Khoa,02/03/2006,1,HK1 2024-2025,SS001,2,6.4
24520026,19,Phan Thu Khoa,02/03/2006,1,HK1 2024-2025,CS106,4,8.6
24520026,19,Phan Thu Khoa,02/03/2006,1,HK1 2024-2025,IT004,4,8.7
24520026,19,Phan Thu Khoa,02/03/2006,1,HK1 2024-2025,MA004,3,6.8
24520026,19,Phan Thu Khoa,02/03/2006,2,HK2 2024-2025,MA003,3,8.3
24520026,19,Phan Thu Khoa,02/03/2006,2,HK2 2024-2025,SS001,2,9.5
24520026,19,Phan Thu Khoa,02/03/2006,2,HK2 2024-2025,IT003,4,8.2
24520026,19,Phan Thu Khoa,02/03/2006,2,HK2 2024-2025,IT001,4,8.8
24520026,19,Phan Thu Khoa,02/03/2006,2,HK2 2024-2025,IS201,3,8.4
24520026,19,Phan Thu Khoa,02/03/2006,2,HK2 2024-2025,CE118,3,7.0
24520026,19,Phan Thu Khoa,02/03/2006,2,HK2 2024-2025,MA005,3,5.8
24520026,19,Phan Thu Khoa,02/03/2006,3,HK3 2024-2025,CE118,3,8.3
24520026,19,Phan Thu Khoa,02/03/2006,3,HK3 2024-2025,MA005,3,9.5
24520026,19,Phan Thu Khoa,02/03/2006,3,HK3 2024-2025,EN001,2,7.4
24520026,19,Phan Thu Khoa,02/03/2006,3,HK3 2024-2025,PE001,1,7.7
24520026,19,Phan Thu Khoa,02/03/2006,3,HK3 2024-2025,MA004,3,9.9
24520026,19,Phan Thu Khoa,02/03/2006,3,HK3 2024-2025,IT001,4,6.4
24520026,19,Phan Thu Khoa,02/03/2006,3,HK3 2024-2025,MA003,3,6.3
24520026,19,Phan Thu Khoa,02/03/2006,3,HK3 2024-2025,SS001,2,8.2
24520027,19,Pham Xuan Chau,01/01/2006,1,HK1 2024-2025,IT002,4,8.1
24520027,19,Pham Xuan Chau,01/01/2006,1,HK1 2024-2025,IS201,3,9.7
24520027,19,Pham Xuan Chau,01/01/2006,1,HK1 2024-2025,IT003,4,6.1
24520027,19,Pham Xuan Chau,01/01/2006,1,HK1 2024-2025,MA004,3,6.6
24520027,19,Pham Xuan Chau,01/01/2006,1,HK1 2024-2025,IT004,4,5.3
24520027,19,Pham Xuan Chau,01/01/2006,1,HK1 2024-2025,SE104,3,9.5
24520027,19,Pham Xuan Chau,01/01/2006,1,HK1 2024-2025,CE118,3,9.0
24520027,19,Pham Xuan Chau,01/01/2006,2,HK2 2024-2025,IT004,4,5.7
24520027,19,Pham Xuan Chau,01/01/2006,2,HK2 2024-2025,MA004,3,9.0
24520027,19,Pham Xuan Chau,01/01/2006,2,HK2 2024-2025,SE104,3,7.3
24520027,19,Pham Xuan Chau,01/01/2006,2,HK2 2024-2025,IT001,4,8.3
24520027,19,Pham Xuan Chau,01/01/2006,2,HK2 2024-2025,EN001,2,5.6
24520027,19,Pham Xuan Chau,01/01/2006,2,HK2 2024-2025,IS201,3,8.1
24520027,19,Pham Xuan Chau,01/01/2006,2,HK2 2024-2025,MA005,3,8.2
24520027,19,Pham Xuan Chau,01/01/2006,2,HK2 2024-2025,PE001,1,10.0
24520027,19,Pham Xuan Chau,01/01/2006,3,HK3 2024-2025,CE118,3,7.4
24520027,19,Pham Xuan Chau,01/01/2006,3,HK3 2024-2025,MA003,3,5.9
24520027,19,Pham Xuan Chau,01/01/2006,3,HK3 2024-2025,IS201,3,9.4
24520027,19,Pham Xuan Chau,01/01/2006,3,HK3 2024-2025,MA004,3,5.2
24520027,19,Pham Xuan Chau,01/01/2006,3,HK3 2024-2025,EN001,2,6.5
24520027,19,Pham Xuan Chau,01/01/2006,3,HK3 2024-2025,SE104,3,6.5
24520027,19,Pham Xuan Chau,01/01/2006,3,HK3 2024-2025,SS001,2,6.0
24520028,19,Pham Huu Khoa,20/08/2006,1,HK1 2024-2025,IT001,4,8.5
24520028,19,Pham Huu Khoa,20/08/2006,1,HK1 2024-2025,CS106,4,6.9
24520028,19,Pham Huu Khoa,20/08/2006,1,HK1 2024-2025,PE001,1,9.0
24520028,19,Pham Huu Khoa,20/08/2006,1,HK1 2024-2025,IT004,4,9.3
24520028,19,Pham Huu Khoa,20/08/2006,1,HK1 2024-2025,MA003,3,5.2
24520028,19,Pham Huu Khoa,20/08/2006,1,HK1 2024-2025,IT002,4,8.9
24520028,19,Pham Huu Khoa,20/08/2006,1,HK1 2024-2025,SS002,2,9.9
24520028,19,Pham Huu Khoa,20/08/2006,1,HK1 2024-2025,MA004,3,7.6
24520028,19,Pham Huu Khoa,20/08/2006,2,HK2 2024-2025,IS201,3,8.1
24520028,19,Pham Huu Khoa,20/08/2006,2,HK2 2024-2025,IT004,4,7.1
24520028,19,Pham Huu Khoa,20/08/2006,2,HK2 2024-2025,PE001,1,5.0
24520028,19,Pham Huu Khoa,20/08/2006,2,HK2 2024-2025,SE104,3,8.7
24520028,19,Pham Huu Khoa,20/08/2006,2,HK2 2024-2025,SS001,2,9.1
24520028,19,Pham Huu Khoa,20/08/2006,2,HK2 2024-2025,IT002,4,7.0
24520028,19,Pham Huu Khoa,20/08/2006,2,HK2 2024-2025,IT003,4,6.9
24520028,19,Pham Huu Khoa,20/08/2006,3,HK3 2024-2025,IT002,4,6.6
24520028,19,Pham Huu Khoa,20/08/2006,3,HK3 2024-2025,SS002,2,6.7
24520028,19,Pham Huu Khoa,20/08/2006,3,HK3 2024-2025,MA005,3,6.6
24520028,19,Pham Huu Khoa,20/08/2006,3,HK3 2024-2025,IT004,4,6.1
24520028,19,Pham Huu Khoa,20/08/2006,3,HK3 2024-2025,PE001,1,7.0
24520028,19,Pham Huu Khoa,20/08/2006,3,HK3 2024-2025,CS106,4,7.5
24520028,19,Pham Huu Khoa,20/08/2006,3,HK3 2024-2025,CE118,3,6.2
24520029,19,Vu Van Mai,04/12/2006,1,HK1 2024-2025,IT001,4,9.7
24520029,19,Vu Van Mai,04/12/2006,1,HK1 2024-2025,SE104,3,9.1
24520029,19,Vu Van Mai,04/12/2006,1,HK1 2024-2025,IT002,4,7.9
24520029,19,Vu Van Mai,04/12/2006,1,HK1 2024-2025,EN001,2,8.4
24520029,19,Vu Van Mai,04/12/2006,1,HK1 2024-2025,CS106,4,9.0
24520029,19,Vu Van Mai,04/12/2006,1,HK1 2024-2025,IT004,4,5.9
24520029,19,Vu Van Mai,04/12/2006,2,HK2 2024-2025,SS002,2,6.6
24520029,19,Vu Van Mai,04/12/2006,2,HK2 2024-2025,IT002,4,7.3
24520029,19,Vu Van Mai,04/12/2006,2,HK2 2024-2025,MA004,3,6.7
24520029,19,Vu Van Mai,04/12/2006,2,HK2 2024-2025,IT004,4,5.9
24520029,19,Vu Van Mai,04/12/2006,2,HK2 2024-2025,SE104,3,8.4
24520029,19,Vu Van Mai,04/12/2006,2,HK2 2024-2025,IT003,4,6.6
24520029,19,Vu Van Mai,04/12/2006,3,HK3 2024-2025,MA005,3,6.0
24520029,19,Vu Van Mai,04/12/2006,3,HK3 2024-2025,SS001,2,8.7
24520029,19,Vu Van Mai,04/12/2006,3,HK3 2024-2025,SE104,3,8.3
24520029,19,Vu Van Mai,04/12/2006,3,HK3 2024-2025,MA004,3,8.3
24520029,19,Vu Van Mai,04/12/2006,3,HK3 2024-2025,MA003,3,7.1
24520029,19,Vu Van Mai,04/12/2006,3,HK3 2024-2025,IT004,4,8.8
24520029,19,Vu Van Mai,04/12/2006,3,HK3 2024-2025,CE118,3,6.1
24520030,19,Pham Minh Khoa,14/08/2006,1,HK1 2024-2025,IT004,4,5.1
24520030,19,Pham Minh Khoa,14/08/2006,1,HK1 2024-2025,IS201,3,6.8
24520030,19,Pham Minh Khoa,14/08/2006,1,HK1 2024-2025,MA004,3,8.3
24520030,19,Pham Minh Khoa,14/08/2006,1,HK1 2024-2025,SE104,3,9.7
24520030,19,Pham Minh Khoa,14/08/2006,1,HK1 2024-2025,CS106,4,9.8
24520030,19,Pham Minh Khoa,14/08/2006,1,HK1 2024-2025,SS001,2,5.1
24520030,19,Pham Minh Khoa,14/08/2006,1,HK1 2024-2025,EN001,2,7.1
24520030,19,Pham Minh Khoa,14/08/2006,1,HK1 2024-2025,SS002,2,8.6
24520030,19,Pham Minh Khoa,14/08/2006,2,HK2 2024-2025,MA004,3,10.0
24520030,19,Pham Minh Khoa,14/08/2006,2,HK2 2024-2025,CE118,3,9.6
24520030,19,Pham Minh Khoa,14/08/2006,2,HK2 2024-2025,CS106,4,8.0
24520030,19,Pham Minh Khoa,14/08/2006,2,HK2 2024-2025,SS001,2,5.0
24520030,19,Pham Minh Khoa,14/08/2006,2,HK2 2024-2025,EN001,2,5.5
24520030,19,Pham Minh Khoa,14/08/2006,2,HK2 2024-2025,IT002,4,5.2
24520030,19,Pham Minh Khoa,14/08/2006,2,HK2 2024-2025,SE104,3,8.6
24520030,19,Pham Minh Khoa,14/08/2006,3,HK3 2024-2025,IS201,3,8.7
24520030,19,Pham Minh Khoa,14/08/2006,3,HK3 2024-2025,MA005,3,6.1
24520030,19,Pham Minh Khoa,14/08/2006,3,HK3 2024-2025,IT002,4,7.6
24520030,19,Pham Minh Khoa,14/08/2006,3,HK3 2024-2025,SS002,2,5.3
24520030,19,Pham Minh Khoa,14/08/2006,3,HK3 2024-2025,SE104,3,5.3
24520030,19,Pham Minh Khoa,14/08/2006,3,HK3 2024-2025,MA004,3,7.2
24520030,19,Pham Minh Khoa,14/08/2006,3,HK3 2024-2025,CE118,3,9.8
24520030,19,Pham Minh Khoa,14/08/2006,3,HK3 2024-2025,IT004,4,6.6
24520031,19,Dang Minh Chau,23/11/2006,1,HK1 2024-2025,SS001,2,6.5
24520031,19,Dang Minh Chau,23/11/2006,1,HK1 2024-2025,CS106,4,6.5
24520031,19,Dang Minh Chau,23/11/2006,1,HK1 2024-2025,MA003,3,5.3
24520031,19,Dang Minh Chau,23/11/2006,1,HK1 2024-2025,MA004,3,7.6
24520031,19,Dang Minh Chau,23/11/2006,1,HK1 2024-2025,CE118,3,6.6
24520031,19,Dang Minh Chau,23/11/2006,1,HK1 2024-2025,IS201,3,5.0
24520031,19,Dang Minh Chau,23/11/2006,2,HK2 2024-2025,CE118,3,8.3
24520031,19,Dang Minh Chau,23/11/2006,2,HK2 2024-2025,IT001,4,8.6
24520031,19,Dang Minh Chau,23/11/2006,2,HK2 2024-2025,MA005,3,7.5
24520031,19,Dang Minh Chau,23/11/2006,2,HK2 2024-2025,EN001,2,5.7
24520031,19,Dang Minh Chau,23/11/2006,2,HK2 2024-2025,IT003,4,9.3
24520031,19,Dang Minh Chau,23/11/2006,2,HK2 2024-2025,IT002,4,10.0
24520031,19,Dang Minh Chau,23/11/2006,2,HK2 2024-2025,SS001,2,7.2
24520031,19,Dang Minh Chau,23/11/2006,3,HK3 2024-2025,CE118,3,6.9
24520031,19,Dang Minh Chau,23/11/2006,3,HK3 2024-2025,MA005,3,6.2
24520031,19,Dang Minh Chau,23/11/2006,3,HK3 2024-2025,IT003,4,6.2
24520031,19,Dang Minh Chau,23/11/2006,3,HK3 2024-2025,IT001,4,6.0
24520031,19,Dang Minh Chau,23/11/2006,3,HK3 2024-2025,IT002,4,9.3
24520031,19,Dang Minh Chau,23/11/2006,3,HK3 2024-2025,SS001,2,7.5
24520031,19,Dang Minh Chau,23/11/2006,3,HK3 2024-2025,IS201,3,8.4
24520032,19,Hoang Van Trang,09/09/2006,1,HK1 2024-2025,IT001,4,5.6
24520032,19,Hoang Van Trang,09/09/2006,1,HK1 2024-2025,CS106,4,7.1
24520032,19,Hoang Van Trang,09/09/2006,1,HK1 2024-2025,SE104,3,9.2
24520032,19,Hoang Van Trang,09/09/2006,1,HK1 2024-2025,IS201,3,8.0
24520032,19,Hoang Van Trang,09/09/2006,1,HK1 2024-2025,EN001,2,7.5
24520032,19,Hoang Van Trang,09/09/2006,1,HK1 2024-2025,SS002,2,8.7
24520032,19,Hoang Van Trang,09/09/2006,1,HK1 2024-2025,MA005,3,8.2
24520032,19,Hoang Van Trang,09/09/2006,2,HK2 2024-2025,IS201,3,7.7
24520032,19,Hoang Van Trang,09/09/2006,2,HK2 2024-2025,SS002,2,5.7
24520032,19,Hoang Van Trang,09/09/2006,2,HK2 2024-2025,CE118,3,9.9
24520032,19,Hoang Van Trang,09/09/2006,2,HK2 2024-2025,SS001,2,8.4
24520032,19,Hoang Van Trang,09/09/2006,2,HK2 2024-2025,MA004,3,8.4
24520032,19,Hoang Van Trang,09/09/2006,2,HK2 2024-2025,MA003,3,7.5
24520032,19,Hoang Van Trang,09/09/2006,2,HK2 2024-2025,IT004,4,9.1
24520032,19,Hoang Van Trang,09/09/2006,2,HK2 2024-2025,IT001,4,6.9
24520032,19,Hoang Van Trang,09/09/2006,3,HK3 2024-2025,IT002,4,9.6
24520032,19,Hoang Van Trang,09/09/2006,3,HK3 2024-2025,MA005,3,6.3
24520032,19,Hoang Van Trang,09/09/2006,3,HK3 2024-2025,MA003,3,8.7
24520032,19,Hoang Van Trang,09/09/2006,3,HK3 2024-2025,CE118,3,6.6
24520032,19,Hoang Van Trang,09/09/2006,3,HK3 2024-2025,SS002,2,7.8
24520032,19,Hoang Van Trang,09/09/2006,3,HK3 2024-2025,SE104,3,5.2
24520032,19,Hoang Van Trang,09/09/2006,3,HK3 2024-2025,MA004,3,7.4
24520033,19,Do Thi Phong,10/07/2006,1,HK1 2024-2025,SE104,3,8.8
24520033,19,Do Thi Phong,10/07/2006,1,HK1 2024-2025,MA005,3,6.3
24520033,19,Do Thi Phong,10/07/2006,1,HK1 2024-2025,SS001,2,9.6
24520033,19,Do Thi Phong,10/07/2006,1,HK1 2024-2025,IT004,4,6.6
24520033,19,Do Thi Phong,10/07/2006,1,HK1 2024-2025,SS002,2,9.0
24520033,19,Do Thi Phong,10/07/2006,1,HK1 2024-2025,MA004,3,8.6
24520033,19,Do Thi Phong,10/07/2006,2,HK2 2024-2025,SS002,2,6.7
24520033,19,Do Thi Phong,10/07/2006,2,HK2 2024-2025,MA004,3,8.7
24520033,19,Do Thi Phong,10/07/2006,2,HK2 2024-2025,MA003,3,5.9
24520033,19,Do Thi Phong,10/07/2006,2,HK2 2024-2025,SS001,2,6.5
24520033,19,Do Thi Phong,10/07/2006,2,HK2 2024-2025,CS106,4,6.9
24520033,19,Do Thi Phong,10/07/2006,2,HK2 2024-2025,IT002,4,8.1
24520033,19,Do Thi Phong,10/07/2006,2,HK2 2024-2025,IT003,4,7.1
24520033,19,Do Thi Phong,10/07/2006,2,HK2 2024-2025,IT004,4,7.5
24520033,19,Do Thi Phong,10/07/2006,3,HK3 2024-2025,MA005,3,8.6
24520033,19,Do Thi Phong,10/07/2006,3,HK3 2024-2025,IT002,4,6.5
24520033,19,Do Thi Phong,10/07/2006,3,HK3 2024-2025,PE001,1,5.0
24520033,19,Do Thi Phong,10/07/2006,3,HK3 2024-2025,SS002,2,7.6
24520033,19,Do Thi Phong,10/07/2006,3,HK3 2024-2025,MA004,3,7.2
24520033,19,Do Thi Phong,10/07/2006,3,HK3 2024-2025,IT003,4,7.3
24520034,19,Do Hoai Trang,17/12/2006,1,HK1 2024-2025,IT001,4,5.7
24520034,19,Do Hoai Trang,17/12/2006,1,HK1 2024-2025,MA004,3,6.8
24520034,19,Do Hoai Trang,17/12/2006,1,HK1 2024-2025,MA003,3,9.1
24520034,19,Do Hoai Trang,17/12/2006,1,HK1 2024-2025,SS001,2,10.0
24520034,19,Do Hoai Trang,17/12/2006,1,HK1 2024-2025,PE001,1,7.2
24520034,19,Do Hoai Trang,17/12/2006,1,HK1 2024-2025,IT003,4,7.5
24520034,19,Do Hoai Trang,17/12/2006,1,HK1 2024-2025,SS002,2,5.8
24520034,19,Do Hoai Trang,17/12/2006,1,HK1 2024-2025,CS106,4,8.7
24520034,19,Do Hoai Trang,17/12/2006,2,HK2 2024-2025,MA003,3,7.0
24520034,19,Do Hoai Trang,17/12/2006,2,HK2 2024-2025,IT001,4,5.3
24520034,19,Do Hoai Trang,17/12/2006,2,HK2 2024-2025,MA004,3,7.1
24520034,19,Do Hoai Trang,17/12/2006,2,HK2 2024-2025,MA005,3,8.8
24520034,19,Do Hoai Trang,17/12/2006,2,HK2 2024-2025,IT002,4,6.9
24520034,19,Do Hoai Trang,17/12/2006,2,HK2 2024-2025,IS201,3,5.7
24520034,19,Do Hoai Trang,17/12/2006,2,HK2 2024-2025,SS002,2,6.4
24520034,19,Do Hoai Trang,17/12/2006,2,HK2 2024-2025,PE001,1,8.2
24520034,19,Do Hoai Trang,17/12/2006,3,HK3 2024-2025,IT001,4,7.8
24520034,19,Do Hoai Trang,17/12/2006,3,HK3 2024-2025,IS201,3,5.2
24520034,19,Do Hoai Trang,17/12/2006,3,HK3 2024-2025,PE001,1,6.5
24520034,19,Do Hoai Trang,17/12/2006,3,HK3 2024-2025,MA003,3,9.3
24520034,19,Do Hoai Trang,17/12/2006,3,HK3 2024-2025,IT004,4,8.0
24520034,19,Do Hoai Trang,17/12/2006,3,HK3 2024-2025,MA004,3,9.8
24520035,19,Hoang Ngoc Phong,15/01/2006,1,HK1 2024-2025,IT001,4,6.7
24520035,19,Hoang Ngoc Phong,15/01/2006,1,HK1 2024-2025,MA003,3,5.6
24520035,19,Hoang Ngoc Phong,15/01/2006,1,HK1 2024-2025,IT002,4,8.9
24520035,19,Hoang Ngoc Phong,15/01/2006,1,HK1 2024-2025,SS001,2,6.7
24520035,19,Hoang Ngoc Phong,15/01/2006,1,HK1 2024-2025,SE104,3,8.3
24520035,19,Hoang Ngoc Phong,15/01/2006,1,HK1 2024-2025,EN001,2,6.5
24520035,19,Hoang Ngoc Phong,15/01/2006,2,HK2 2024-2025,SE104,3,6.9
24520035,19,Hoang Ngoc Phong,15/01/2006,2,HK2 2024-2025,IS201,3,5.2
24520035,19,Hoang Ngoc Phong,15/01/2006,2,HK2 2024-2025,SS002,2,7.1
24520035,19,Hoang Ngoc Phong,15/01/2006,2,HK2 2024-2025,IT003,4,7.4
24520035,19,Hoang Ngoc Phong,15/01/2006,2,HK2 2024-2025,MA004,3,9.5
24520035,19,Hoang Ngoc Phong,15/01/2006,2,HK2 2024-2025,CS106,4,9.1
24520035,19,Hoang Ngoc Phong,15/01/2006,2,HK2 2024-2025,MA003,3,8.2
24520035,19,Hoang Ngoc Phong,15/01/2006,3,HK3 2024-2025,IT003,4,9.9
24520035,19,Hoang Ngoc Phong,15/01/2006,3,HK3 2024-2025,MA004,3,5.9
24520035,19,Hoang Ngoc Phong,15/01/2006,3,HK3 2024-2025,CE118,3,5.0
24520035,19,Hoang Ngoc Phong,15/01/2006,3,HK3 2024-2025,SS002,2,6.4
24520035,19,Hoang Ngoc Phong,15/01/2006,3,HK3 2024-2025,IT001,4,8.2
24520035,19,Hoang Ngoc Phong,15/01/2006,3,HK3 2024-2025,CS106,4,6.6
24520036,19,Vu Thu Phong,22/10/2006,1,HK1 2024-2025,MA005,3,9.6
24520036,19,Vu Thu Phong,22/10/2006,1,HK1 2024-2025,CS106,4,5.0
24520036,19,Vu Thu Phong,22/10/2006,1,HK1 2024-2025,IT004,4,8.4
24520036,19,Vu Thu Phong,22/10/2006,1,HK1 2024-2025,EN001,2,8.0
24520036,19,Vu Thu Phong,22/10/2006,1,HK1 2024-2025,IT002,4,5.2
24520036,19,Vu Thu Phong,22/10/2006,1,HK1 2024-2025,IT003,4,6.1
24520036,19,Vu Thu Phong,22/10/2006,1,HK1 2024-2025,PE001,1,5.9
24520036,19,Vu Thu Phong,22/10/2006,1,HK1 2024-2025,SS002,2,7.2
24520036,19,Vu Thu Phong,22/10/2006,2,HK2 2024-2025,CE118,3,5.4
24520036,19,Vu Thu Phong,22/10/2006,2,HK2 2024-2025,IT001,4,8.8
24520036,19,Vu Thu Phong,22/10/2006,2,HK2 2024-2025,IS201,3,6.1
24520036,19,Vu Thu Phong,22/10/2006,2,HK2 2024-2025,SS001,2,9.5
24520036,19,Vu Thu Phong,22/10/2006,2,HK2 2024-2025,SE104,3,7.5
24520036,19,Vu Thu Phong,22/10/2006,2,HK2 2024-2025,IT003,4,9.2
24520036,19,Vu Thu Phong,22/10/2006,3,HK3 2024-2025,IT003,4,8.4
24520036,19,Vu Thu Phong,22/10/2006,3,HK3 2024-2025,SE104,3,6.9
24520036,19,Vu Thu Phong,22/10/2006,3,HK3 2024-2025,IT001,4,5.4
24520036,19,Vu Thu Phong,22/10/2006,3,HK3 2024-2025,EN001,2,6.1
24520036,19,Vu Thu Phong,22/10/2006,3,HK3 2024-2025,SS001,2,5.2
24520036,19,Vu Thu Phong,22/10/2006,3,HK3 2024-2025,MA003,3,6.2
24520036,19,Vu Thu Phong,22/10/2006,3,HK3 2024-2025,PE001,1,7.0
24520036,19,Vu Thu Phong,22/10/2006,3,HK3 2024-2025,CE118,3,6.0
24520037,19,Phan Xuan Quan,15/01/2006,1,HK1 2024-2025,IS201,3,6.0
24520037,19,Phan Xuan Quan,15/01/2006,1,HK1 2024-2025,SS001,2,8.8
24520037,19,Phan Xuan Quan,15/01/2006,1,HK1 2024-2025,SS002,2,5.4
24520037,19,Phan Xuan Quan,15/01/2006,1,HK1 2024-2025,MA005,3,7.7
24520037,19,Phan Xuan Quan,15/01/2006,1,HK1 2024-2025,SE104,3,9.0
24520037,19,Phan Xuan Quan,15/01/2006,1,HK1 2024-2025,IT003,4,8.8
24520037,19,Phan Xuan Quan,15/01/2006,1,HK1 2024-2025,EN001,2,7.0
24520037,19,Phan Xuan Quan,15/01/2006,2,HK2 2024-2025,MA003,3,5.9
24520037,19,Phan Xuan Quan,15/01/2006,2,HK2 2024-2025,IT001,4,6.5
24520037,19,Phan Xuan Quan,15/01/2006,2,HK2 2024-2025,IS201,3,8.0
24520037,19,Phan Xuan Quan,15/01/2006,2,HK2 2024-2025,CE118,3,9.5
24520037,19,Phan Xuan Quan,15/01/2006,2,HK2 2024-2025,PE001,1,6.6
24520037,19,Phan Xuan Quan,15/01/2006,2,HK2 2024-2025,CS106,4,9.1
24520037,19,Phan Xuan Quan,15/01/2006,3,HK3 2024-2025,IT001,4,5.3
24520037,19,Phan Xuan Quan,15/01/2006,3,HK3 2024-2025,EN001,2,5.0
24520037,19,Phan Xuan Quan,15/01/2006,3,HK3 2024-2025,SS001,2,8.9
24520037,19,Phan Xuan Quan,15/01/2006,3,HK3 2024-2025,IT002,4,5.5
24520037,19,Phan Xuan Quan,15/01/2006,3,HK3 2024-2025,IS201,3,8.4
24520037,19,Phan Xuan Quan,15/01/2006,3,HK3 2024-2025,IT003,4,9.6
24520037,19,Phan Xuan Quan,15/01/2006,3,HK3 2024-2025,MA005,3,9.3
24520038,19,Dang Ngoc Khoa,07/07/2006,1,HK1 2024-2025,CE118,3,5.0
24520038,19,Dang Ngoc Khoa,07/07/2006,1,HK1 2024-2025,CS106,4,7.0
24520038,19,Dang Ngoc Khoa,07/07/2006,1,HK1 2024-2025,IT004,4,5.9
24520038,19,Dang Ngoc Khoa,07/07/2006,1,HK1 2024-2025,IT002,4,7.2
24520038,19,Dang Ngoc Khoa,07/07/2006,1,HK1 2024-2025,PE001,1,9.3
24520038,19,Dang Ngoc Khoa,07/07/2006,1,HK1 2024-2025,MA004,3,5.6
24520038,19,Dang Ngoc Khoa,07/07/2006,1,HK1 2024-2025,MA005,3,7.4
24520038,19,Dang Ngoc Khoa,07/07/2006,2,HK2 2024-2025,PE001,1,9.0
24520038,19,Dang Ngoc Khoa,07/07/2006,2,HK2 2024-2025,CS106,4,6.7
24520038,19,Dang Ngoc Khoa,07/07/2006,2,HK2 2024-2025,MA004,3,7.8
24520038,19,Dang Ngoc Khoa,07/07/2006,2,HK2 2024-2025,IT004,4,7.2
24520038,19,Dang Ngoc Khoa,07/07/2006,2,HK2 2024-2025,EN001,2,7.3
24520038,19,Dang Ngoc Khoa,07/07/2006,2,HK2 2024-2025,IT003,4,6.3
24520038,19,Dang Ngoc Khoa,07/07/2006,3,HK3 2024-2025,IS201,3,9.6
24520038,19,Dang Ngoc Khoa,07/07/2006,3,HK3 2024-2025,SE104,3,5.4
24520038,19,Dang Ngoc Khoa,07/07/2006,3,HK3 2024-2025,IT004,4,9.9
24520038,19,Dang Ngoc Khoa,07/07/2006,3,HK3 2024-2025,SS001,2,5.8
24520038,19,Dang Ngoc Khoa,07/07/2006,3,HK3 2024-2025,MA005,3,6.1
24520038,19,Dang Ngoc Khoa,07/07/2006,3,HK3 2024-2025,IT002,4,6.9
24520039,19,Vu Van Quan,04/08/2006,1,HK1 2024-2025,IS201,3,5.6
24520039,19,Vu Van Quan,04/08/2006,1,HK1 2024-2025,IT004,4,7.7
24520039,19,Vu Van Quan,04/08/2006,1,HK1 2024-2025,CS106,4,6.6
24520039,19,Vu Van Quan,04/08/2006,1,HK1 2024-2025,SS002,2,6.2
24520039,19,Vu Van Quan,04/08/2006,1,HK1 2024-2025,SS001,2,5.6
24520039,19,Vu Van Quan,04/08/2006,1,HK1 2024-2025,EN001,2,9.4
24520039,19,Vu Van Quan,04/08/2006,1,HK1 2024-2025,MA005,3,8.8
24520039,19,Vu Van Quan,04/08/2006,2,HK2 2024-2025,IS201,3,5.4
24520039,19,Vu Van Quan,04/08/2006,2,HK2 2024-2025,IT003,4,5.0
24520039,19,Vu Van Quan,04/08/2006,2,HK2 2024-2025,SS002,2,7.0
24520039,19,Vu Van Quan,04/08/2006,2,HK2 2024-2025,SE104,3,8.5
24520039,19,Vu Van Quan,04/08/2006,2,HK2 2024-2025,MA005,3,8.3
24520039,19,Vu Van Quan,04/08/2006,2,HK2 2024-2025,IT001,4,6.9
24520039,19,Vu Van Quan,04/08/2006,2,HK2 2024-2025,IT004,4,8.6
24520039,19,Vu Van Quan,04/08/2006,2,HK2 2024-2025,CE118,3,7.8
24520039,19,Vu Van Quan,04/08/2006,3,HK3 2024-2025,SS002,2,5.1
24520039,19,Vu Van Quan,04/08/2006,3,HK3 2024-2025,SS001,2,8.6
24520039,19,Vu Van Quan,04/08/2006,3,HK3 2024-2025,IT004,4,5.2
24520039,19,Vu Van Quan,04/08/2006,3,HK3 2024-2025,IT001,4,7.6
24520039,19,Vu Van Quan,04/08/2006,3,HK3 2024-2025,CE118,3,5.1
24520039,19,Vu Van Quan,04/08/2006,3,HK3 2024-2025,PE001,1,7.7
24520039,19,Vu Van Quan,04/08/2006,3,HK3 2024-2025,IS201,3,7.2
24520039,19,Vu Van Quan,04/08/2006,3,HK3 2024-2025,IT003,4,9.3
24520040,19,Le Huu Trang,03/03/2006,1,HK1 2024-2025,SS002,2,7.4
24520040,19,Le Huu Trang,03/03/2006,1,HK1 2024-2025,MA005,3,7.2
24520040,19,Le Huu Trang,03/03/2006,1,HK1 2024-2025,IT001,4,8.6
24520040,19,Le Huu Trang,03/03/2006,1,HK1 2024-2025,IT002,4,9.5
24520040,19,Le Huu Trang,03/03/2006,1,HK1 2024-2025,CS106,4,8.0
24520040,19,Le Huu Trang,03/03/2006,1,HK1 2024-2025,IT004,4,8.4
24520040,19,Le Huu Trang,03/03/2006,1,HK1 2024-2025,PE001,1,7.9
24520040,19,Le Huu Trang,03/03/2006,2,HK2 2024-2025,IT003,4,5.8
24520040,19,Le Huu Trang,03/03/2006,2,HK2 2024-2025,EN001,2,7.8
24520040,19,Le Huu Trang,03/03/2006,2,HK2 2024-2025,IT001,4,7.0
24520040,19,Le Huu Trang,03/03/2006,2,HK2 2024-2025,IS201,3,9.0
24520040,19,Le Huu Trang,03/03/2006,2,HK2 2024-2025,MA004,3,8.2
24520040,19,Le Huu Trang,03/03/2006,2,HK2 2024-2025,IT004,4,5.4
24520040,19,Le Huu Trang,03/03/2006,3,HK3 2024-2025,IS201,3,8.1
24520040,19,Le Huu Trang,03/03/2006,3,HK3 2024-2025,CS106,4,7.8
24520040,19,Le Huu Trang,03/03/2006,3,HK3 2024-2025,PE001,1,6.2
24520040,19,Le Huu Trang,03/03/2006,3,HK3 2024-2025,MA003,3,5.5
24520040,19,Le Huu Trang,03/03/2006,3,HK3 2024-2025,SS001,2,9.0
24520040,19,Le Huu Trang,03/03/2006,3,HK3 2024-2025,IT004,4,6.5
24520040,19,Le Huu Trang,03/03/2006,3,HK3 2024-2025,MA004,3,6.0
24520040,19,Le Huu Trang,03/03/2006,3,HK3 2024-2025,IT003,4,9.7
24520041,19,Dang Minh Binh,09/03/2006,1,HK1 2024-2025,EN001,2,7.4
24520041,19,Dang Minh Binh,09/03/2006,1,HK1 2024-2025,MA003,3,10.0
24520041,19,Dang Minh Binh,09/03/2006,1,HK1 2024-2025,CE118,3,8.5
24520041,19,Dang Minh Binh,09/03/2006,1,HK1 2024-2025,MA005,3,5.8
24520041,19,Dang Minh Binh,09/03/2006,1,HK1 2024-2025,SS002,2,8.9
24520041,19,Dang Minh Binh,09/03/2006,1,HK1 2024-2025,SE104,3,5.2
24520041,19,Dang Minh Binh,09/03/2006,1,HK1 2024-2025,CS106,4,10.0
24520041,19,Dang Minh Binh,09/03/2006,1,HK1 2024-2025,IT003,4,9.6
24520041,19,Dang Minh Binh,09/03/2006,2,HK2 2024-2025,IT004,4,7.2
24520041,19,Dang Minh Binh,09/03/2006,2,HK2 2024-2025,SS001,2,5.8
24520041,19,Dang Minh Binh,09/03/2006,2,HK2 2024-2025,PE001,1,5.3
24520041,19,Dang Minh Binh,09/03/2006,2,HK2 2024-2025,CE118,3,9.4
24520041,19,Dang Minh Binh,09/03/2006,2,HK2 2024-2025,IT001,4,5.6
24520041,19,Dang Minh Binh,09/03/2006,2,HK2 2024-2025,EN001,2,8.2
24520041,19,Dang Minh Binh,09/03/2006,2,HK2 2024-2025,IS201,3,6.6
24520041,19,Dang Minh Binh,09/03/2006,3,HK3 2024-2025,MA005,3,7.0
24520041,19,Dang Minh Binh,09/03/2006,3,HK3 2024-2025,MA003,3,6.8
24520041,19,Dang Minh Binh,09/03/2006,3,HK3 2024-2025,CE118,3,8.6
24520041,19,Dang Minh Binh,09/03/2006,3,HK3 2024-2025,IT002,4,8.0
24520041,19,Dang Minh Binh,09/03/2006,3,HK3 2024-2025,SS001,2,9.6
24520041,19,Dang Minh Binh,09/03/2006,3,HK3 2024-2025,IS201,3,7.4
24520041,19,Dang Minh Binh,09/03/2006,3,HK3 2024-2025,IT003,4,7.1
24520042,19,Do Gia Chau,09/08/2006,1,HK1 2024-2025,MA005,3,9.5
24520042,19,Do Gia Chau,09/08/2006,1,HK1 2024-2025,CS106,4,5.1
24520042,19,Do Gia Chau,09/08/2006,1,HK1 2024-2025,IT001,4,8.3
24520042,19,Do Gia Chau,09/08/2006,1,HK1 2024-2025,MA003,3,7.8
24520042,19,Do Gia Chau,09/08/2006,1,HK1 2024-2025,IS201,3,7.4
24520042,19,Do Gia Chau,09/08/2006,1,HK1 2024-2025,IT002,4,7.4
24520042,19,Do Gia Chau,09/08/2006,2,HK2 2024-2025,EN001,2,9.2
24520042,19,Do Gia Chau,09/08/2006,2,HK2 2024-2025,MA005,3,6.0
24520042,19,Do Gia Chau,09/08/2006,2,HK2 2024-2025,SS002,2,6.1
24520042,19,Do Gia Chau,09/08/2006,2,HK2 2024-2025,SS001,2,8.1
24520042,19,Do Gia Chau,09/08/2006,2,HK2 2024-2025,SE104,3,9.1
24520042,19,Do Gia Chau,09/08/2006,2,HK2 2024-2025,IS201,3,5.7
24520042,19,Do Gia Chau,09/08/2006,3,HK3 2024-2025,MA003,3,5.2
24520042,19,Do Gia Chau,09/08/2006,3,HK3 2024-2025,IT002,4,6.6
24520042,19,Do Gia Chau,09/08/2006,3,HK3 2024-2025,IT001,4,5.6
24520042,19,Do Gia Chau,09/08/2006,3,HK3 2024-2025,CE118,3,6.5
24520042,19,Do Gia Chau,09/08/2006,3,HK3 2024-2025,IT004,4,6.7
24520042,19,Do Gia Chau,09/08/2006,3,HK3 2024-2025,MA004,3,8.4
24520042,19,Do Gia Chau,09/08/2006,3,HK3 2024-2025,SE104,3,9.8
24520043,19,Huynh Ngoc Vy,14/09/2006,1,HK1 2024-2025,SS002,2,9.6
24520043,19,Huynh Ngoc Vy,14/09/2006,1,HK1 2024-2025,MA003,3,7.4
24520043,19,Huynh Ngoc Vy,14/09/2006,1,HK1 2024-2025,IT001,4,8.5
24520043,19,Huynh Ngoc Vy,14/09/2006,1,HK1 2024-2025,IT002,4,5.9
24520043,19,Huynh Ngoc Vy,14/09/2006,1,HK1 2024-2025,IT004,4,6.6
24520043,19,Huynh Ngoc Vy,14/09/2006,1,HK1 2024-2025,SS001,2,5.7
24520043,19,Huynh Ngoc Vy,14/09/2006,2,HK2 2024-2025,EN001,2,6.1
24520043,19,Huynh Ngoc Vy,14/09/2006,2,HK2 2024-2025,SS002,2,5.1
24520043,19,Huynh Ngoc Vy,14/09/2006,2,HK2 2024-2025,SE104,3,5.6
24520043,19,Huynh Ngoc Vy,14/09/2006,2,HK2 2024-2025,MA003,3,9.8
24520043,19,Huynh Ngoc Vy,14/09/2006,2,HK2 2024-2025,CE118,3,6.0
24520043,19,Huynh Ngoc Vy,14/09/2006,2,HK2 2024-2025,IT003,4,8.2
24520043,19,Huynh Ngoc Vy,14/09/2006,2,HK2 2024-2025,IT004,4,7.5
24520043,19,Huynh Ngoc Vy,14/09/2006,2,HK2 2024-2025,CS106,4,5.2
24520043,19,Huynh Ngoc Vy,14/09/2006,3,HK3 2024-2025,PE001,1,8.2
24520043,19,Huynh Ngoc Vy,14/09/2006,3,HK3 2024-2025,MA003,3,5.4
24520043,19,Huynh Ngoc Vy,14/09/2006,3,HK3 2024-2025,CE118,3,8.0
24520043,19,Huynh Ngoc Vy,14/09/2006,3,HK3 2024-2025,MA004,3,8.5
24520043,19,Huynh Ngoc Vy,14/09/2006,3,HK3 2024-2025,CS106,4,7.1
24520043,19,Huynh Ngoc Vy,14/09/2006,3,HK3 2024-2025,IT002,4,6.5
24520043,19,Huynh Ngoc Vy,14/09/2006,3,HK3 2024-2025,MA005,3,8.4
24520043,19,Huynh Ngoc Vy,14/09/2006,3,HK3 2024-2025,IS201,3,5.4
24520044,19,Le Huu Khoa,27/09/2006,1,HK1 2024-2025,MA003,3,7.0
24520044,19,Le Huu Khoa,27/09/2006,1,HK1 2024-2025,IT003,4,7.0
24520044,19,Le Huu Khoa,27/09/2006,1,HK1 2024-2025,SE104,3,5.4
24520044,19,Le Huu Khoa,27/09/2006,1,HK1 2024-2025,IT004,4,6.1
24520044,19,Le Huu Khoa,27/09/2006,1,HK1 2024-2025,CS106,4,8.6
24520044,19,Le Huu Khoa,27/09/2006,1,HK1 2024-2025,MA005,3,8.5
24520044,19,Le Huu Khoa,27/09/2006,1,HK1 2024-2025,IS201,3,7.4
24520044,19,Le Huu Khoa,27/09/2006,2,HK2 2024-2025,CE118,3,9.8
24520044,19,Le Huu Khoa,27/09/2006,2,HK2 2024-2025,IT002,4,5.8
24520044,19,Le Huu Khoa,27/09/2006,2,HK2 2024-2025,IS201,3,7.7
24520044,19,Le Huu Khoa,27/09/2006,2,HK2 2024-2025,SS002,2,7.5
24520044,19,Le Huu Khoa,27/09/2006,2,HK2 2024-2025,IT004,4,8.5
24520044,19,Le Huu Khoa,27/09/2006,2,HK2 2024-2025,IT001,4,7.1
24520044,19,Le Huu Khoa,27/09/2006,3,HK3 2024-2025,CS106,4,8.3
24520044,19,Le Huu Khoa,27/09/2006,3,HK3 2024-2025,MA004,3,5.6
24520044,19,Le Huu Khoa,27/09/2006,3,HK3 2024-2025,SS001,2,8.4
24520044,19,Le Huu Khoa,27/09/2006,3,HK3 2024-2025,MA003,3,6.4
24520044,19,Le Huu Khoa,27/09/2006,3,HK3 2024-2025,EN001,2,5.0
24520044,19,Le Huu Khoa,27/09/2006,3,HK3 2024-2025,IT003,4,7.9
24520044,19,Le Huu Khoa,27/09/2006,3,HK3 2024-2025,CE118,3,9.8
24520045,19,Nguyen Xuan Yen,20/08/2006,1,HK1 2024-2025,CS106,4,7.6
24520045,19,Nguyen Xuan Yen,20/08/2006,1,HK1 2024-2025,PE001,1,7.5
24520045,19,Nguyen Xuan Yen,20/08/2006,1,HK1 2024-2025,IS201,3,8.8
24520045,19,Nguyen Xuan Yen,20/08/2006,1,HK1 2024-2025,CE118,3,5.4
24520045,19,Nguyen Xuan Yen,20/08/2006,1,HK1 2024-2025,IT001,4,6.3
24520045,19,Nguyen Xuan Yen,20/08/2006,1,HK1 2024-2025,MA004,3,6.4
24520045,19,Nguyen Xuan Yen,20/08/2006,2,HK2 2024-2025,IT001,4,5.2
24520045,19,Nguyen Xuan Yen,20/08/2006,2,HK2 2024-2025,IT003,4,6.9
24520045,19,Nguyen Xuan Yen,20/08/2006,2,HK2 2024-2025,CS106,4,9.5
24520045,19,Nguyen Xuan Yen,20/08/2006,2,HK2 2024-2025,CE118,3,5.7
24520045,19,Nguyen Xuan Yen,20/08/2006,2,HK2 2024-2025,SS001,2,5.1
24520045,19,Nguyen Xuan Yen,20/08/2006,2,HK2 2024-2025,MA005,3,6.9
24520045,19,Nguyen Xuan Yen,20/08/2006,3,HK3 2024-2025,IT002,4,9.6
24520045,19,Nguyen Xuan Yen,20/08/2006,3,HK3 2024-2025,MA003,3,9.4
24520045,19,Nguyen Xuan Yen,20/08/2006,3,HK3 2024-2025,IT004,4,5.1
24520045,19,Nguyen Xuan Yen,20/08/2006,3,HK3 2024-2025,IS201,3,6.1
24520045,19,Nguyen Xuan Yen,20/08/2006,3,HK3 2024-2025,MA004,3,6.9
24520045,19,Nguyen Xuan Yen,20/08/2006,3,HK3 2024-2025,SS002,2,7.0
24520046,19,Vo Thu An,14/06/2006,1,HK1 2024-2025,IS201,3,8.3
24520046,19,Vo Thu An,14/06/2006,1,HK1 2024-2025,MA003,3,5.4
24520046,19,Vo Thu An,14/06/2006,1,HK1 2024-2025,IT002,4,8.2
24520046,19,Vo Thu An,14/06/2006,1,HK1 2024-2025,CE118,3,8.7
24520046,19,Vo Thu An,14/06/2006,1,HK1 2024-2025,SS002,2,6.6
24520046,19,Vo Thu An,14/06/2006,1,HK1 2024-2025,IT003,4,6.8
24520046,19,Vo Thu An,14/06/2006,1,HK1 2024-2025,PE001,1,9.6
24520046,19,Vo Thu An,14/06/2006,2,HK2 2024-2025,IT003,4,5.1
24520046,19,Vo Thu An,14/06/2006,2,HK2 2024-2025,MA003,3,9.2
24520046,19,Vo Thu An,14/06/2006,2,HK2 2024-2025,EN001,2,5.2
24520046,19,Vo Thu An,14/06/2006,2,HK2 2024-2025,MA005,3,8.5
24520046,19,Vo Thu An,14/06/2006,2,HK2 2024-2025,SE104,3,5.4
24520046,19,Vo Thu An,14/06/2006,2,HK2 2024-2025,PE001,1,7.7
24520046,19,Vo Thu An,14/06/2006,2,HK2 2024-2025,CE118,3,8.0
24520046,19,Vo Thu An,14/06/2006,2,HK2 2024-2025,IT004,4,5.7
24520046,19,Vo Thu An,14/06/2006,3,HK3 2024-2025,CE118,3,7.5
24520046,19,Vo Thu An,14/06/2006,3,HK3 2024-2025,MA003,3,6.9
24520046,19,Vo Thu An,14/06/2006,3,HK3 2024-2025,SS002,2,10.0
24520046,19,Vo Thu An,14/06/2006,3,HK3 2024-2025,IS201,3,8.7
24520046,19,Vo Thu An,14/06/2006,3,HK3 2024-2025,MA004,3,7.4
24520046,19,Vo Thu An,14/06/2006,3,HK3 2024-2025,IT003,4,8.3
24520046,19,Vo Thu An,14/06/2006,3,HK3 2024-2025,IT001,4,6.4
24520047,19,Hoang Minh Mai,09/10/2006,1,HK1 2024-2025,SE104,3,6.3
24520047,19,Hoang Minh Mai,09/10/2006,1,HK1 2024-2025,CS106,4,5.0
24520047,19,Hoang Minh Mai,09/10/2006,1,HK1 2024-2025,SS001,2,7.1
24520047,19,Hoang Minh Mai,09/10/2006,1,HK1 2024-2025,IT004,4,7.9
24520047,19,Hoang Minh Mai,09/10/2006,1,HK1 2024-2025,PE001,1,9.3
24520047,19,Hoang Minh Mai,09/10/2006,1,HK1 2024-2025,IS201,3,6.3
24520047,19,Hoang Minh Mai,09/10/2006,1,HK1 2024-2025,MA004,3,5.7
24520047,19,Hoang Minh Mai,09/10/2006,2,HK2 2024-2025,CE118,3,5.6
24520047,19,Hoang Minh Mai,09/10/2006,2,HK2 2024-2025,MA004,3,8.5
24520047,19,Hoang Minh Mai,09/10/2006,2,HK2 2024-2025,EN001,2,9.3
24520047,19,Hoang Minh Mai,09/10/2006,2,HK2 2024-2025,PE001,1,9.2
24520047,19,Hoang Minh Mai,09/10/2006,2,HK2 2024-2025,MA003,3,5.3
24520047,19,Hoang Minh Mai,09/10/2006,2,HK2 2024-2025,IT002,4,9.6
24520047,19,Hoang Minh Mai,09/10/2006,2,HK2 2024-2025,SS001,2,8.0
24520047,19,Hoang Minh Mai,09/10/2006,3,HK3 2024-2025,MA003,3,6.5
24520047,19,Hoang Minh Mai,09/10/2006,3,HK3 2024-2025,IS201,3,5.1
24520047,19,Hoang Minh Mai,09/10/2006,3,HK3 2024-2025,IT002,4,6.4
24520047,19,Hoang Minh Mai,09/10/2006,3,HK3 2024-2025,SS001,2,5.2
24520047,19,Hoang Minh Mai,09/10/2006,3,HK3 2024-2025,SS002,2,8.8
24520047,19,Hoang Minh Mai,09/10/2006,3,HK3 2024-2025,MA005,3,6.8
24520047,19,Hoang Minh Mai,09/10/2006,3,HK3 2024-2025,EN001,2,6.4
24520047,19,Hoang Minh Mai,09/10/2006,3,HK3 2024-2025,MA004,3,5.2
24520048,19,Dang Minh Mai,12/05/2006,1,HK1 2024-2025,CS106,4,9.9
24520048,19,Dang Minh Mai,12/05/2006,1,HK1 2024-2025,MA004,3,5.7
24520048,19,Dang Minh Mai,12/05/2006,1,HK1 2024-2025,SS001,2,7.5
24520048,19,Dang Minh Mai,12/05/2006,1,HK1 2024-2025,IT003,4,6.3
24520048,19,Dang Minh Mai,12/05/2006,1,HK1 2024-2025,CE118,3,8.5
24520048,19,Dang Minh Mai,12/05/2006,1,HK1 2024-2025,IT001,4,7.7
24520048,19,Dang Minh Mai,12/05/2006,1,HK1 2024-2025,EN001,2,7.3
24520048,19,Dang Minh Mai,12/05/2006,2,HK2 2024-2025,IT003,4,6.2
24520048,19,Dang Minh Mai,12/05/2006,2,HK2 2024-2025,PE001,1,7.5
24520048,19,Dang Minh Mai,12/05/2006,2,HK2 2024-2025,IT001,4,9.7
24520048,19,Dang Minh Mai,12/05/2006,2,HK2 2024-2025,MA005,3,9.3
24520048,19,Dang Minh Mai,12/05/2006,2,HK2 2024-2025,EN001,2,7.2
24520048,19,Dang Minh Mai,12/05/2006,2,HK2 2024-2025,SS002,2,9.1
24520048,19,Dang Minh Mai,12/05/2006,2,HK2 2024-2025,CS106,4,8.5
24520048,19,Dang Minh Mai,12/05/2006,2,HK2 2024-2025,IS201,3,7.3
24520048,19,Dang Minh Mai,12/05/2006,3,HK3 2024-2025,IT002,4,7.9
24520048,19,Dang Minh Mai,12/05/2006,3,HK3 2024-2025,SS001,2,5.3
24520048,19,Dang Minh Mai,12/05/2006,3,HK3 2024-2025,IT004,4,8.9
24520048,19,Dang Minh Mai,12/05/2006,3,HK3 2024-2025,IT001,4,5.3
24520048,19,Dang Minh Mai,12/05/2006,3,HK3 2024-2025,PE001,1,6.1
24520048,19,Dang Minh Mai,12/05/2006,3,HK3 2024-2025,MA003,3,8.7
24520048,19,Dang Minh Mai,12/05/2006,3,HK3 2024-2025,CE118,3,7.3
24520049,19,Nguyen Thi Yen,24/12/2006,1,HK1 2024-2025,IS201,3,8.2
24520049,19,Nguyen Thi Yen,24/12/2006,1,HK1 2024-2025,IT001,4,8.4
24520049,19,Nguyen Thi Yen,24/12/2006,1,HK1 2024-2025,EN001,2,6.1
24520049,19,Nguyen Thi Yen,24/12/2006,1,HK1 2024-2025,MA004,3,6.8
24520049,19,Nguyen Thi Yen,24/12/2006,1,HK1 2024-2025,IT004,4,7.6
24520049,19,Nguyen Thi Yen,24/12/2006,1,HK1 2024-2025,SS002,2,7.6
24520049,19,Nguyen Thi Yen,24/12/2006,1,HK1 2024-2025,CE118,3,5.1
24520049,19,Nguyen Thi Yen,24/12/2006,2,HK2 2024-2025,MA004,3,6.6
24520049,19,Nguyen Thi Yen,24/12/2006,2,HK2 2024-2025,SS001,2,7.9
24520049,19,Nguyen Thi Yen,24/12/2006,2,HK2 2024-2025,PE001,1,6.8
24520049,19,Nguyen Thi Yen,24/12/2006,2,HK2 2024-2025,IT004,4,9.2
24520049,19,Nguyen Thi Yen,24/12/2006,2,HK2 2024-2025,MA005,3,5.4
24520049,19,Nguyen Thi Yen,24/12/2006,2,HK2 2024-2025,CE118,3,6.9
24520049,19,Nguyen Thi Yen,24/12/2006,3,HK3 2024-2025,MA004,3,9.3
24520049,19,Nguyen Thi Yen,24/12/2006,3,HK3 2024-2025,PE001,1,7.3
24520049,19,Nguyen Thi Yen,24/12/2006,3,HK3 2024-2025,MA005,3,6.7
24520049,19,Nguyen Thi Yen,24/12/2006,3,HK3 2024-2025,IT004,4,9.1
24520049,19,Nguyen Thi Yen,24/12/2006,3,HK3 2024-2025,SS001,2,5.8
24520049,19,Nguyen Thi Yen,24/12/2006,3,HK3 2024-2025,SS002,2,7.9
24520050,19,Phan Van Vy,04/07/2006,1,HK1 2024-2025,EN001,2,7.1
24520050,19,Phan Van Vy,04/07/2006,1,HK1 2024-2025,SE104,3,8.5
24520050,19,Phan Van Vy,04/07/2006,1,HK1 2024-2025,CS106,4,7.1
24520050,19,Phan Van Vy,04/07/2006,1,HK1 2024-2025,IT004,4,10.0
24520050,19,Phan Van Vy,04/07/2006,1,HK1 2024-2025,IT003,4,5.5
24520050,19,Phan Van Vy,04/07/2006,1,HK1 2024-2025,PE001,1,6.0
24520050,19,Phan Van Vy,04/07/2006,1,HK1 2024-2025,IS201,3,8.8
24520050,19,Phan Van Vy,04/07/2006,2,HK2 2024-2025,SS002,2,6.2
24520050,19,Phan Van Vy,04/07/2006,2,HK2 2024-2025,CS106,4,5.6
24520050,19,Phan Van Vy,04/07/2006,2,HK2 2024-2025,IT004,4,8.2
24520050,19,Phan Van Vy,04/07/2006,2,HK2 2024-2025,SS001,2,6.2
24520050,19,Phan Van Vy,04/07/2006,2,HK2 2024-2025,IT003,4,6.4
24520050,19,Phan Van Vy,04/07/2006,2,HK2 2024-2025,PE001,1,9.4
24520050,19,Phan Van Vy,04/07/2006,2,HK2 2024-2025,EN001,2,6.0
24520050,19,Phan Van Vy,04/07/2006,3,HK3 2024-2025,MA004,3,7.6
24520050,19,Phan Van Vy,04/07/2006,3,HK3 2024-2025,EN001,2,7.1
24520050,19,Phan Van Vy,04/07/2006,3,HK3 2024-2025,SE104,3,9.5
24520050,19,Phan Van Vy,04/07/2006,3,HK3 2024-2025,PE001,1,7.4
24520050,19,Phan Van Vy,04/07/2006,3,HK3 2024-2025,MA005,3,6.1
24520050,19,Phan Van Vy,04/07/2006,3,HK3 2024-2025,SS002,2,5.4
24520050,19,Phan Van Vy,04/07/2006,3,HK3 2024-2025,IS201,3,5.5
24520051,19,Le Van Quan,09/02/2006,1,HK1 2024-2025,MA003,3,5.4
24520051,19,Le Van Quan,09/02/2006,1,HK1 2024-2025,SE104,3,7.7
24520051,19,Le Van Quan,09/02/2006,1,HK1 2024-2025,IT004,4,8.6
24520051,19,Le Van Quan,09/02/2006,1,HK1 2024-2025,IT002,4,9.7
24520051,19,Le Van Quan,09/02/2006,1,HK1 2024-2025,MA005,3,5.0
24520051,19,Le Van Quan,09/02/2006,1,HK1 2024-2025,CE118,3,6.2
24520051,19,Le Van Quan,09/02/2006,1,HK1 2024-2025,IT003,4,6.2
24520051,19,Le Van Quan,09/02/2006,1,HK1 2024-2025,CS106,4,5.8
24520051,19,Le Van Quan,09/02/2006,2,HK2 2024-2025,IT002,4,7.2
24520051,19,Le Van Quan,09/02/2006,2,HK2 2024-2025,MA004,3,5.0
24520051,19,Le Van Quan,09/02/2006,2,HK2 2024-2025,SE104,3,8.0
24520051,19,Le Van Quan,09/02/2006,2,HK2 2024-2025,SS001,2,9.0
24520051,19,Le Van Quan,09/02/2006,2,HK2 2024-2025,EN001,2,7.9
24520051,19,Le Van Quan,09/02/2006,2,HK2 2024-2025,SS002,2,5.5
24520051,19,Le Van Quan,09/02/2006,2,HK2 2024-2025,IT003,4,8.2
24520051,19,Le Van Quan,09/02/2006,3,HK3 2024-2025,PE001,1,7.2
24520051,19,Le Van Quan,09/02/2006,3,HK3 2024-2025,EN001,2,8.3
24520051,19,Le Van Quan,09/02/2006,3,HK3 2024-2025,MA004,3,7.3
24520051,19,Le Van Quan,09/02/2006,3,HK3 2024-2025,IT004,4,6.9
24520051,19,Le Van Quan,09/02/2006,3,HK3 2024-2025,SE104,3,7.8
24520051,19,Le Van Quan,09/02/2006,3,HK3 2024-2025,SS002,2,5.1
24520051,19,Le Van Quan,09/02/2006,3,HK3 2024-2025,MA003,3,5.6
24520052,19,Bui Van Quan,03/06/2006,1,HK1 2024-2025,CS106,4,9.8
24520052,19,Bui Van Quan,03/06/2006,1,HK1 2024-2025,IT002,4,6.2
24520052,19,Bui Van Quan,03/06/2006,1,HK1 2024-2025,IT003,4,5.1
24520052,19,Bui Van Quan,03/06/2006,1,HK1 2024-2025,MA003,3,5.9
24520052,19,Bui Van Quan,03/06/2006,1,HK1 2024-2025,CE118,3,9.2
24520052,19,Bui Van Quan,03/06/2006,1,HK1 2024-2025,SS001,2,6.2
24520052,19,Bui Van Quan,03/06/2006,2,HK2 2024-2025,SE104,3,6.6
24520052,19,Bui Van Quan,03/06/2006,2,HK2 2024-2025,EN001,2,7.4
24520052,19,Bui Van Quan,03/06/2006,2,HK2 2024-2025,IT004,4,8.2
24520052,19,Bui Van Quan,03/06/2006,2,HK2 2024-2025,IT003,4,9.9
24520052,19,Bui Van Quan,03/06/2006,2,HK2 2024-2025,SS001,2,8.9
24520052,19,Bui Van Quan,03/06/2006,2,HK2 2024-2025,CS106,4,6.0
24520052,19,Bui Van Quan,03/06/2006,2,HK2 2024-2025,MA004,3,6.0
24520052,19,Bui Van Quan,03/06/2006,2,HK2 2024-2025,IS201,3,8.1
24520052,19,Bui Van Quan,03/06/2006,3,HK3 2024-2025,CE118,3,9.9
24520052,19,Bui Van Quan,03/06/2006,3,HK3 2024-2025,IT004,4,5.8
24520052,19,Bui Van Quan,03/06/2006,3,HK3 2024-2025,EN001,2,7.1
24520052,19,Bui Van Quan,03/06/2006,3,HK3 2024-2025,IT002,4,6.1
24520052,19,Bui Van Quan,03/06/2006,3,HK3 2024-2025,PE001,1,9.9
24520052,19,Bui Van Quan,03/06/2006,3,HK3 2024-2025,IT003,4,6.7
24520053,19,Dang Quang Mai,25/06/2006,1,HK1 2024-2025,CS106,4,6.2
24520053,19,Dang Quang Mai,25/06/2006,1,HK1 2024-2025,SE104,3,8.3
24520053,19,Dang Quang Mai,25/06/2006,1,HK1 2024-2025,MA004,3,8.6
24520053,19,Dang Quang Mai,25/06/2006,1,HK1 2024-2025,IT002,4,7.7
24520053,19,Dang Quang Mai,25/06/2006,1,HK1 2024-2025,SS001,2,9.2
24520053,19,Dang Quang Mai,25/06/2006,1,HK1 2024-2025,MA003,3,9.8
24520053,19,Dang Quang Mai,25/06/2006,1,HK1 2024-2025,EN001,2,7.3
24520053,19,Dang Quang Mai,25/06/2006,1,HK1 2024-2025,SS002,2,6.9
24520053,19,Dang Quang Mai,25/06/2006,2,HK2 2024-2025,SS002,2,8.0
24520053,19,Dang Quang Mai,25/06/2006,2,HK2 2024-2025,PE001,1,8.1
24520053,19,Dang Quang Mai,25/06/2006,2,HK2 2024-2025,IT004,4,6.7
24520053,19,Dang Quang Mai,25/06/2006,2,HK2 2024-2025,IT001,4,6.0
24520053,19,Dang Quang Mai,25/06/2006,2,HK2 2024-2025,IT002,4,9.8
24520053,19,Dang Quang Mai,25/06/2006,2,HK2 2024-2025,CE118,3,5.6
24520053,19,Dang Quang Mai,25/06/2006,2,HK2 2024-2025,EN001,2,7.6
24520053,19,Dang Quang Mai,25/06/2006,3,HK3 2024-2025,MA004,3,5.8
24520053,19,Dang Quang Mai,25/06/2006,3,HK3 2024-2025,SS001,2,8.3
24520053,19,Dang Quang Mai,25/06/2006,3,HK3 2024-2025,IT003,4,9.9
24520053,19,Dang Quang Mai,25/06/2006,3,HK3 2024-2025,IT002,4,6.4
24520053,19,Dang Quang Mai,25/06/2006,3,HK3 2024-2025,CE118,3,8.0
24520053,19,Dang Quang Mai,25/06/2006,3,HK3 2024-2025,EN001,2,6.8
24520053,19,Dang Quang Mai,25/06/2006,3,HK3 2024-2025,MA003,3,6.4
24520053,19,Dang Quang Mai,25/06/2006,3,HK3 2024-2025,IT004,4,8.5
24520054,19,Do Quang Khoa,18/02/2006,1,HK1 2024-2025,MA003,3,6.0
24520054,19,Do Quang Khoa,18/02/2006,1,HK1 2024-2025,IS201,3,9.1
24520054,19,Do Quang Khoa,18/02/2006,1,HK1 2024-2025,IT002,4,10.0
24520054,19,Do Quang Khoa,18/02/2006,1,HK1 2024-2025,IT001,4,7.6
24520054,19,Do Quang Khoa,18/02/2006,1,HK1 2024-2025,MA005,3,8.5
24520054,19,Do Quang Khoa,18/02/2006,1,HK1 2024-2025,SS001,2,7.8
24520054,19,Do Quang Khoa,18/02/2006,1,HK1 2024-2025,CE118,3,7.4
24520054,19,Do Quang Khoa,18/02/2006,2,HK2 2024-2025,MA003,3,8.5
24520054,19,Do Quang Khoa,18/02/2006,2,HK2 2024-2025,EN001,2,5.1
24520054,19,Do Quang Khoa,18/02/2006,2,HK2 2024-2025,IT001,4,5.5
24520054,19,Do Quang Khoa,18/02/2006,2,HK2 2024-2025,IT004,4,7.9
24520054,19,Do Quang Khoa,18/02/2006,2,HK2 2024-2025,IT002,4,8.4
24520054,19,Do Quang Khoa,18/02/2006,2,HK2 2024-2025,IS201,3,9.4
24520054,19,Do Quang Khoa,18/02/2006,2,HK2 2024-2025,SE104,3,8.6
24520054,19,Do Quang Khoa,18/02/2006,2,HK2 2024-2025,CE118,3,9.4
24520054,19,Do Quang Khoa,18/02/2006,3,HK3 2024-2025,SE104,3,6.2
24520054,19,Do Quang Khoa,18/02/2006,3,HK3 2024-2025,IT003,4,6.1
24520054,19,Do Quang Khoa,18/02/2006,3,HK3 2024-2025,IT004,4,5.8
24520054,19,Do Quang Khoa,18/02/2006,3,HK3 2024-2025,MA005,3,7.0
24520054,19,Do Quang Khoa,18/02/2006,3,HK3 2024-2025,IT002,4,7.6
24520054,19,Do Quang Khoa,18/02/2006,3,HK3 2024-2025,EN001,2,9.0
24520055,19,Tran Xuan Trang,24/02/2006,1,HK1 2024-2025,CE118,3,6.4
24520055,19,Tran Xuan Trang,24/02/2006,1,HK1 2024-2025,SS001,2,9.1
24520055,19,Tran Xuan Trang,24/02/2006,1,HK1 2024-2025,IT001,4,7.5
24520055,19,Tran Xuan Trang,24/02/2006,1,HK1 2024-2025,MA003,3,5.7
24520055,19,Tran Xuan Trang,24/02/2006,1,HK1 2024-2025,IT004,4,6.6
24520055,19,Tran Xuan Trang,24/02/2006,1,HK1 2024-2025,PE001,1,8.8
24520055,19,Tran Xuan Trang,24/02/2006,1,HK1 2024-2025,CS106,4,8.9
24520055,19,Tran Xuan Trang,24/02/2006,1,HK1 2024-2025,SE104,3,8.3
24520055,19,Tran Xuan Trang,24/02/2006,2,HK2 2024-2025,IT003,4,10.0
24520055,19,Tran Xuan Trang,24/02/2006,2,HK2 2024-2025,SE104,3,9.1
24520055,19,Tran Xuan Trang,24/02/2006,2,HK2 2024-2025,CE118,3,7.9
24520055,19,Tran Xuan Trang,24/02/2006,2,HK2 2024-2025,SS001,2,7.2
24520055,19,Tran Xuan Trang,24/02/2006,2,HK2 2024-2025,MA005,3,8.4
24520055,19,Tran Xuan Trang,24/02/2006,2,HK2 2024-2025,IT002,4,7.1
24520055,19,Tran Xuan Trang,24/02/2006,3,HK3 2024-2025,IS201,3,9.1
24520055,19,Tran Xuan Trang,24/02/2006,3,HK3 2024-2025,SS001,2,5.1
24520055,19,Tran Xuan Trang,24/02/2006,3,HK3 2024-2025,SE104,3,5.5
24520055,19,Tran Xuan Trang,24/02/2006,3,HK3 2024-2025,MA003,3,7.7
24520055,19,Tran Xuan Trang,24/02/2006,3,HK3 2024-2025,IT001,4,9.1
24520055,19,Tran Xuan Trang,24/02/2006,3,HK3 2024-2025,IT002,4,5.5
24520056,19,Pham Quang Mai,27/03/2006,1,HK1 2024-2025,CE118,3,8.0
24520056,19,Pham Quang Mai,27/03/2006,1,HK1 2024-2025,CS106,4,5.9
24520056,19,Pham Quang Mai,27/03/2006,1,HK1 2024-2025,IT003,4,6.2
24520056,19,Pham Quang Mai,27/03/2006,1,HK1 2024-2025,MA003,3,9.9
24520056,19,Pham Quang Mai,27/03/2006,1,HK1 2024-2025,IT001,4,7.2
24520056,19,Pham Quang Mai,27/03/2006,1,HK1 2024-2025,EN001,2,8.1
24520056,19,Pham Quang Mai,27/03/2006,1,HK1 2024-2025,IS201,3,7.2
24520056,19,Pham Quang Mai,27/03/2006,1,HK1 2024-2025,SE104,3,8.1
24520056,19,Pham Quang Mai,27/03/2006,2,HK2 2024-2025,CE118,3,5.1
24520056,19,Pham Quang Mai,27/03/2006,2,HK2 2024-2025,IS201,3,8.1
24520056,19,Pham Quang Mai,27/03/2006,2,HK2 2024-2025,IT004,4,9.9
24520056,19,Pham Quang Mai,27/03/2006,2,HK2 2024-2025,IT001,4,10.0
24520056,19,Pham Quang Mai,27/03/2006,2,HK2 2024-2025,SS002,2,7.3
24520056,19,Pham Quang Mai,27/03/2006,2,HK2 2024-2025,MA004,3,5.8
24520056,19,Pham Quang Mai,27/03/2006,2,HK2 2024-2025,MA005,3,7.6
24520056,19,Pham Quang Mai,27/03/2006,2,HK2 2024-2025,SE104,3,9.5
24520056,19,Pham Quang Mai,27/03/2006,3,HK3 2024-2025,CS106,4,9.0
24520056,19,Pham Quang Mai,27/03/2006,3,HK3 2024-2025,IT003,4,9.4
24520056,19,Pham Quang Mai,27/03/2006,3,HK3 2024-2025,CE118,3,7.7
24520056,19,Pham Quang Mai,27/03/2006,3,HK3 2024-2025,EN001,2,7.9
24520056,19,Pham Quang Mai,27/03/2006,3,HK3 2024-2025,IS201,3,9.8
24520056,19,Pham Quang Mai,27/03/2006,3,HK3 2024-2025,IT001,4,7.9
24520056,19,Pham Quang Mai,27/03/2006,3,HK3 2024-2025,SE104,3,5.5
24520057,19,Hoang Hoai Quan,05/04/2006,1,HK1 2024-2025,CS106,4,7.0
24520057,19,Hoang Hoai Quan,05/04/2006,1,HK1 2024-2025,IT002,4,6.5
24520057,19,Hoang Hoai Quan,05/04/2006,1,HK1 2024-2025,MA005,3,10.0
24520057,19,Hoang Hoai Quan,05/04/2006,1,HK1 2024-2025,CE118,3,5.0
24520057,19,Hoang Hoai Quan,05/04/2006,1,HK1 2024-2025,EN001,2,9.7
24520057,19,Hoang Hoai Quan,05/04/2006,1,HK1 2024-2025,IS201,3,7.6
24520057,19,Hoang Hoai Quan,05/04/2006,2,HK2 2024-2025,CS106,4,8.7
24520057,19,Hoang Hoai Quan,05/04/2006,2,HK2 2024-2025,IT001,4,9.3
24520057,19,Hoang Hoai Quan,05/04/2006,2,HK2 2024-2025,PE001,1,9.7
24520057,19,Hoang Hoai Quan,05/04/2006,2,HK2 2024-2025,EN001,2,7.5
24520057,19,Hoang Hoai Quan,05/04/2006,2,HK2 2024-2025,IT002,4,8.7
24520057,19,Hoang Hoai Quan,05/04/2006,2,HK2 2024-2025,MA005,3,6.2
24520057,19,Hoang Hoai Quan,05/04/2006,3,HK3 2024-2025,SE104,3,8.6
24520057,19,Hoang Hoai Quan,05/04/2006,3,HK3 2024-2025,IT004,4,6.0
24520057,19,Hoang Hoai Quan,05/04/2006,3,HK3 2024-2025,MA005,3,6.8
24520057,19,Hoang Hoai Quan,05/04/2006,3,HK3 2024-2025,MA003,3,6.4
24520057,19,Hoang Hoai Quan,05/04/2006,3,HK3 2024-2025,SS002,2,7.5
24520057,19,Hoang Hoai Quan,05/04/2006,3,HK3 2024-2025,EN001,2,5.5
24520058,19,Le Minh Hieu,27/11/2006,1,HK1 2024-2025,PE001,1,7.4
24520058,19,Le Minh Hieu,27/11/2006,1,HK1 2024-2025,MA004,3,7.8
24520058,19,Le Minh Hieu,27/11/2006,1,HK1 2024-2025,CE118,3,7.1
24520058,19,Le Minh Hieu,27/11/2006,1,HK1 2024-2025,MA003,3,8.4
24520058,19,Le Minh Hieu,27/11/2006,1,HK1 2024-2025,IT003,4,6.6
24520058,19,Le Minh Hieu,27/11/2006,1,HK1 2024-2025,MA005,3,6.5
24520058,19,Le Minh Hieu,27/11/2006,2,HK2 2024-2025,IT004,4,5.5
24520058,19,Le Minh Hieu,27/11/2006,2,HK2 2024-2025,MA005,3,8.0
24520058,19,Le Minh Hieu,27/11/2006,2,HK2 2024-2025,PE001,1,8.3
24520058,19,Le Minh Hieu,27/11/2006,2,HK2 2024-2025,SS001,2,7.3
24520058,19,Le Minh Hieu,27/11/2006,2,HK2 2024-2025,IT003,4,7.7
24520058,19,Le Minh Hieu,27/11/2006,2,HK2 2024-2025,SS002,2,8.7
24520058,19,Le Minh Hieu,27/11/2006,2,HK2 2024-2025,IS201,3,5.4
24520058,19,Le Minh Hieu,27/11/2006,3,HK3 2024-2025,IT002,4,5.3
24520058,19,Le Minh Hieu,27/11/2006,3,HK3 2024-2025,MA004,3,8.8
24520058,19,Le Minh Hieu,27/11/2006,3,HK3 2024-2025,CS106,4,9.8
24520058,19,Le Minh Hieu,27/11/2006,3,HK3 2024-2025,IT003,4,6.9
24520058,19,Le Minh Hieu,27/11/2006,3,HK3 2024-2025,IS201,3,5.7
24520058,19,Le Minh Hieu,27/11/2006,3,HK3 2024-2025,SE104,3,7.8
24520058,19,Le Minh Hieu,27/11/2006,3,HK3 2024-2025,IT004,4,5.6
24520059,19,Le Thu Phong,28/10/2006,1,HK1 2024-2025,CE118,3,5.9
24520059,19,Le Thu Phong,28/10/2006,1,HK1 2024-2025,MA005,3,8.7
24520059,19,Le Thu Phong,28/10/2006,1,HK1 2024-2025,MA004,3,6.5
24520059,19,Le Thu Phong,28/10/2006,1,HK1 2024-2025,SS002,2,8.0
24520059,19,Le Thu Phong,28/10/2006,1,HK1 2024-2025,MA003,3,8.9
24520059,19,Le Thu Phong,28/10/2006,1,HK1 2024-2025,IT003,4,7.4
24520059,19,Le Thu Phong,28/10/2006,1,HK1 2024-2025,CS106,4,5.3
24520059,19,Le Thu Phong,28/10/2006,1,HK1 2024-2025,EN001,2,6.3
24520059,19,Le Thu Phong,28/10/2006,2,HK2 2024-2025,IT004,4,6.2
24520059,19,Le Thu Phong,28/10/2006,2,HK2 2024-2025,IT001,4,7.6
24520059,19,Le Thu Phong,28/10/2006,2,HK2 2024-2025,SS001,2,7.8
24520059,19,Le Thu Phong,28/10/2006,2,HK2 2024-2025,CE118,3,9.7
24520059,19,Le Thu Phong,28/10/2006,2,HK2 2024-2025,IS201,3,7.1
24520059,19,Le Thu Phong,28/10/2006,2,HK2 2024-2025,MA003,3,8.3
24520059,19,Le Thu Phong,28/10/2006,2,HK2 2024-2025,CS106,4,9.6
24520059,19,Le Thu Phong,28/10/2006,3,HK3 2024-2025,SE104,3,7.6
24520059,19,Le Thu Phong,28/10/2006,3,HK3 2024-2025,EN001,2,9.7
24520059,19,Le Thu Phong,28/10/2006,3,HK3 2024-2025,MA005,3,9.1
24520059,19,Le Thu Phong,28/10/2006,3,HK3 2024-2025,MA003,3,7.4
24520059,19,Le Thu Phong,28/10/2006,3,HK3 2024-2025,IT002,4,8.7
24520059,19,Le Thu Phong,28/10/2006,3,HK3 2024-2025,IT001,4,7.1
24520060,19,Hoang Ngoc Duy,18/03/2006,1,HK1 2024-2025,IS201,3,7.4
24520060,19,Hoang Ngoc Duy,18/03/2006,1,HK1 2024-2025,SE104,3,5.4
24520060,19,Hoang Ngoc Duy,18/03/2006,1,HK1 2024-2025,CE118,3,8.2
24520060,19,Hoang Ngoc Duy,18/03/2006,1,HK1 2024-2025,MA005,3,7.1
24520060,19,Hoang Ngoc Duy,18/03/2006,1,HK1 2024-2025,SS001,2,7.8
24520060,19,Hoang Ngoc Duy,18/03/2006,1,HK1 2024-2025,IT003,4,9.2
24520060,19,Hoang Ngoc Duy,18/03/2006,2,HK2 2024-2025,MA005,3,9.5
24520060,19,Hoang Ngoc Duy,18/03/2006,2,HK2 2024-2025,IT002,4,9.7
24520060,19,Hoang Ngoc Duy,18/03/2006,2,HK2 2024-2025,SE104,3,5.3
24520060,19,Hoang Ngoc Duy,18/03/2006,2,HK2 2024-2025,SS001,2,6.1
24520060,19,Hoang Ngoc Duy,18/03/2006,2,HK2 2024-2025,MA003,3,9.2
24520060,19,Hoang Ngoc Duy,18/03/2006,2,HK2 2024-2025,IS201,3,8.9
24520060,19,Hoang Ngoc Duy,18/03/2006,3,HK3 2024-2025,MA004,3,6.7
24520060,19,Hoang Ngoc Duy,18/03/2006,3,HK3 2024-2025,PE001,1,8.8
24520060,19,Hoang Ngoc Duy,18/03/2006,3,HK3 2024-2025,CS106,4,7.0
24520060,19,Hoang Ngoc Duy,18/03/2006,3,HK3 2024-2025,MA003,3,9.0
24520060,19,Hoang Ngoc Duy,18/03/2006,3,HK3 2024-2025,IT001,4,7.1
24520060,19,Hoang Ngoc Duy,18/03/2006,3,HK3 2024-2025,SE104,3,6.1
24520060,19,Hoang Ngoc Duy,18/03/2006,3,HK3 2024-2025,CE118,3,9.1
24520061,19,Phan Hoai Chau,19/02/2006,1,HK1 2024-2025,SS001,2,5.0
24520061,19,Phan Hoai Chau,19/02/2006,1,HK1 2024-2025,CS106,4,8.8
24520061,19,Phan Hoai Chau,19/02/2006,1,HK1 2024-2025,PE001,1,6.3
24520061,19,Phan Hoai Chau,19/02/2006,1,HK1 2024-2025,IT004,4,5.2
24520061,19,Phan Hoai Chau,19/02/2006,1,HK1 2024-2025,IT002,4,7.9
24520061,19,Phan Hoai Chau,19/02/2006,1,HK1 2024-2025,SE104,3,6.9
24520061,19,Phan Hoai Chau,19/02/2006,2,HK2 2024-2025,IT004,4,7.4
24520061,19,Phan Hoai Chau,19/02/2006,2,HK2 2024-2025,SE104,3,5.2
24520061,19,Phan Hoai Chau,19/02/2006,2,HK2 2024-2025,IS201,3,5.4
24520061,19,Phan Hoai Chau,19/02/2006,2,HK2 2024-2025,IT002,4,8.0
24520061,19,Phan Hoai Chau,19/02/2006,2,HK2 2024-2025,CS106,4,8.7
24520061,19,Phan Hoai Chau,19/02/2006,2,HK2 2024-2025,EN001,2,6.0
24520061,19,Phan Hoai Chau,19/02/2006,2,HK2 2024-2025,IT003,4,7.6
24520061,19,Phan Hoai Chau,19/02/2006,2,HK2 2024-2025,MA003,3,5.3
24520061,19,Phan Hoai Chau,19/02/2006,3,HK3 2024-2025,CE118,3,9.1
24520061,19,Phan Hoai Chau,19/02/2006,3,HK3 2024-2025,IT003,4,8.1
24520061,19,Phan Hoai Chau,19/02/2006,3,HK3 2024-2025,IT001,4,6.1
24520061,19,Phan Hoai Chau,19/02/2006,3,HK3 2024-2025,SE104,3,7.1
24520061,19,Phan Hoai Chau,19/02/2006,3,HK3 2024-2025,IT002,4,5.3
24520061,19,Phan Hoai Chau,19/02/2006,3,HK3 2024-2025,IS201,3,8.1
24520062,19,Dang Huu Duy,13/11/2006,1,HK1 2024-2025,IS201,3,6.7
24520062,19,Dang Huu Duy,13/11/2006,1,HK1 2024-2025,IT001,4,8.8
24520062,19,Dang Huu Duy,13/11/2006,1,HK1 2024-2025,CS106,4,7.3
24520062,19,Dang Huu Duy,13/11/2006,1,HK1 2024-2025,SE104,3,9.0
24520062,19,Dang Huu Duy,13/11/2006,1,HK1 2024-2025,MA005,3,8.5
24520062,19,Dang Huu Duy,13/11/2006,1,HK1 2024-2025,SS002,2,8.1
24520062,19,Dang Huu Duy,13/11/2006,1,HK1 2024-2025,MA003,3,9.5
24520062,19,Dang Huu Duy,13/11/2006,1,HK1 2024-2025,PE001,1,5.4
24520062,19,Dang Huu Duy,13/11/2006,2,HK2 2024-2025,EN001,2,5.1
24520062,19,Dang Huu Duy,13/11/2006,2,HK2 2024-2025,CE118,3,5.6
24520062,19,Dang Huu Duy,13/11/2006,2,HK2 2024-2025,MA004,3,7.6
24520062,19,Dang Huu Duy,13/11/2006,2,HK2 2024-2025,MA005,3,9.7
24520062,19,Dang Huu Duy,13/11/2006,2,HK2 2024-2025,IT002,4,6.0
24520062,19,Dang Huu Duy,13/11/2006,2,HK2 2024-2025,IT004,4,8.1
24520062,19,Dang Huu Duy,13/11/2006,3,HK3 2024-2025,PE001,1,8.8
24520062,19,Dang Huu Duy,13/11/2006,3,HK3 2024-2025,MA003,3,9.2
24520062,19,Dang Huu Duy,13/11/2006,3,HK3 2024-2025,MA005,3,6.8
24520062,19,Dang Huu Duy,13/11/2006,3,HK3 2024-2025,SS001,2,6.4
24520062,19,Dang Huu Duy,13/11/2006,3,HK3 2024-2025,IT003,4,6.7
24520062,19,Dang Huu Duy,13/11/2006,3,HK3 2024-2025,CS106,4,5.3
24520063,19,Nguyen Quang Quan,14/01/2006,1,HK1 2024-2025,SS001,2,9.1
24520063,19,Nguyen Quang Quan,14/01/2006,1,HK1 2024-2025,MA003,3,7.4
24520063,19,Nguyen Quang Quan,14/01/2006,1,HK1 2024-2025,MA004,3,5.3
24520063,19,Nguyen Quang Quan,14/01/2006,1,HK1 2024-2025,SE104,3,9.4
24520063,19,Nguyen Quang Quan,14/01/2006,1,HK1 2024-2025,EN001,2,8.9
24520063,19,Nguyen Quang Quan,14/01/2006,1,HK1 2024-2025,IT004,4,5.5
24520063,19,Nguyen Quang Quan,14/01/2006,1,HK1 2024-2025,PE001,1,9.9
24520063,19,Nguyen Quang Quan,14/01/2006,2,HK2 2024-2025,IT001,4,5.1
24520063,19,Nguyen Quang Quan,14/01/2006,2,HK2 2024-2025,SS002,2,7.3
24520063,19,Nguyen Quang Quan,14/01/2006,2,HK2 2024-2025,SS001,2,5.6
24520063,19,Nguyen Quang Quan,14/01/2006,2,HK2 2024-2025,IS201,3,6.3
24520063,19,Nguyen Quang Quan,14/01/2006,2,HK2 2024-2025,IT003,4,9.9
24520063,19,Nguyen Quang Quan,14/01/2006,2,HK2 2024-2025,MA004,3,7.7
24520063,19,Nguyen Quang Quan,14/01/2006,2,HK2 2024-2025,SE104,3,8.1
24520063,19,Nguyen Quang Quan,14/01/2006,2,HK2 2024-2025,EN001,2,8.9
24520063,19,Nguyen Quang Quan,14/01/2006,3,HK3 2024-2025,EN001,2,7.5
24520063,19,Nguyen Quang Quan,14/01/2006,3,HK3 2024-2025,MA003,3,9.9
24520063,19,Nguyen Quang Quan,14/01/2006,3,HK3 2024-2025,IS201,3,9.7
24520063,19,Nguyen Quang Quan,14/01/2006,3,HK3 2024-2025,CE118,3,9.2
24520063,19,Nguyen Quang Quan,14/01/2006,3,HK3 2024-2025,SE104,3,6.2
24520063,19,Nguyen Quang Quan,14/01/2006,3,HK3 2024-2025,MA005,3,6.4
24520063,19,Nguyen Quang Quan,14/01/2006,3,HK3 2024-2025,MA004,3,8.8
24520064,19,Phan Gia Nam,22/10/2006,1,HK1 2024-2025,SS001,2,8.8
24520064,19,Phan Gia Nam,22/10/2006,1,HK1 2024-2025,IT001,4,9.1
24520064,19,Phan Gia Nam,22/10/2006,1,HK1 2024-2025,MA004,3,6.6
24520064,19,Phan Gia Nam,22/10/2006,1,HK1 2024-2025,SS002,2,9.1
24520064,19,Phan Gia Nam,22/10/2006,1,HK1 2024-2025,IS201,3,5.9
24520064,19,Phan Gia Nam,22/10/2006,1,HK1 2024-2025,SE104,3,5.7
24520064,19,Phan Gia Nam,22/10/2006,1,HK1 2024-2025,EN001,2,6.6
24520064,19,Phan Gia Nam,22/10/2006,2,HK2 2024-2025,IT002,4,7.6
24520064,19,Phan Gia Nam,22/10/2006,2,HK2 2024-2025,IT004,4,7.2
24520064,19,Phan Gia Nam,22/10/2006,2,HK2 2024-2025,CE118,3,8.1
24520064,19,Phan Gia Nam,22/10/2006,2,HK2 2024-2025,CS106,4,6.3
24520064,19,Phan Gia Nam,22/10/2006,2,HK2 2024-2025,MA003,3,10.0
24520064,19,Phan Gia Nam,22/10/2006,2,HK2 2024-2025,MA005,3,8.2
24520064,19,Phan Gia Nam,22/10/2006,2,HK2 2024-2025,IS201,3,8.7
24520064,19,Phan Gia Nam,22/10/2006,3,HK3 2024-2025,PE001,1,9.1
24520064,19,Phan Gia Nam,22/10/2006,3,HK3 2024-2025,MA004,3,7.9
24520064,19,Phan Gia Nam,22/10/2006,3,HK3 2024-2025,IT003,4,7.9
24520064,19,Phan Gia Nam,22/10/2006,3,HK3 2024-2025,SE104,3,7.6
24520064,19,Phan Gia Nam,22/10/2006,3,HK3 2024-2025,IT001,4,7.9
24520064,19,Phan Gia Nam,22/10/2006,3,HK3 2024-2025,CE118,3,6.2
24520064,19,Phan Gia Nam,22/10/2006,3,HK3 2024-2025,IT002,4,5.2
24520064,19,Phan Gia Nam,22/10/2006,3,HK3 2024-2025,IT004,4,5.2
24520065,19,Le Xuan Chau,03/12/2006,1,HK1 2024-2025,IT001,4,5.8
24520065,19,Le Xuan Chau,03/12/2006,1,HK1 2024-2025,IT004,4,8.1
24520065,19,Le Xuan Chau,03/12/2006,1,HK1 2024-2025,CS106,4,9.2
24520065,19,Le Xuan Chau,03/12/2006,1,HK1 2024-2025,CE118,3,7.5
24520065,19,Le Xuan Chau,03/12/2006,1,HK1 2024-2025,SS002,2,7.9
24520065,19,Le Xuan Chau,03/12/2006,1,HK1 2024-2025,MA003,3,7.4
24520065,19,Le Xuan Chau,03/12/2006,1,HK1 2024-2025,SE104,3,7.8
24520065,19,Le Xuan Chau,03/12/2006,2,HK2 2024-2025,MA004,3,9.8
24520065,19,Le Xuan Chau,03/12/2006,2,HK2 2024-2025,IT004,4,5.9
24520065,19,Le Xuan Chau,03/12/2006,2,HK2 2024-2025,MA003,3,5.0
24520065,19,Le Xuan Chau,03/12/2006,2,HK2 2024-2025,IS201,3,6.8
24520065,19,Le Xuan Chau,03/12/2006,2,HK2 2024-2025,SS001,2,10.0
24520065,19,Le Xuan Chau,03/12/2006,2,HK2 2024-2025,CE118,3,9.7
24520065,19,Le Xuan Chau,03/12/2006,2,HK2 2024-2025,SE104,3,5.4
24520065,19,Le Xuan Chau,03/12/2006,2,HK2 2024-2025,CS106,4,6.6
24520065,19,Le Xuan Chau,03/12/2006,3,HK3 2024-2025,MA005,3,9.6
24520065,19,Le Xuan Chau,03/12/2006,3,HK3 2024-2025,IT004,4,7.2
24520065,19,Le Xuan Chau,03/12/2006,3,HK3 2024-2025,CS106,4,6.6
24520065,19,Le Xuan Chau,03/12/2006,3,HK3 2024-2025,MA004,3,5.8
24520065,19,Le Xuan Chau,03/12/2006,3,HK3 2024-2025,SE104,3,9.2
24520065,19,Le Xuan Chau,03/12/2006,3,HK3 2024-2025,EN001,2,5.4
24520066,19,Hoang Hoai Duy,14/03/2006,1,HK1 2024-2025,MA004,3,6.6
24520066,19,Hoang Hoai Duy,14/03/2006,1,HK1 2024-2025,MA003,3,7.3
24520066,19,Hoang Hoai Duy,14/03/2006,1,HK1 2024-2025,EN001,2,10.0
24520066,19,Hoang Hoai Duy,14/03/2006,1,HK1 2024-2025,SE104,3,5.7
24520066,19,Hoang Hoai Duy,14/03/2006,1,HK1 2024-2025,MA005,3,5.2
24520066,19,Hoang Hoai Duy,14/03/2006,1,HK1 2024-2025,IT001,4,6.9
24520066,19,Hoang Hoai Duy,14/03/2006,1,HK1 2024-2025,CE118,3,7.1
24520066,19,Hoang Hoai Duy,14/03/2006,2,HK2 2024-2025,MA004,3,6.9
24520066,19,Hoang Hoai Duy,14/03/2006,2,HK2 2024-2025,EN001,2,5.6
24520066,19,Hoang Hoai Duy,14/03/2006,2,HK2 2024-2025,SE104,3,8.6
24520066,19,Hoang Hoai Duy,14/03/2006,2,HK2 2024-2025,IT001,4,6.0
24520066,19,Hoang Hoai Duy,14/03/2006,2,HK2 2024-2025,CE118,3,6.0
24520066,19,Hoang Hoai Duy,14/03/2006,2,HK2 2024-2025,SS002,2,6.0
24520066,19,Hoang Hoai Duy,14/03/2006,3,HK3 2024-2025,PE001,1,9.8
24520066,19,Hoang Hoai Duy,14/03/2006,3,HK3 2024-2025,SE104,3,6.2
24520066,19,Hoang Hoai Duy,14/03/2006,3,HK3 2024-2025,MA004,3,9.3
24520066,19,Hoang Hoai Duy,14/03/2006,3,HK3 2024-2025,IT004,4,7.0
24520066,19,Hoang Hoai Duy,14/03/2006,3,HK3 2024-2025,SS001,2,5.6
24520066,19,Hoang Hoai Duy,14/03/2006,3,HK3 2024-2025,MA005,3,8.7
24520067,19,Phan Gia Quan,19/04/2006,1,HK1 2024-2025,IS201,3,5.4
24520067,19,Phan Gia Quan,19/04/2006,1,HK1 2024-2025,SE104,3,7.1
24520067,19,Phan Gia Quan,19/04/2006,1,HK1 2024-2025,EN001,2,8.9
24520067,19,Phan Gia Quan,19/04/2006,1,HK1 2024-2025,MA005,3,9.1
24520067,19,Phan Gia Quan,19/04/2006,1,HK1 2024-2025,MA004,3,7.3
24520067,19,Phan Gia Quan,19/04/2006,1,HK1 2024-2025,MA003,3,7.6
24520067,19,Phan Gia Quan,19/04/2006,2,HK2 2024-2025,CS106,4,5.4
24520067,19,Phan Gia Quan,19/04/2006,2,HK2 2024-2025,MA005,3,5.9
24520067,19,Phan Gia Quan,19/04/2006,2,HK2 2024-2025,SE104,3,6.0
24520067,19,Phan Gia Quan,19/04/2006,2,HK2 2024-2025,IT004,4,8.7
24520067,19,Phan Gia Quan,19/04/2006,2,HK2 2024-2025,MA003,3,7.8
24520067,19,Phan Gia Quan,19/04/2006,2,HK2 2024-2025,IT001,4,9.5
24520067,19,Phan Gia Quan,19/04/2006,2,HK2 2024-2025,MA004,3,9.3
24520067,19,Phan Gia Quan,19/04/2006,3,HK3 2024-2025,IS201,3,7.5
24520067,19,Phan Gia Quan,19/04/2006,3,HK3 2024-2025,MA004,3,9.7
24520067,19,Phan Gia Quan,19/04/2006,3,HK3 2024-2025,CS106,4,5.9
24520067,19,Phan Gia Quan,19/04/2006,3,HK3 2024-2025,IT001,4,7.6
24520067,19,Phan Gia Quan,19/04/2006,3,HK3 2024-2025,SS002,2,8.9
24520067,19,Phan Gia Quan,19/04/2006,3,HK3 2024-2025,SS001,2,7.0
24520067,19,Phan Gia Quan,19/04/2006,3,HK3 2024-2025,IT002,4,8.5
24520068,19,Hoang Ngoc Hieu,06/01/2006,1,HK1 2024-2025,SS001,2,7.6
24520068,19,Hoang Ngoc Hieu,06/01/2006,1,HK1 2024-2025,IT002,4,8.6
24520068,19,Hoang Ngoc Hieu,06/01/2006,1,HK1 2024-2025,CE118,3,7.2
24520068,19,Hoang Ngoc Hieu,06/01/2006,1,HK1 2024-2025,MA003,3,9.1
24520068,19,Hoang Ngoc Hieu,06/01/2006,1,HK1 2024-2025,SE104,3,8.2
24520068,19,Hoang Ngoc Hieu,06/01/2006,1,HK1 2024-2025,IS201,3,8.1
24520068,19,Hoang Ngoc Hieu,06/01/2006,2,HK2 2024-2025,MA003,3,5.3
24520068,19,Hoang Ngoc Hieu,06/01/2006,2,HK2 2024-2025,SS001,2,6.3
24520068,19,Hoang Ngoc Hieu,06/01/2006,2,HK2 2024-2025,IT003,4,6.8
24520068,19,Hoang Ngoc Hieu,06/01/2006,2,HK2 2024-2025,IS201,3,9.2
24520068,19,Hoang Ngoc Hieu,06/01/2006,2,HK2 2024-2025,MA005,3,9.4
24520068,19,Hoang Ngoc Hieu,06/01/2006,2,HK2 2024-2025,CS106,4,9.0
24520068,19,Hoang Ngoc Hieu,06/01/2006,2,HK2 2024-2025,IT001,4,9.8
24520068,19,Hoang Ngoc Hieu,06/01/2006,2,HK2 2024-2025,IT004,4,9.4
24520068,19,Hoang Ngoc Hieu,06/01/2006,3,HK3 2024-2025,CS106,4,6.3
24520068,19,Hoang Ngoc Hieu,06/01/2006,3,HK3 2024-2025,MA004,3,8.2
24520068,19,Hoang Ngoc Hieu,06/01/2006,3,HK3 2024-2025,MA003,3,9.9
24520068,19,Hoang Ngoc Hieu,06/01/2006,3,HK3 2024-2025,IT002,4,6.5
24520068,19,Hoang Ngoc Hieu,06/01/2006,3,HK3 2024-2025,IT003,4,6.4
24520068,19,Hoang Ngoc Hieu,06/01/2006,3,HK3 2024-2025,MA005,3,6.3
24520068,19,Hoang Ngoc Hieu,06/01/2006,3,HK3 2024-2025,SS001,2,7.0
24520069,19,Vu Minh Mai,02/11/2006,1,HK1 2024-2025,MA003,3,5.8
24520069,19,Vu Minh Mai,02/11/2006,1,HK1 2024-2025,MA004,3,5.8
24520069,19,Vu Minh Mai,02/11/2006,1,HK1 2024-2025,SS001,2,8.8
24520069,19,Vu Minh Mai,02/11/2006,1,HK1 2024-2025,IT001,4,6.4
24520069,19,Vu Minh Mai,02/11/2006,1,HK1 2024-2025,PE001,1,8.2
24520069,19,Vu Minh Mai,02/11/2006,1,HK1 2024-2025,MA005,3,8.2
24520069,19,Vu Minh Mai,02/11/2006,2,HK2 2024-2025,IT002,4,7.7
24520069,19,Vu Minh Mai,02/11/2006,2,HK2 2024-2025,IT003,4,6.9
24520069,19,Vu Minh Mai,02/11/2006,2,HK2 2024-2025,MA005,3,7.2
24520069,19,Vu Minh Mai,02/11/2006,2,HK2 2024-2025,EN001,2,6.7
24520069,19,Vu Minh Mai,02/11/2006,2,HK2 2024-2025,MA004,3,5.6
24520069,19,Vu Minh Mai,02/11/2006,2,HK2 2024-2025,PE001,1,9.5
24520069,19,Vu Minh Mai,02/11/2006,2,HK2 2024-2025,MA003,3,7.5
24520069,19,Vu Minh Mai,02/11/2006,2,HK2 2024-2025,SS001,2,5.5
24520069,19,Vu Minh Mai,02/11/2006,3,HK3 2024-2025,CE118,3,8.9
24520069,19,Vu Minh Mai,02/11/2006,3,HK3 2024-2025,MA003,3,9.0
24520069,19,Vu Minh Mai,02/11/2006,3,HK3 2024-2025,MA005,3,7.0
24520069,19,Vu Minh Mai,02/11/2006,3,HK3 2024-2025,MA004,3,9.3
24520069,19,Vu Minh Mai,02/11/2006,3,HK3 2024-2025,SE104,3,6.1
24520069,19,Vu Minh Mai,02/11/2006,3,HK3 2024-2025,IT004,4,6.5
24520069,19,Vu Minh Mai,02/11/2006,3,HK3 2024-2025,IT003,4,5.3
24520069,19,Vu Minh Mai,02/11/2006,3,HK3 2024-2025,IS201,3,5.1
24520070,19,Le Thu Linh,28/02/2006,1,HK1 2024-2025,IS201,3,5.4
24520070,19,Le Thu Linh,28/02/2006,1,HK1 2024-2025,CE118,3,5.4
24520070,19,Le Thu Linh,28/02/2006,1,HK1 2024-2025,IT003,4,8.7
24520070,19,Le Thu Linh,28/02/2006,1,HK1 2024-2025,IT004,4,5.6
24520070,19,Le Thu Linh,28/02/2006,1,HK1 2024-2025,SS002,2,7.8
24520070,19,Le Thu Linh,28/02/2006,1,HK1 2024-2025,EN001,2,8.3
24520070,19,Le Thu Linh,28/02/2006,1,HK1 2024-2025,MA004,3,8.9
24520070,19,Le Thu Linh,28/02/2006,2,HK2 2024-2025,EN001,2,8.0
24520070,19,Le Thu Linh,28/02/2006,2,HK2 2024-2025,IT003,4,8.7
24520070,19,Le Thu Linh,28/02/2006,2,HK2 2024-2025,IT001,4,9.3
24520070,19,Le Thu Linh,28/02/2006,2,HK2 2024-2025,CE118,3,5.5
24520070,19,Le Thu Linh,28/02/2006,2,HK2 2024-2025,MA004,3,9.3
24520070,19,Le Thu Linh,28/02/2006,2,HK2 2024-2025,SE104,3,7.7
24520070,19,Le Thu Linh,28/02/2006,2,HK2 2024-2025,IT002,4,8.4
24520070,19,Le Thu Linh,28/02/2006,3,HK3 2024-2025,CS106,4,5.5
24520070,19,Le Thu Linh,28/02/2006,3,HK3 2024-2025,SS001,2,6.4
24520070,19,Le Thu Linh,28/02/2006,3,HK3 2024-2025,EN001,2,8.9
24520070,19,Le Thu Linh,28/02/2006,3,HK3 2024-2025,SE104,3,5.1
24520070,19,Le Thu Linh,28/02/2006,3,HK3 2024-2025,MA005,3,8.6
24520070,19,Le Thu Linh,28/02/2006,3,HK3 2024-2025,IT003,4,7.0
24520070,19,Le Thu Linh,28/02/2006,3,HK3 2024-2025,IT004,4,9.3
24520071,19,Pham Thu Vy,26/05/2006,1,HK1 2024-2025,MA003,3,6.1
24520071,19,Pham Thu Vy,26/05/2006,1,HK1 2024-2025,IT001,4,9.3
24520071,19,Pham Thu Vy,26/05/2006,1,HK1 2024-2025,CS106,4,6.0
24520071,19,Pham Thu Vy,26/05/2006,1,HK1 2024-2025,SS002,2,5.5
24520071,19,Pham Thu Vy,26/05/2006,1,HK1 2024-2025,EN001,2,5.8
24520071,19,Pham Thu Vy,26/05/2006,1,HK1 2024-2025,PE001,1,9.2
24520071,19,Pham Thu Vy,26/05/2006,1,HK1 2024-2025,IT002,4,8.5
24520071,19,Pham Thu Vy,26/05/2006,2,HK2 2024-2025,IT002,4,8.3
24520071,19,Pham Thu Vy,26/05/2006,2,HK2 2024-2025,IT001,4,8.6
24520071,19,Pham Thu Vy,26/05/2006,2,HK2 2024-2025,SS001,2,6.4
24520071,19,Pham Thu Vy,26/05/2006,2,HK2 2024-2025,MA005,3,8.5
24520071,19,Pham Thu Vy,26/05/2006,2,HK2 2024-2025,CE118,3,6.6
24520071,19,Pham Thu Vy,26/05/2006,2,HK2 2024-2025,CS106,4,7.3
24520071,19,Pham Thu Vy,26/05/2006,2,HK2 2024-2025,PE001,1,6.4
24520071,19,Pham Thu Vy,26/05/2006,3,HK3 2024-2025,CE118,3,8.5
24520071,19,Pham Thu Vy,26/05/2006,3,HK3 2024-2025,IT004,4,8.9
24520071,19,Pham Thu Vy,26/05/2006,3,HK3 2024-2025,SE104,3,8.1
24520071,19,Pham Thu Vy,26/05/2006,3,HK3 2024-2025,IT001,4,5.4
24520071,19,Pham Thu Vy,26/05/2006,3,HK3 2024-2025,EN001,2,8.8
24520071,19,Pham Thu Vy,26/05/2006,3,HK3 2024-2025,IS201,3,7.3
24520072,19,Huynh Quang An,25/09/2006,1,HK1 2024-2025,IT001,4,9.6
24520072,19,Huynh Quang An,25/09/2006,1,HK1 2024-2025,IT002,4,6.3
24520072,19,Huynh Quang An,25/09/2006,1,HK1 2024-2025,IS201,3,7.9
24520072,19,Huynh Quang An,25/09/2006,1,HK1 2024-2025,MA003,3,7.6
24520072,19,Huynh Quang An,25/09/2006,1,HK1 2024-2025,CS106,4,5.8
24520072,19,Huynh Quang An,25/09/2006,1,HK1 2024-2025,MA005,3,6.4
24520072,19,Huynh Quang An,25/09/2006,2,HK2 2024-2025,MA005,3,8.2
24520072,19,Huynh Quang An,25/09/2006,2,HK2 2024-2025,IT002,4,9.6
24520072,19,Huynh Quang An,25/09/2006,2,HK2 2024-2025,IT004,4,7.6
24520072,19,Huynh Quang An,25/09/2006,2,HK2 2024-2025,SS001,2,5.8
24520072,19,Huynh Quang An,25/09/2006,2,HK2 2024-2025,EN001,2,8.3
24520072,19,Huynh Quang An,25/09/2006,2,HK2 2024-2025,SE104,3,10.0
24520072,19,Huynh Quang An,25/09/2006,3,HK3 2024-2025,MA003,3,9.7
24520072,19,Huynh Quang An,25/09/2006,3,HK3 2024-2025,EN001,2,6.1
24520072,19,Huynh Quang An,25/09/2006,3,HK3 2024-2025,SE104,3,5.1
24520072,19,Huynh Quang An,25/09/2006,3,HK3 2024-2025,SS002,2,6.9
24520072,19,Huynh Quang An,25/09/2006,3,HK3 2024-2025,MA004,3,8.3
24520072,19,Huynh Quang An,25/09/2006,3,HK3 2024-2025,IS201,3,7.2
24520073,19,Pham Huu Trang,07/04/2006,1,HK1 2024-2025,PE001,1,5.4
24520073,19,Pham Huu Trang,07/04/2006,1,HK1 2024-2025,MA003,3,7.4
24520073,19,Pham Huu Trang,07/04/2006,1,HK1 2024-2025,SE104,3,6.9
24520073,19,Pham Huu Trang,07/04/2006,1,HK1 2024-2025,IT001,4,9.0
24520073,19,Pham Huu Trang,07/04/2006,1,HK1 2024-2025,SS001,2,5.3
24520073,19,Pham Huu Trang,07/04/2006,1,HK1 2024-2025,EN001,2,8.0
24520073,19,Pham Huu Trang,07/04/2006,2,HK2 2024-2025,IT003,4,6.0
24520073,19,Pham Huu Trang,07/04/2006,2,HK2 2024-2025,MA004,3,6.0
24520073,19,Pham Huu Trang,07/04/2006,2,HK2 2024-2025,IT001,4,6.3
24520073,19,Pham Huu Trang,07/04/2006,2,HK2 2024-2025,MA003,3,7.5
24520073,19,Pham Huu Trang,07/04/2006,2,HK2 2024-2025,SS001,2,5.3
24520073,19,Pham Huu Trang,07/04/2006,2,HK2 2024-2025,EN001,2,7.9
24520073,19,Pham Huu Trang,07/04/2006,2,HK2 2024-2025,IS201,3,6.4
24520073,19,Pham Huu Trang,07/04/2006,2,HK2 2024-2025,SE104,3,5.8
24520073,19,Pham Huu Trang,07/04/2006,3,HK3 2024-2025,MA005,3,6.3
24520073,19,Pham Huu Trang,07/04/2006,3,HK3 2024-2025,CE118,3,5.9
24520073,19,Pham Huu Trang,07/04/2006,3,HK3 2024-2025,IT003,4,7.1
24520073,19,Pham Huu Trang,07/04/2006,3,HK3 2024-2025,SE104,3,6.6
24520073,19,Pham Huu Trang,07/04/2006,3,HK3 2024-2025,MA003,3,6.6
24520073,19,Pham Huu Trang,07/04/2006,3,HK3 2024-2025,EN001,2,8.5
24520074,19,Huynh Minh Khoa,17/06/2006,1,HK1 2024-2025,CE118,3,8.9
24520074,19,Huynh Minh Khoa,17/06/2006,1,HK1 2024-2025,EN001,2,6.3
24520074,19,Huynh Minh Khoa,17/06/2006,1,HK1 2024-2025,MA003,3,8.8
24520074,19,Huynh Minh Khoa,17/06/2006,1,HK1 2024-2025,IS201,3,5.6
24520074,19,Huynh Minh Khoa,17/06/2006,1,HK1 2024-2025,IT004,4,8.6
24520074,19,Huynh Minh Khoa,17/06/2006,1,HK1 2024-2025,IT002,4,7.1
24520074,19,Huynh Minh Khoa,17/06/2006,1,HK1 2024-2025,SE104,3,9.7
24520074,19,Huynh Minh Khoa,17/06/2006,2,HK2 2024-2025,EN001,2,9.4
24520074,19,Huynh Minh Khoa,17/06/2006,2,HK2 2024-2025,IT003,4,8.2
24520074,19,Huynh Minh Khoa,17/06/2006,2,HK2 2024-2025,PE001,1,6.7
24520074,19,Huynh Minh Khoa,17/06/2006,2,HK2 2024-2025,IT002,4,8.9
24520074,19,Huynh Minh Khoa,17/06/2006,2,HK2 2024-2025,MA005,3,8.8
24520074,19,Huynh Minh Khoa,17/06/2006,2,HK2 2024-2025,SS002,2,5.4
24520074,19,Huynh Minh Khoa,17/06/2006,2,HK2 2024-2025,SE104,3,6.1
24520074,19,Huynh Minh Khoa,17/06/2006,2,HK2 2024-2025,IT001,4,9.2
24520074,19,Huynh Minh Khoa,17/06/2006,3,HK3 2024-2025,EN001,2,7.8
24520074,19,Huynh Minh Khoa,17/06/2006,3,HK3 2024-2025,PE001,1,7.9
24520074,19,Huynh Minh Khoa,17/06/2006,3,HK3 2024-2025,SS001,2,7.3
24520074,19,Huynh Minh Khoa,17/06/2006,3,HK3 2024-2025,IT001,4,7.2
24520074,19,Huynh Minh Khoa,17/06/2006,3,HK3 2024-2025,SS002,2,8.9
24520074,19,Huynh Minh Khoa,17/06/2006,3,HK3 2024-2025,IT004,4,7.7
24520074,19,Huynh Minh Khoa,17/06/2006,3,HK3 2024-2025,CE118,3,6.8
24520074,19,Huynh Minh Khoa,17/06/2006,3,HK3 2024-2025,MA003,3,5.7
24520075,19,Phan Gia Khoa,12/10/2006,1,HK1 2024-2025,MA003,3,5.1
24520075,19,Phan Gia Khoa,12/10/2006,1,HK1 2024-2025,IS201,3,9.3
24520075,19,Phan Gia Khoa,12/10/2006,1,HK1 2024-2025,IT002,4,7.7
24520075,19,Phan Gia Khoa,12/10/2006,1,HK1 2024-2025,MA005,3,5.1
24520075,19,Phan Gia Khoa,12/10/2006,1,HK1 2024-2025,CE118,3,8.0
24520075,19,Phan Gia Khoa,12/10/2006,1,HK1 2024-2025,CS106,4,5.6
24520075,19,Phan Gia Khoa,12/10/2006,1,HK1 2024-2025,MA004,3,7.9
24520075,19,Phan Gia Khoa,12/10/2006,1,HK1 2024-2025,EN001,2,6.6
24520075,19,Phan Gia Khoa,12/10/2006,2,HK2 2024-2025,SS001,2,6.5
24520075,19,Phan Gia Khoa,12/10/2006,2,HK2 2024-2025,EN001,2,9.1
24520075,19,Phan Gia Khoa,12/10/2006,2,HK2 2024-2025,SE104,3,7.3
24520075,19,Phan Gia Khoa,12/10/2006,2,HK2 2024-2025,IT004,4,5.8
24520075,19,Phan Gia Khoa,12/10/2006,2,HK2 2024-2025,MA003,3,6.8
24520075,19,Phan Gia Khoa,12/10/2006,2,HK2 2024-2025,CS106,4,7.1
24520075,19,Phan Gia Khoa,12/10/2006,2,HK2 2024-2025,SS002,2,8.2
24520075,19,Phan Gia Khoa,12/10/2006,2,HK2 2024-2025,MA005,3,8.8
24520075,19,Phan Gia Khoa,12/10/2006,3,HK3 2024-2025,CS106,4,9.5
24520075,19,Phan Gia Khoa,12/10/2006,3,HK3 2024-2025,MA003,3,9.2
24520075,19,Phan Gia Khoa,12/10/2006,3,HK3 2024-2025,CE118,3,7.6
24520075,19,Phan Gia Khoa,12/10/2006,3,HK3 2024-2025,IT001,4,5.1
24520075,19,Phan Gia Khoa,12/10/2006,3,HK3 2024-2025,IT004,4,7.2
24520075,19,Phan Gia Khoa,12/10/2006,3,HK3 2024-2025,EN001,2,8.0
24520075,19,Phan Gia Khoa,12/10/2006,3,HK3 2024-2025,MA004,3,9.6
24520076,19,Bui Thi Yen,19/12/2006,1,HK1 2024-2025,IT004,4,6.5
24520076,19,Bui Thi Yen,19/12/2006,1,HK1 2024-2025,SE104,3,7.4
24520076,19,Bui Thi Yen,19/12/2006,1,HK1 2024-2025,IT002,4,7.6
24520076,19,Bui Thi Yen,19/12/2006,1,HK1 2024-2025,PE001,1,7.8
24520076,19,Bui Thi Yen,19/12/2006,1,HK1 2024-2025,MA003,3,6.8
24520076,19,Bui Thi Yen,19/12/2006,1,HK1 2024-2025,IT001,4,8.7
24520076,19,Bui Thi Yen,19/12/2006,1,HK1 2024-2025,CE118,3,6.3
24520076,19,Bui Thi Yen,19/12/2006,1,HK1 2024-2025,MA005,3,5.0
24520076,19,Bui Thi Yen,19/12/2006,2,HK2 2024-2025,IS201,3,5.8
24520076,19,Bui Thi Yen,19/12/2006,2,HK2 2024-2025,IT003,4,9.9
24520076,19,Bui Thi Yen,19/12/2006,2,HK2 2024-2025,MA004,3,5.9
24520076,19,Bui Thi Yen,19/12/2006,2,HK2 2024-2025,IT001,4,9.5
24520076,19,Bui Thi Yen,19/12/2006,2,HK2 2024-2025,SS002,2,5.3
24520076,19,Bui Thi Yen,19/12/2006,2,HK2 2024-2025,IT002,4,9.8
24520076,19,Bui Thi Yen,19/12/2006,2,HK2 2024-2025,MA003,3,9.9
24520076,19,Bui Thi Yen,19/12/2006,2,HK2 2024-2025,EN001,2,5.2
24520076,19,Bui Thi Yen,19/12/2006,3,HK3 2024-2025,IT001,4,8.2
24520076,19,Bui Thi Yen,19/12/2006,3,HK3 2024-2025,MA003,3,6.6
24520076,19,Bui Thi Yen,19/12/2006,3,HK3 2024-2025,PE001,1,9.5
24520076,19,Bui Thi Yen,19/12/2006,3,HK3 2024-2025,SE104,3,8.8
24520076,19,Bui Thi Yen,19/12/2006,3,HK3 2024-2025,MA004,3,9.7
24520076,19,Bui Thi Yen,19/12/2006,3,HK3 2024-2025,CS106,4,5.5
24520076,19,Bui Thi Yen,19/12/2006,3,HK3 2024-2025,IT002,4,7.2
24520077,19,Pham Xuan Chau,23/02/2006,1,HK1 2024-2025,SE104,3,6.1
24520077,19,Pham Xuan Chau,23/02/2006,1,HK1 2024-2025,PE001,1,6.8
24520077,19,Pham Xuan Chau,23/02/2006,1,HK1 2024-2025,SS002,2,9.7
24520077,19,Pham Xuan Chau,23/02/2006,1,HK1 2024-2025,IS201,3,6.1
24520077,19,Pham Xuan Chau,23/02/2006,1,HK1 2024-2025,EN001,2,7.5
24520077,19,Pham Xuan Chau,23/02/2006,1,HK1 2024-2025,IT004,4,9.9
24520077,19,Pham Xuan Chau,23/02/2006,2,HK2 2024-2025,SS002,2,9.4
24520077,19,Pham Xuan Chau,23/02/2006,2,HK2 2024-2025,IT002,4,9.6
24520077,19,Pham Xuan Chau,23/02/2006,2,HK2 2024-2025,CS106,4,9.0
24520077,19,Pham Xuan Chau,23/02/2006,2,HK2 2024-2025,IT003,4,5.5
24520077,19,Pham Xuan Chau,23/02/2006,2,HK2 2024-2025,SS001,2,7.1
24520077,19,Pham Xuan Chau,23/02/2006,2,HK2 2024-2025,MA004,3,5.6
24520077,19,Pham Xuan Chau,23/02/2006,3,HK3 2024-2025,IT001,4,7.8
24520077,19,Pham Xuan Chau,23/02/2006,3,HK3 2024-2025,IT004,4,5.1
24520077,19,Pham Xuan Chau,23/02/2006,3,HK3 2024-2025,MA003,3,9.2
24520077,19,Pham Xuan Chau,23/02/2006,3,HK3 2024-2025,MA005,3,9.1
24520077,19,Pham Xuan Chau,23/02/2006,3,HK3 2024-2025,PE001,1,9.8
24520077,19,Pham Xuan Chau,23/02/2006,3,HK3 2024-2025,SE104,3,6.8
24520078,19,Vu Thu Hieu,23/06/2006,1,HK1 2024-2025,CS106,4,7.8
24520078,19,Vu Thu Hieu,23/06/2006,1,HK1 2024-2025,MA005,3,8.2
24520078,19,Vu Thu Hieu,23/06/2006,1,HK1 2024-2025,EN001,2,6.2
24520078,19,Vu Thu Hieu,23/06/2006,1,HK1 2024-2025,IT001,4,9.9
24520078,19,Vu Thu Hieu,23/06/2006,1,HK1 2024-2025,SE104,3,6.6
24520078,19,Vu Thu Hieu,23/06/2006,1,HK1 2024-2025,PE001,1,7.4
24520078,19,Vu Thu Hieu,23/06/2006,1,HK1 2024-2025,SS001,2,5.0
24520078,19,Vu Thu Hieu,23/06/2006,2,HK2 2024-2025,CE118,3,6.2
24520078,19,Vu Thu Hieu,23/06/2006,2,HK2 2024-2025,SE104,3,9.9
24520078,19,Vu Thu Hieu,23/06/2006,2,HK2 2024-2025,MA005,3,9.4
24520078,19,Vu Thu Hieu,23/06/2006,2,HK2 2024-2025,CS106,4,9.4
24520078,19,Vu Thu Hieu,23/06/2006,2,HK2 2024-2025,MA003,3,9.0
24520078,19,Vu Thu Hieu,23/06/2006,2,HK2 2024-2025,IT002,4,5.5
24520078,19,Vu Thu Hieu,23/06/2006,2,HK2 2024-2025,IT003,4,5.7
24520078,19,Vu Thu Hieu,23/06/2006,2,HK2 2024-2025,SS001,2,6.7
24520078,19,Vu Thu Hieu,23/06/2006,3,HK3 2024-2025,IT003,4,9.7
24520078,19,Vu Thu Hieu,23/06/2006,3,HK3 2024-2025,MA005,3,7.6
24520078,19,Vu Thu Hieu,23/06/2006,3,HK3 2024-2025,IT001,4,7.3
24520078,19,Vu Thu Hieu,23/06/2006,3,HK3 2024-2025,PE001,1,6.2
24520078,19,Vu Thu Hieu,23/06/2006,3,HK3 2024-2025,MA003,3,6.1
24520078,19,Vu Thu Hieu,23/06/2006,3,HK3 2024-2025,MA004,3,9.8
24520078,19,Vu Thu Hieu,23/06/2006,3,HK3 2024-2025,EN001,2,5.8
24520079,19,Le Gia Yen,20/07/2006,1,HK1 2024-2025,MA003,3,8.0
24520079,19,Le Gia Yen,20/07/2006,1,HK1 2024-2025,IT004,4,6.8
24520079,19,Le Gia Yen,20/07/2006,1,HK1 2024-2025,IT001,4,9.4
24520079,19,Le Gia Yen,20/07/2006,1,HK1 2024-2025,SS001,2,7.0
24520079,19,Le Gia Yen,20/07/2006,1,HK1 2024-2025,SS002,2,10.0
24520079,19,Le Gia Yen,20/07/2006,1,HK1 2024-2025,IT002,4,6.2
24520079,19,Le Gia Yen,20/07/2006,2,HK2 2024-2025,MA005,3,8.0
24520079,19,Le Gia Yen,20/07/2006,2,HK2 2024-2025,MA003,3,5.6
24520079,19,Le Gia Yen,20/07/2006,2,HK2 2024-2025,CS106,4,6.4
24520079,19,Le Gia Yen,20/07/2006,2,HK2 2024-2025,EN001,2,7.1
24520079,19,Le Gia Yen,20/07/2006,2,HK2 2024-2025,SE104,3,9.1
24520079,19,Le Gia Yen,20/07/2006,2,HK2 2024-2025,SS002,2,8.8
24520079,19,Le Gia Yen,20/07/2006,2,HK2 2024-2025,IT002,4,6.1
24520079,19,Le Gia Yen,20/07/2006,3,HK3 2024-2025,IT001,4,7.8
24520079,19,Le Gia Yen,20/07/2006,3,HK3 2024-2025,SS002,2,8.0
24520079,19,Le Gia Yen,20/07/2006,3,HK3 2024-2025,CE118,3,9.5
24520079,19,Le Gia Yen,20/07/2006,3,HK3 2024-2025,MA004,3,6.7
24520079,19,Le Gia Yen,20/07/2006,3,HK3 2024-2025,SE104,3,7.0
24520079,19,Le Gia Yen,20/07/2006,3,HK3 2024-2025,IT004,4,7.1
24520079,19,Le Gia Yen,20/07/2006,3,HK3 2024-2025,PE001,1,5.0
24520079,19,Le Gia Yen,20/07/2006,3,HK3 2024-2025,MA005,3,5.6
24520080,19,Tran Quang Quan,03/10/2006,1,HK1 2024-2025,MA005,3,8.1
24520080,19,Tran Quang Quan,03/10/2006,1,HK1 2024-2025,IS201,3,5.1
24520080,19,Tran Quang Quan,03/10/2006,1,HK1 2024-2025,SS002,2,8.9
24520080,19,Tran Quang Quan,03/10/2006,1,HK1 2024-2025,SE104,3,5.1
24520080,19,Tran Quang Quan,03/10/2006,1,HK1 2024-2025,SS001,2,5.7
24520080,19,Tran Quang Quan,03/10/2006,1,HK1 2024-2025,IT001,4,7.1
24520080,19,Tran Quang Quan,03/10/2006,1,HK1 2024-2025,MA004,3,9.2
24520080,19,Tran Quang Quan,03/10/2006,2,HK2 2024-2025,IT002,4,5.6
24520080,19,Tran Quang Quan,03/10/2006,2,HK2 2024-2025,IS201,3,6.0
24520080,19,Tran Quang Quan,03/10/2006,2,HK2 2024-2025,IT003,4,8.2
24520080,19,Tran Quang Quan,03/10/2006,2,HK2 2024-2025,SS002,2,6.9
24520080,19,Tran Quang Quan,03/10/2006,2,HK2 2024-2025,MA005,3,8.4
24520080,19,Tran Quang Quan,03/10/2006,2,HK2 2024-2025,SS001,2,8.1
24520080,19,Tran Quang Quan,03/10/2006,2,HK2 2024-2025,MA003,3,7.0
24520080,19,Tran Quang Quan,03/10/2006,3,HK3 2024-2025,IT004,4,7.7
24520080,19,Tran Quang Quan,03/10/2006,3,HK3 2024-2025,SS001,2,6.6
24520080,19,Tran Quang Quan,03/10/2006,3,HK3 2024-2025,IT003,4,6.1
24520080,19,Tran Quang Quan,03/10/2006,3,HK3 2024-2025,CE118,3,6.4
24520080,19,Tran Quang Quan,03/10/2006,3,HK3 2024-2025,IT001,4,9.6
24520080,19,Tran Quang Quan,03/10/2006,3,HK3 2024-2025,MA004,3,5.9
24520081,19,Phan Ngoc Nam,12/04/2006,1,HK1 2024-2025,CE118,3,8.8
24520081,19,Phan Ngoc Nam,12/04/2006,1,HK1 2024-2025,IT001,4,9.2
24520081,19,Phan Ngoc Nam,12/04/2006,1,HK1 2024-2025,CS106,4,8.5
24520081,19,Phan Ngoc Nam,12/04/2006,1,HK1 2024-2025,IS201,3,8.8
24520081,19,Phan Ngoc Nam,12/04/2006,1,HK1 2024-2025,SE104,3,9.6
24520081,19,Phan Ngoc Nam,12/04/2006,1,HK1 2024-2025,MA003,3,6.6
24520081,19,Phan Ngoc Nam,12/04/2006,1,HK1 2024-2025,SS001,2,9.5
24520081,19,Phan Ngoc Nam,12/04/2006,1,HK1 2024-2025,IT003,4,9.8
24520081,19,Phan Ngoc Nam,12/04/2006,2,HK2 2024-2025,MA003,3,8.7
24520081,19,Phan Ngoc Nam,12/04/2006,2,HK2 2024-2025,MA004,3,9.8
24520081,19,Phan Ngoc Nam,12/04/2006,2,HK2 2024-2025,IS201,3,6.7
24520081,19,Phan Ngoc Nam,12/04/2006,2,HK2 2024-2025,EN001,2,6.6
24520081,19,Phan Ngoc Nam,12/04/2006,2,HK2 2024-2025,PE001,1,6.8
24520081,19,Phan Ngoc Nam,12/04/2006,2,HK2 2024-2025,CS106,4,7.9
24520081,19,Phan Ngoc Nam,12/04/2006,3,HK3 2024-2025,IT002,4,6.3
24520081,19,Phan Ngoc Nam,12/04/2006,3,HK3 2024-2025,IS201,3,9.0
24520081,19,Phan Ngoc Nam,12/04/2006,3,HK3 2024-2025,SS002,2,7.7
24520081,19,Phan Ngoc Nam,12/04/2006,3,HK3 2024-2025,MA005,3,8.0
24520081,19,Phan Ngoc Nam,12/04/2006,3,HK3 2024-2025,EN001,2,8.8
24520081,19,Phan Ngoc Nam,12/04/2006,3,HK3 2024-2025,SE104,3,7.7
24520081,19,Phan Ngoc Nam,12/04/2006,3,HK3 2024-2025,CS106,4,5.8
24520082,19,Vu Xuan Trang,13/09/2006,1,HK1 2024-2025,EN001,2,5.3
24520082,19,Vu Xuan Trang,13/09/2006,1,HK1 2024-2025,CS106,4,8.0
24520082,19,Vu Xuan Trang,13/09/2006,1,HK1 2024-2025,MA004,3,5.6
24520082,19,Vu Xuan Trang,13/09/2006,1,HK1 2024-2025,IT004,4,6.1
24520082,19,Vu Xuan Trang,13/09/2006,1,HK1 2024-2025,PE001,1,7.6
24520082,19,Vu Xuan Trang,13/09/2006,1,HK1 2024-2025,IT002,4,9.8
24520082,19,Vu Xuan Trang,13/09/2006,1,HK1 2024-2025,SS001,2,8.5
24520082,19,Vu Xuan Trang,13/09/2006,2,HK2 2024-2025,IT001,4,8.7
24520082,19,Vu Xuan Trang,13/09/2006,2,HK2 2024-2025,SS001,2,6.3
24520082,19,Vu Xuan Trang,13/09/2006,2,HK2 2024-2025,CS106,4,9.0
24520082,19,Vu Xuan Trang,13/09/2006,2,HK2 2024-2025,SS002,2,9.8
24520082,19,Vu Xuan Trang,13/09/2006,2,HK2 2024-2025,SE104,3,10.0
24520082,19,Vu Xuan Trang,13/09/2006,2,HK2 2024-2025,MA004,3,6.8
24520082,19,Vu Xuan Trang,13/09/2006,2,HK2 2024-2025,MA005,3,8.4
24520082,19,Vu Xuan Trang,13/09/2006,3,HK3 2024-2025,MA005,3,9.6
24520082,19,Vu Xuan Trang,13/09/2006,3,HK3 2024-2025,CE118,3,7.2
24520082,19,Vu Xuan Trang,13/09/2006,3,HK3 2024-2025,IT001,4,9.4
24520082,19,Vu Xuan Trang,13/09/2006,3,HK3 2024-2025,SS001,2,5.1
24520082,19,Vu Xuan Trang,13/09/2006,3,HK3 2024-2025,SS002,2,6.1
24520082,19,Vu Xuan Trang,13/09/2006,3,HK3 2024-2025,MA003,3,8.3
24520082,19,Vu Xuan Trang,13/09/2006,3,HK3 2024-2025,MA004,3,6.3
24520082,19,Vu Xuan Trang,13/09/2006,3,HK3 2024-2025,PE001,1,9.6
24520083,19,Tran Thu Hieu,03/05/2006,1,HK1 2024-2025,IT003,4,9.7
24520083,19,Tran Thu Hieu,03/05/2006,1,HK1 2024-2025,IT002,4,5.6
24520083,19,Tran Thu Hieu,03/05/2006,1,HK1 2024-2025,PE001,1,5.4
24520083,19,Tran Thu Hieu,03/05/2006,1,HK1 2024-2025,EN001,2,9.9
24520083,19,Tran Thu Hieu,03/05/2006,1,HK1 2024-2025,MA004,3,7.0
24520083,19,Tran Thu Hieu,03/05/2006,1,HK1 2024-2025,CE118,3,6.8
24520083,19,Tran Thu Hieu,03/05/2006,1,HK1 2024-2025,SS002,2,5.2
24520083,19,Tran Thu Hieu,03/05/2006,2,HK2 2024-2025,MA005,3,9.9
24520083,19,Tran Thu Hieu,03/05/2006,2,HK2 2024-2025,MA004,3,9.3
24520083,19,Tran Thu Hieu,03/05/2006,2,HK2 2024-2025,SE104,3,5.5
24520083,19,Tran Thu Hieu,03/05/2006,2,HK2 2024-2025,SS001,2,7.9
24520083,19,Tran Thu Hieu,03/05/2006,2,HK2 2024-2025,IT001,4,7.4
24520083,19,Tran Thu Hieu,03/05/2006,2,HK2 2024-2025,CE118,3,9.6
24520083,19,Tran Thu Hieu,03/05/2006,3,HK3 2024-2025,SS001,2,6.3
24520083,19,Tran Thu Hieu,03/05/2006,3,HK3 2024-2025,IT002,4,9.4
24520083,19,Tran Thu Hieu,03/05/2006,3,HK3 2024-2025,EN001,2,9.7
24520083,19,Tran Thu Hieu,03/05/2006,3,HK3 2024-2025,MA003,3,9.5
24520083,19,Tran Thu Hieu,03/05/2006,3,HK3 2024-2025,CS106,4,6.2
24520083,19,Tran Thu Hieu,03/05/2006,3,HK3 2024-2025,IS201,3,8.6
24520083,19,Tran Thu Hieu,03/05/2006,3,HK3 2024-2025,SE104,3,6.3
24520083,19,Tran Thu Hieu,03/05/2006,3,HK3 2024-2025,MA004,3,7.8
24520084,19,Tran Hoai Trang,12/12/2006,1,HK1 2024-2025,MA004,3,9.2
24520084,19,Tran Hoai Trang,12/12/2006,1,HK1 2024-2025,SS001,2,6.0
24520084,19,Tran Hoai Trang,12/12/2006,1,HK1 2024-2025,SE104,3,6.6
24520084,19,Tran Hoai Trang,12/12/2006,1,HK1 2024-2025,EN001,2,6.0
24520084,19,Tran Hoai Trang,12/12/2006,1,HK1 2024-2025,CE118,3,8.0
24520084,19,Tran Hoai Trang,12/12/2006,1,HK1 2024-2025,SS002,2,6.1
24520084,19,Tran Hoai Trang,12/12/2006,2,HK2 2024-2025,IT002,4,6.6
24520084,19,Tran Hoai Trang,12/12/2006,2,HK2 2024-2025,SS001,2,5.5
24520084,19,Tran Hoai Trang,12/12/2006,2,HK2 2024-2025,IT003,4,5.1
24520084,19,Tran Hoai Trang,12/12/2006,2,HK2 2024-2025,SE104,3,8.5
24520084,19,Tran Hoai Trang,12/12/2006,2,HK2 2024-2025,MA004,3,8.6
24520084,19,Tran Hoai Trang,12/12/2006,2,HK2 2024-2025,CE118,3,5.3
24520084,19,Tran Hoai Trang,12/12/2006,3,HK3 2024-2025,MA004,3,5.8
24520084,19,Tran Hoai Trang,12/12/2006,3,HK3 2024-2025,CS106,4,5.7
24520084,19,Tran Hoai Trang,12/12/2006,3,HK3 2024-2025,IT001,4,9.4
24520084,19,Tran Hoai Trang,12/12/2006,3,HK3 2024-2025,SE104,3,7.5
24520084,19,Tran Hoai Trang,12/12/2006,3,HK3 2024-2025,MA005,3,7.9
24520084,19,Tran Hoai Trang,12/12/2006,3,HK3 2024-2025,SS002,2,6.7
24520084,19,Tran Hoai Trang,12/12/2006,3,HK3 2024-2025,IS201,3,6.2
24520084,19,Tran Hoai Trang,12/12/2006,3,HK3 2024-2025,IT003,4,8.6
24520085,19,Phan Ngoc Khoa,11/02/2006,1,HK1 2024-2025,SE104,3,9.7
24520085,19,Phan Ngoc Khoa,11/02/2006,1,HK1 2024-2025,CS106,4,9.8
24520085,19,Phan Ngoc Khoa,11/02/2006,1,HK1 2024-2025,IT002,4,8.0
24520085,19,Phan Ngoc Khoa,11/02/2006,1,HK1 2024-2025,MA004,3,9.5
24520085,19,Phan Ngoc Khoa,11/02/2006,1,HK1 2024-2025,SS001,2,5.4
24520085,19,Phan Ngoc Khoa,11/02/2006,1,HK1 2024-2025,PE001,1,6.7
24520085,19,Phan Ngoc Khoa,11/02/2006,1,HK1 2024-2025,IT004,4,6.3
24520085,19,Phan Ngoc Khoa,11/02/2006,2,HK2 2024-2025,IT001,4,7.0
24520085,19,Phan Ngoc Khoa,11/02/2006,2,HK2 2024-2025,MA005,3,5.1
24520085,19,Phan Ngoc Khoa,11/02/2006,2,HK2 2024-2025,PE001,1,5.2
24520085,19,Phan Ngoc Khoa,11/02/2006,2,HK2 2024-2025,IT004,4,5.1
24520085,19,Phan Ngoc Khoa,11/02/2006,2,HK2 2024-2025,CS106,4,9.9
24520085,19,Phan Ngoc Khoa,11/02/2006,2,HK2 2024-2025,IS201,3,7.1
24520085,19,Phan Ngoc Khoa,11/02/2006,2,HK2 2024-2025,IT003,4,7.2
24520085,19,Phan Ngoc Khoa,11/02/2006,2,HK2 2024-2025,IT002,4,9.0
24520085,19,Phan Ngoc Khoa,11/02/2006,3,HK3 2024-2025,IS201,3,8.4
24520085,19,Phan Ngoc Khoa,11/02/2006,3,HK3 2024-2025,MA004,3,8.3
24520085,19,Phan Ngoc Khoa,11/02/2006,3,HK3 2024-2025,SE104,3,5.3
24520085,19,Phan Ngoc Khoa,11/02/2006,3,HK3 2024-2025,EN001,2,7.4
24520085,19,Phan Ngoc Khoa,11/02/2006,3,HK3 2024-2025,MA003,3,7.0
24520085,19,Phan Ngoc Khoa,11/02/2006,3,HK3 2024-2025,SS001,2,5.2
24520085,19,Phan Ngoc Khoa,11/02/2006,3,HK3 2024-2025,PE001,1,9.6
24520086,19,Do Huu Vy,18/04/2006,1,HK1 2024-2025,SS002,2,7.9
24520086,19,Do Huu Vy,18/04/2006,1,HK1 2024-2025,EN001,2,8.4
24520086,19,Do Huu Vy,18/04/2006,1,HK1 2024-2025,IT002,4,5.1
24520086,19,Do Huu Vy,18/04/2006,1,HK1 2024-2025,SE104,3,6.6
24520086,19,Do Huu Vy,18/04/2006,1,HK1 2024-2025,IT003,4,7.1
24520086,19,Do Huu Vy,18/04/2006,1,HK1 2024-2025,IT004,4,7.8
24520086,19,Do Huu Vy,18/04/2006,1,HK1 2024-2025,CE118,3,5.3
24520086,19,Do Huu Vy,18/04/2006,2,HK2 2024-2025,CE118,3,6.1
24520086,19,Do Huu Vy,18/04/2006,2,HK2 2024-2025,SE104,3,8.6
24520086,19,Do Huu Vy,18/04/2006,2,HK2 2024-2025,IT004,4,5.3
24520086,19,Do Huu Vy,18/04/2006,2,HK2 2024-2025,IT003,4,9.3
24520086,19,Do Huu Vy,18/04/2006,2,HK2 2024-2025,IT001,4,9.8
24520086,19,Do Huu Vy,18/04/2006,2,HK2 2024-2025,MA005,3,8.3
24520086,19,Do Huu Vy,18/04/2006,2,HK2 2024-2025,EN001,2,5.1
24520086,19,Do Huu Vy,18/04/2006,3,HK3 2024-2025,SS002,2,5.8
24520086,19,Do Huu Vy,18/04/2006,3,HK3 2024-2025,IT001,4,8.3
24520086,19,Do Huu Vy,18/04/2006,3,HK3 2024-2025,IT002,4,7.3
24520086,19,Do Huu Vy,18/04/2006,3,HK3 2024-2025,CS106,4,8.0
24520086,19,Do Huu Vy,18/04/2006,3,HK3 2024-2025,MA005,3,7.6
24520086,19,Do Huu Vy,18/04/2006,3,HK3 2024-2025,IS201,3,9.5
24520087,19,Tran Thu Vy,21/09/2006,1,HK1 2024-2025,IT004,4,6.2
24520087,19,Tran Thu Vy,21/09/2006,1,HK1 2024-2025,IT001,4,6.2
24520087,19,Tran Thu Vy,21/09/2006,1,HK1 2024-2025,IT002,4,7.9
24520087,19,Tran Thu Vy,21/09/2006,1,HK1 2024-2025,MA004,3,7.5
24520087,19,Tran Thu Vy,21/09/2006,1,HK1 2024-2025,PE001,1,8.8
24520087,19,Tran Thu Vy,21/09/2006,1,HK1 2024-2025,MA003,3,8.1
24520087,19,Tran Thu Vy,21/09/2006,2,HK2 2024-2025,CS106,4,9.8
24520087,19,Tran Thu Vy,21/09/2006,2,HK2 2024-2025,MA003,3,7.2
24520087,19,Tran Thu Vy,21/09/2006,2,HK2 2024-2025,SS002,2,9.4
24520087,19,Tran Thu Vy,21/09/2006,2,HK2 2024-2025,IT002,4,8.1
24520087,19,Tran Thu Vy,21/09/2006,2,HK2 2024-2025,IT001,4,5.6
24520087,19,Tran Thu Vy,21/09/2006,2,HK2 2024-2025,EN001,2,9.6
24520087,19,Tran Thu Vy,21/09/2006,2,HK2 2024-2025,IT003,4,9.5
24520087,19,Tran Thu Vy,21/09/2006,3,HK3 2024-2025,IT001,4,5.2
24520087,19,Tran Thu Vy,21/09/2006,3,HK3 2024-2025,CS106,4,6.6
24520087,19,Tran Thu Vy,21/09/2006,3,HK3 2024-2025,MA004,3,5.4
24520087,19,Tran Thu Vy,21/09/2006,3,HK3 2024-2025,MA005,3,6.4
24520087,19,Tran Thu Vy,21/09/2006,3,HK3 2024-2025,SS002,2,9.4
24520087,19,Tran Thu Vy,21/09/2006,3,HK3 2024-2025,IS201,3,5.8
24520087,19,Tran Thu Vy,21/09/2006,3,HK3 2024-2025,IT003,4,6.3
24520088,19,Tran Xuan Yen,18/08/2006,1,HK1 2024-2025,IT004,4,9.8
24520088,19,Tran Xuan Yen,18/08/2006,1,HK1 2024-2025,CE118,3,9.1
24520088,19,Tran Xuan Yen,18/08/2006,1,HK1 2024-2025,PE001,1,5.7
24520088,19,Tran Xuan Yen,18/08/2006,1,HK1 2024-2025,IT001,4,7.8
24520088,19,Tran Xuan Yen,18/08/2006,1,HK1 2024-2025,CS106,4,7.5
24520088,19,Tran Xuan Yen,18/08/2006,1,HK1 2024-2025,EN001,2,7.8
24520088,19,Tran Xuan Yen,18/08/2006,1,HK1 2024-2025,SE104,3,8.2
24520088,19,Tran Xuan Yen,18/08/2006,1,HK1 2024-2025,MA003,3,7.1
24520088,19,Tran Xuan Yen,18/08/2006,2,HK2 2024-2025,SE104,3,7.3
24520088,19,Tran Xuan Yen,18/08/2006,2,HK2 2024-2025,CS106,4,9.3
24520088,19,Tran Xuan Yen,18/08/2006,2,HK2 2024-2025,MA004,3,9.9
24520088,19,Tran Xuan Yen,18/08/2006,2,HK2 2024-2025,SS002,2,9.6
24520088,19,Tran Xuan Yen,18/08/2006,2,HK2 2024-2025,IT001,4,6.1
24520088,19,Tran Xuan Yen,18/08/2006,2,HK2 2024-2025,IT003,4,9.8
24520088,19,Tran Xuan Yen,18/08/2006,3,HK3 2024-2025,MA004,3,8.4
24520088,19,Tran Xuan Yen,18/08/2006,3,HK3 2024-2025,IS201,3,6.5
24520088,19,Tran Xuan Yen,18/08/2006,3,HK3 2024-2025,MA005,3,5.4
24520088,19,Tran Xuan Yen,18/08/2006,3,HK3 2024-2025,SS001,2,6.3
24520088,19,Tran Xuan Yen,18/08/2006,3,HK3 2024-2025,EN001,2,5.1
24520088,19,Tran Xuan Yen,18/08/2006,3,HK3 2024-2025,IT003,4,5.0
24520088,19,Tran Xuan Yen,18/08/2006,3,HK3 2024-2025,IT001,4,8.2
24520088,19,Tran Xuan Yen,18/08/2006,3,HK3 2024-2025,CS106,4,5.3
24520089,19,Do Van Mai,14/07/2006,1,HK1 2024-2025,IT002,4,8.4
24520089,19,Do Van Mai,14/07/2006,1,HK1 2024-2025,PE001,1,8.1
24520089,19,Do Van Mai,14/07/2006,1,HK1 2024-2025,IT003,4,5.2
24520089,19,Do Van Mai,14/07/2006,1,HK1 2024-2025,CE118,3,7.1
24520089,19,Do Van Mai,14/07/2006,1,HK1 2024-2025,IT001,4,9.4
24520089,19,Do Van Mai,14/07/2006,1,HK1 2024-2025,CS106,4,7.3
24520089,19,Do Van Mai,14/07/2006,1,HK1 2024-2025,IT004,4,6.8
24520089,19,Do Van Mai,14/07/2006,2,HK2 2024-2025,MA003,3,7.9
24520089,19,Do Van Mai,14/07/2006,2,HK2 2024-2025,SS001,2,5.8
24520089,19,Do Van Mai,14/07/2006,2,HK2 2024-2025,IS201,3,5.5
24520089,19,Do Van Mai,14/07/2006,2,HK2 2024-2025,PE001,1,5.1
24520089,19,Do Van Mai,14/07/2006,2,HK2 2024-2025,IT001,4,9.6
24520089,19,Do Van Mai,14/07/2006,2,HK2 2024-2025,IT004,4,9.8
24520089,19,Do Van Mai,14/07/2006,3,HK3 2024-2025,IS201,3,7.6
24520089,19,Do Van Mai,14/07/2006,3,HK3 2024-2025,CE118,3,6.4
24520089,19,Do Van Mai,14/07/2006,3,HK3 2024-2025,EN001,2,9.6
24520089,19,Do Van Mai,14/07/2006,3,HK3 2024-2025,MA004,3,5.7
24520089,19,Do Van Mai,14/07/2006,3,HK3 2024-2025,MA005,3,8.6
24520089,19,Do Van Mai,14/07/2006,3,HK3 2024-2025,IT003,4,9.5
24520090,19,Bui Thi Khoa,25/07/2006,1,HK1 2024-2025,MA003,3,9.7
24520090,19,Bui Thi Khoa,25/07/2006,1,HK1 2024-2025,IT003,4,6.6
24520090,19,Bui Thi Khoa,25/07/2006,1,HK1 2024-2025,MA005,3,6.6
24520090,19,Bui Thi Khoa,25/07/2006,1,HK1 2024-2025,CE118,3,7.3
24520090,19,Bui Thi Khoa,25/07/2006,1,HK1 2024-2025,SS002,2,5.6
24520090,19,Bui Thi Khoa,25/07/2006,1,HK1 2024-2025,IT001,4,7.7
24520090,19,Bui Thi Khoa,25/07/2006,2,HK2 2024-2025,SS001,2,7.8
24520090,19,Bui Thi Khoa,25/07/2006,2,HK2 2024-2025,PE001,1,5.8
24520090,19,Bui Thi Khoa,25/07/2006,2,HK2 2024-2025,IS201,3,8.5
24520090,19,Bui Thi Khoa,25/07/2006,2,HK2 2024-2025,EN001,2,9.1
24520090,19,Bui Thi Khoa,25/07/2006,2,HK2 2024-2025,SS002,2,9.6
24520090,19,Bui Thi Khoa,25/07/2006,2,HK2 2024-2025,CE118,3,6.0
24520090,19,Bui Thi Khoa,25/07/2006,2,HK2 2024-2025,CS106,4,9.8
24520090,19,Bui Thi Khoa,25/07/2006,3,HK3 2024-2025,MA005,3,7.1
24520090,19,Bui Thi Khoa,25/07/2006,3,HK3 2024-2025,EN001,2,5.9
24520090,19,Bui Thi Khoa,25/07/2006,3,HK3 2024-2025,IT003,4,6.1
24520090,19,Bui Thi Khoa,25/07/2006,3,HK3 2024-2025,PE001,1,8.3
24520090,19,Bui Thi Khoa,25/07/2006,3,HK3 2024-2025,SE104,3,7.6
24520090,19,Bui Thi Khoa,25/07/2006,3,HK3 2024-2025,SS002,2,5.7
24520091,19,Nguyen Van Khoa,12/08/2006,1,HK1 2024-2025,IT002,4,7.8
24520091,19,Nguyen Van Khoa,12/08/2006,1,HK1 2024-2025,CS106,4,8.3
24520091,19,Nguyen Van Khoa,12/08/2006,1,HK1 2024-2025,SS001,2,9.6
24520091,19,Nguyen Van Khoa,12/08/2006,1,HK1 2024-2025,IT001,4,8.8
24520091,19,Nguyen Van Khoa,12/08/2006,1,HK1 2024-2025,IT003,4,8.1
24520091,19,Nguyen Van Khoa,12/08/2006,1,HK1 2024-2025,MA003,3,6.4
24520091,19,Nguyen Van Khoa,12/08/2006,1,HK1 2024-2025,MA004,3,8.9
24520091,19,Nguyen Van Khoa,12/08/2006,1,HK1 2024-2025,CE118,3,5.8
24520091,19,Nguyen Van Khoa,12/08/2006,2,HK2 2024-2025,CE118,3,7.9
24520091,19,Nguyen Van Khoa,12/08/2006,2,HK2 2024-2025,SS001,2,6.2
24520091,19,Nguyen Van Khoa,12/08/2006,2,HK2 2024-2025,IT003,4,9.3
24520091,19,Nguyen Van Khoa,12/08/2006,2,HK2 2024-2025,CS106,4,6.5
24520091,19,Nguyen Van Khoa,12/08/2006,2,HK2 2024-2025,SE104,3,9.4
24520091,19,Nguyen Van Khoa,12/08/2006,2,HK2 2024-2025,MA004,3,5.2
24520091,19,Nguyen Van Khoa,12/08/2006,3,HK3 2024-2025,MA004,3,7.8
24520091,19,Nguyen Van Khoa,12/08/2006,3,HK3 2024-2025,IT002,4,7.2
24520091,19,Nguyen Van Khoa,12/08/2006,3,HK3 2024-2025,IS201,3,5.5
24520091,19,Nguyen Van Khoa,12/08/2006,3,HK3 2024-2025,CE118,3,5.1
24520091,19,Nguyen Van Khoa,12/08/2006,3,HK3 2024-2025,IT004,4,9.7
24520091,19,Nguyen Van Khoa,12/08/2006,3,HK3 2024-2025,CS106,4,7.1
24520092,19,Le Quang Quan,14/04/2006,1,HK1 2024-2025,PE001,1,9.6
24520092,19,Le Quang Quan,14/04/2006,1,HK1 2024-2025,MA004,3,6.4
24520092,19,Le Quang Quan,14/04/2006,1,HK1 2024-2025,CE118,3,8.8
24520092,19,Le Quang Quan,14/04/2006,1,HK1 2024-2025,IT002,4,5.2
24520092,19,Le Quang Quan,14/04/2006,1,HK1 2024-2025,IT004,4,8.8
24520092,19,Le Quang Quan,14/04/2006,1,HK1 2024-2025,SE104,3,7.4
24520092,19,Le Quang Quan,14/04/2006,1,HK1 2024-2025,SS001,2,7.1
24520092,19,Le Quang Quan,14/04/2006,2,HK2 2024-2025,MA003,3,6.2
24520092,19,Le Quang Quan,14/04/2006,2,HK2 2024-2025,SS002,2,7.6
24520092,19,Le Quang Quan,14/04/2006,2,HK2 2024-2025,SE104,3,9.5
24520092,19,Le Quang Quan,14/04/2006,2,HK2 2024-2025,IT002,4,5.5
24520092,19,Le Quang Quan,14/04/2006,2,HK2 2024-2025,IS201,3,6.1
24520092,19,Le Quang Quan,14/04/2006,2,HK2 2024-2025,SS001,2,9.6
24520092,19,Le Quang Quan,14/04/2006,2,HK2 2024-2025,MA004,3,8.4
24520092,19,Le Quang Quan,14/04/2006,2,HK2 2024-2025,CS106,4,7.3
24520092,19,Le Quang Quan,14/04/2006,3,HK3 2024-2025,IT002,4,5.1
24520092,19,Le Quang Quan,14/04/2006,3,HK3 2024-2025,MA005,3,8.2
24520092,19,Le Quang Quan,14/04/2006,3,HK3 2024-2025,CE118,3,8.1
24520092,19,Le Quang Quan,14/04/2006,3,HK3 2024-2025,MA003,3,8.0
24520092,19,Le Quang Quan,14/04/2006,3,HK3 2024-2025,MA004,3,5.9
24520092,19,Le Quang Quan,14/04/2006,3,HK3 2024-2025,SE104,3,9.3
24520092,19,Le Quang Quan,14/04/2006,3,HK3 2024-2025,IT004,4,5.8
24520093,19,Le Huu Vy,11/04/2006,1,HK1 2024-2025,IS201,3,7.9
24520093,19,Le Huu Vy,11/04/2006,1,HK1 2024-2025,MA005,3,9.3
24520093,19,Le Huu Vy,11/04/2006,1,HK1 2024-2025,SS002,2,9.9
24520093,19,Le Huu Vy,11/04/2006,1,HK1 2024-2025,IT001,4,7.9
24520093,19,Le Huu Vy,11/04/2006,1,HK1 2024-2025,MA004,3,6.5
24520093,19,Le Huu Vy,11/04/2006,1,HK1 2024-2025,SS001,2,7.5
24520093,19,Le Huu Vy,11/04/2006,1,HK1 2024-2025,SE104,3,9.5
24520093,19,Le Huu Vy,11/04/2006,2,HK2 2024-2025,IT001,4,8.0
24520093,19,Le Huu Vy,11/04/2006,2,HK2 2024-2025,IT002,4,8.6
24520093,19,Le Huu Vy,11/04/2006,2,HK2 2024-2025,CS106,4,5.8
24520093,19,Le Huu Vy,11/04/2006,2,HK2 2024-2025,SS001,2,6.8
24520093,19,Le Huu Vy,11/04/2006,2,HK2 2024-2025,IT003,4,9.8
24520093,19,Le Huu Vy,11/04/2006,2,HK2 2024-2025,IS201,3,5.8
24520093,19,Le Huu Vy,11/04/2006,2,HK2 2024-2025,IT004,4,5.5
24520093,19,Le Huu Vy,11/04/2006,2,HK2 2024-2025,PE001,1,8.3
24520093,19,Le Huu Vy,11/04/2006,3,HK3 2024-2025,MA005,3,5.3
24520093,19,Le Huu Vy,11/04/2006,3,HK3 2024-2025,CE118,3,7.2
24520093,19,Le Huu Vy,11/04/2006,3,HK3 2024-2025,CS106,4,9.4
24520093,19,Le Huu Vy,11/04/2006,3,HK3 2024-2025,IT004,4,7.5
24520093,19,Le Huu Vy,11/04/2006,3,HK3 2024-2025,MA004,3,9.4
24520093,19,Le Huu Vy,11/04/2006,3,HK3 2024-2025,SE104,3,5.7
24520093,19,Le Huu Vy,11/04/2006,3,HK3 2024-2025,MA003,3,5.4
24520094,19,Le Quang Duy,08/08/2006,1,HK1 2024-2025,IS201,3,7.7
24520094,19,Le Quang Duy,08/08/2006,1,HK1 2024-2025,SS001,2,9.4
24520094,19,Le Quang Duy,08/08/2006,1,HK1 2024-2025,MA003,3,8.0
24520094,19,Le Quang Duy,08/08/2006,1,HK1 2024-2025,SS002,2,8.0
24520094,19,Le Quang Duy,08/08/2006,1,HK1 2024-2025,PE001,1,9.9
24520094,19,Le Quang Duy,08/08/2006,1,HK1 2024-2025,IT001,4,6.8
24520094,19,Le Quang Duy,08/08/2006,2,HK2 2024-2025,IT001,4,9.7
24520094,19,Le Quang Duy,08/08/2006,2,HK2 2024-2025,SS001,2,5.9
24520094,19,Le Quang Duy,08/08/2006,2,HK2 2024-2025,EN001,2,9.6
24520094,19,Le Quang Duy,08/08/2006,2,HK2 2024-2025,CS106,4,8.5
24520094,19,Le Quang Duy,08/08/2006,2,HK2 2024-2025,IT004,4,6.1
24520094,19,Le Quang Duy,08/08/2006,2,HK2 2024-2025,MA005,3,9.5
24520094,19,Le Quang Duy,08/08/2006,2,HK2 2024-2025,IT003,4,6.6
24520094,19,Le Quang Duy,08/08/2006,2,HK2 2024-2025,MA004,3,9.7
24520094,19,Le Quang Duy,08/08/2006,3,HK3 2024-2025,IT003,4,8.1
24520094,19,Le Quang Duy,08/08/2006,3,HK3 2024-2025,SE104,3,6.1
24520094,19,Le Quang Duy,08/08/2006,3,HK3 2024-2025,IT002,4,5.1
24520094,19,Le Quang Duy,08/08/2006,3,HK3 2024-2025,EN001,2,8.0
24520094,19,Le Quang Duy,08/08/2006,3,HK3 2024-2025,IS201,3,8.9
24520094,19,Le Quang Duy,08/08/2006,3,HK3 2024-2025,MA003,3,7.7
24520094,19,Le Quang Duy,08/08/2006,3,HK3 2024-2025,SS002,2,7.0
24520095,19,Huynh Huu Vy,14/11/2006,1,HK1 2024-2025,SS002,2,9.0
24520095,19,Huynh Huu Vy,14/11/2006,1,HK1 2024-2025,IT001,4,8.2
24520095,19,Huynh Huu Vy,14/11/2006,1,HK1 2024-2025,MA003,3,7.9
24520095,19,Huynh Huu Vy,14/11/2006,1,HK1 2024-2025,IT004,4,5.4
24520095,19,Huynh Huu Vy,14/11/2006,1,HK1 2024-2025,EN001,2,9.5
24520095,19,Huynh Huu Vy,14/11/2006,1,HK1 2024-2025,MA005,3,6.6
24520095,19,Huynh Huu Vy,14/11/2006,2,HK2 2024-2025,IS201,3,6.7
24520095,19,Huynh Huu Vy,14/11/2006,2,HK2 2024-2025,EN001,2,7.7
24520095,19,Huynh Huu Vy,14/11/2006,2,HK2 2024-2025,MA003,3,5.2
24520095,19,Huynh Huu Vy,14/11/2006,2,HK2 2024-2025,MA005,3,6.2
24520095,19,Huynh Huu Vy,14/11/2006,2,HK2 2024-2025,IT003,4,9.3
24520095,19,Huynh Huu Vy,14/11/2006,2,HK2 2024-2025,MA004,3,5.8
24520095,19,Huynh Huu Vy,14/11/2006,2,HK2 2024-2025,IT001,4,5.6
24520095,19,Huynh Huu Vy,14/11/2006,3,HK3 2024-2025,IS201,3,6.3
24520095,19,Huynh Huu Vy,14/11/2006,3,HK3 2024-2025,MA005,3,9.7
24520095,19,Huynh Huu Vy,14/11/2006,3,HK3 2024-2025,MA003,3,9.2
24520095,19,Huynh Huu Vy,14/11/2006,3,HK3 2024-2025,SS001,2,9.4
24520095,19,Huynh Huu Vy,14/11/2006,3,HK3 2024-2025,SS002,2,6.3
24520095,19,Huynh Huu Vy,14/11/2006,3,HK3 2024-2025,CE118,3,6.3
24520095,19,Huynh Huu Vy,14/11/2006,3,HK3 2024-2025,PE001,1,7.8
24520096,19,Do Gia An,20/01/2006,1,HK1 2024-2025,CE118,3,9.0
24520096,19,Do Gia An,20/01/2006,1,HK1 2024-2025,MA003,3,7.3
24520096,19,Do Gia An,20/01/2006,1,HK1 2024-2025,PE001,1,9.6
24520096,19,Do Gia An,20/01/2006,1,HK1 2024-2025,SE104,3,6.5
24520096,19,Do Gia An,20/01/2006,1,HK1 2024-2025,IT001,4,6.5
24520096,19,Do Gia An,20/01/2006,1,HK1 2024-2025,IS201,3,6.7
24520096,19,Do Gia An,20/01/2006,1,HK1 2024-2025,SS001,2,7.6
24520096,19,Do Gia An,20/01/2006,1,HK1 2024-2025,IT003,4,7.6
24520096,19,Do Gia An,20/01/2006,2,HK2 2024-2025,MA004,3,6.2
24520096,19,Do Gia An,20/01/2006,2,HK2 2024-2025,IS201,3,5.7
24520096,19,Do Gia An,20/01/2006,2,HK2 2024-2025,PE001,1,8.1
24520096,19,Do Gia An,20/01/2006,2,HK2 2024-2025,MA003,3,8.8
24520096,19,Do Gia An,20/01/2006,2,HK2 2024-2025,SE104,3,9.8
24520096,19,Do Gia An,20/01/2006,2,HK2 2024-2025,IT001,4,10.0
24520096,19,Do Gia An,20/01/2006,3,HK3 2024-2025,CS106,4,6.7
24520096,19,Do Gia An,20/01/2006,3,HK3 2024-2025,EN001,2,7.6
24520096,19,Do Gia An,20/01/2006,3,HK3 2024-2025,MA005,3,6.6
24520096,19,Do Gia An,20/01/2006,3,HK3 2024-2025,SE104,3,6.9
24520096,19,Do Gia An,20/01/2006,3,HK3 2024-2025,IT003,4,6.6
24520096,19,Do Gia An,20/01/2006,3,HK3 2024-2025,IT004,4,8.9
24520096,19,Do Gia An,20/01/2006,3,HK3 2024-2025,PE001,1,6.7
24520097,19,Vo Quang Quan,10/08/2006,1,HK1 2024-2025,PE001,1,9.9
24520097,19,Vo Quang Quan,10/08/2006,1,HK1 2024-2025,SS002,2,9.5
24520097,19,Vo Quang Quan,10/08/2006,1,HK1 2024-2025,MA005,3,7.4
24520097,19,Vo Quang Quan,10/08/2006,1,HK1 2024-2025,IT001,4,6.4
24520097,19,Vo Quang Quan,10/08/2006,1,HK1 2024-2025,IT004,4,6.7
24520097,19,Vo Quang Quan,10/08/2006,1,HK1 2024-2025,MA004,3,6.9
24520097,19,Vo Quang Quan,10/08/2006,1,HK1 2024-2025,SS001,2,9.6
24520097,19,Vo Quang Quan,10/08/2006,2,HK2 2024-2025,PE001,1,8.2
24520097,19,Vo Quang Quan,10/08/2006,2,HK2 2024-2025,EN001,2,6.3
24520097,19,Vo Quang Quan,10/08/2006,2,HK2 2024-2025,IT001,4,8.2
24520097,19,Vo Quang Quan,10/08/2006,2,HK2 2024-2025,MA003,3,5.0
24520097,19,Vo Quang Quan,10/08/2006,2,HK2 2024-2025,IS201,3,7.9
24520097,19,Vo Quang Quan,10/08/2006,2,HK2 2024-2025,SS001,2,8.0
24520097,19,Vo Quang Quan,10/08/2006,3,HK3 2024-2025,IT003,4,10.0
24520097,19,Vo Quang Quan,10/08/2006,3,HK3 2024-2025,IT001,4,5.7
24520097,19,Vo Quang Quan,10/08/2006,3,HK3 2024-2025,IT002,4,6.4
24520097,19,Vo Quang Quan,10/08/2006,3,HK3 2024-2025,EN001,2,9.8
24520097,19,Vo Quang Quan,10/08/2006,3,HK3 2024-2025,MA003,3,7.4
24520097,19,Vo Quang Quan,10/08/2006,3,HK3 2024-2025,SS002,2,6.2
24520098,19,Phan Huu Phong,06/11/2006,1,HK1 2024-2025,MA003,3,9.3
24520098,19,Phan Huu Phong,06/11/2006,1,HK1 2024-2025,CS106,4,8.4
24520098,19,Phan Huu Phong,06/11/2006,1,HK1 2024-2025,SS002,2,8.7
24520098,19,Phan Huu Phong,06/11/2006,1,HK1 2024-2025,IT001,4,9.6
24520098,19,Phan Huu Phong,06/11/2006,1,HK1 2024-2025,IT004,4,5.4
24520098,19,Phan Huu Phong,06/11/2006,1,HK1 2024-2025,SE104,3,6.2
24520098,19,Phan Huu Phong,06/11/2006,1,HK1 2024-2025,EN001,2,8.4
24520098,19,Phan Huu Phong,06/11/2006,2,HK2 2024-2025,MA003,3,5.2
24520098,19,Phan Huu Phong,06/11/2006,2,HK2 2024-2025,PE001,1,6.6
24520098,19,Phan Huu Phong,06/11/2006,2,HK2 2024-2025,CE118,3,8.7
24520098,19,Phan Huu Phong,06/11/2006,2,HK2 2024-2025,IT002,4,5.8
24520098,19,Phan Huu Phong,06/11/2006,2,HK2 2024-2025,CS106,4,7.3
24520098,19,Phan Huu Phong,06/11/2006,2,HK2 2024-2025,SE104,3,6.3
24520098,19,Phan Huu Phong,06/11/2006,2,HK2 2024-2025,IT001,4,8.9
24520098,19,Phan Huu Phong,06/11/2006,3,HK3 2024-2025,SS002,2,9.9
24520098,19,Phan Huu Phong,06/11/2006,3,HK3 2024-2025,IT002,4,6.1
24520098,19,Phan Huu Phong,06/11/2006,3,HK3 2024-2025,SS001,2,9.3
24520098,19,Phan Huu Phong,06/11/2006,3,HK3 2024-2025,IT001,4,8.6
24520098,19,Phan Huu Phong,06/11/2006,3,HK3 2024-2025,PE001,1,9.3
24520098,19,Phan Huu Phong,06/11/2006,3,HK3 2024-2025,CS106,4,8.8
24520098,19,Phan Huu Phong,06/11/2006,3,HK3 2024-2025,MA003,3,7.3
24520098,19,Phan Huu Phong,06/11/2006,3,HK3 2024-2025,MA004,3,9.8
24520099,19,Dang Gia Vy,19/11/2006,1,HK1 2024-2025,MA005,3,8.5
24520099,19,Dang Gia Vy,19/11/2006,1,HK1 2024-2025,CE118,3,9.4
24520099,19,Dang Gia Vy,19/11/2006,1,HK1 2024-2025,EN001,2,8.6
24520099,19,Dang Gia Vy,19/11/2006,1,HK1 2024-2025,SE104,3,10.0
24520099,19,Dang Gia Vy,19/11/2006,1,HK1 2024-2025,IT003,4,8.0
24520099,19,Dang Gia Vy,19/11/2006,1,HK1 2024-2025,SS002,2,9.0
24520099,19,Dang Gia Vy,19/11/2006,2,HK2 2024-2025,IT003,4,8.3
24520099,19,Dang Gia Vy,19/11/2006,2,HK2 2024-2025,PE001,1,5.8
24520099,19,Dang Gia Vy,19/11/2006,2,HK2 2024-2025,IS201,3,5.6
24520099,19,Dang Gia Vy,19/11/2006,2,HK2 2024-2025,SS002,2,9.3
24520099,19,Dang Gia Vy,19/11/2006,2,HK2 2024-2025,MA004,3,6.2
24520099,19,Dang Gia Vy,19/11/2006,2,HK2 2024-2025,CS106,4,6.1
24520099,19,Dang Gia Vy,19/11/2006,2,HK2 2024-2025,MA005,3,6.0
24520099,19,Dang Gia Vy,19/11/2006,2,HK2 2024-2025,MA003,3,5.1
24520099,19,Dang Gia Vy,19/11/2006,3,HK3 2024-2025,SE104,3,8.9
24520099,19,Dang Gia Vy,19/11/2006,3,HK3 2024-2025,MA004,3,6.4
24520099,19,Dang Gia Vy,19/11/2006,3,HK3 2024-2025,IT002,4,7.6
24520099,19,Dang Gia Vy,19/11/2006,3,HK3 2024-2025,SS001,2,5.1
24520099,19,Dang Gia Vy,19/11/2006,3,HK3 2024-2025,MA003,3,7.6
24520099,19,Dang Gia Vy,19/11/2006,3,HK3 2024-2025,CE118,3,6.3
24520100,19,Vo Quang Phong,28/02/2006,1,HK1 2024-2025,IT003,4,9.4
24520100,19,Vo Quang Phong,28/02/2006,1,HK1 2024-2025,MA004,3,8.8
24520100,19,Vo Quang Phong,28/02/2006,1,HK1 2024-2025,MA005,3,5.3
24520100,19,Vo Quang Phong,28/02/2006,1,HK1 2024-2025,IT001,4,8.3
24520100,19,Vo Quang Phong,28/02/2006,1,HK1 2024-2025,CE118,3,8.5
24520100,19,Vo Quang Phong,28/02/2006,1,HK1 2024-2025,SE104,3,6.5
24520100,19,Vo Quang Phong,28/02/2006,1,HK1 2024-2025,MA003,3,5.0
24520100,19,Vo Quang Phong,28/02/2006,1,HK1 2024-2025,SS002,2,8.3
24520100,19,Vo Quang Phong,28/02/2006,2,HK2 2024-2025,IS201,3,8.0
24520100,19,Vo Quang Phong,28/02/2006,2,HK2 2024-2025,MA005,3,9.2
24520100,19,Vo Quang Phong,28/02/2006,2,HK2 2024-2025,IT003,4,8.2
24520100,19,Vo Quang Phong,28/02/2006,2,HK2 2024-2025,CE118,3,10.0
24520100,19,Vo Quang Phong,28/02/2006,2,HK2 2024-2025,MA004,3,5.8
24520100,19,Vo Quang Phong,28/02/2006,2,HK2 2024-2025,PE001,1,6.7
24520100,19,Vo Quang Phong,28/02/2006,2,HK2 2024-2025,IT002,4,8.5
24520100,19,Vo Quang Phong,28/02/2006,2,HK2 2024-2025,CS106,4,5.3
24520100,19,Vo Quang Phong,28/02/2006,3,HK3 2024-2025,EN001,2,8.5
24520100,19,Vo Quang Phong,28/02/2006,3,HK3 2024-2025,CS106,4,5.6
24520100,19,Vo Quang Phong,28/02/2006,3,HK3 2024-2025,SS002,2,8.6
24520100,19,Vo Quang Phong,28/02/2006,3,HK3 2024-2025,IT001,4,9.6
24520100,19,Vo Quang Phong,28/02/2006,3,HK3 2024-2025,MA005,3,10.0
24520100,19,Vo Quang Phong,28/02/2006,3,HK3 2024-2025,CE118,3,6.2
24520100,19,Vo Quang Phong,28/02/2006,3,HK3 2024-2025,SS001,2,5.3
24520101,19,Vu Gia Trang,02/01/2006,1,HK1 2024-2025,MA003,3,6.4
24520101,19,Vu Gia Trang,02/01/2006,1,HK1 2024-2025,IT004,4,5.2
24520101,19,Vu Gia Trang,02/01/2006,1,HK1 2024-2025,SE104,3,9.5
24520101,19,Vu Gia Trang,02/01/2006,1,HK1 2024-2025,IT003,4,8.4
24520101,19,Vu Gia Trang,02/01/2006,1,HK1 2024-2025,SS001,2,6.7
24520101,19,Vu Gia Trang,02/01/2006,1,HK1 2024-2025,IT002,4,7.8
24520101,19,Vu Gia Trang,02/01/2006,1,HK1 2024-2025,CE118,3,7.5
24520101,19,Vu Gia Trang,02/01/2006,2,HK2 2024-2025,PE001,1,9.0
24520101,19,Vu Gia Trang,02/01/2006,2,HK2 2024-2025,SS001,2,9.9
24520101,19,Vu Gia Trang,02/01/2006,2,HK2 2024-2025,MA003,3,9.8
24520101,19,Vu Gia Trang,02/01/2006,2,HK2 2024-2025,MA004,3,8.6
24520101,19,Vu Gia Trang,02/01/2006,2,HK2 2024-2025,IT002,4,6.0
24520101,19,Vu Gia Trang,02/01/2006,2,HK2 2024-2025,EN001,2,7.8
24520101,19,Vu Gia Trang,02/01/2006,2,HK2 2024-2025,CE118,3,10.0
24520101,19,Vu Gia Trang,02/01/2006,2,HK2 2024-2025,CS106,4,5.9
24520101,19,Vu Gia Trang,02/01/2006,3,HK3 2024-2025,CE118,3,6.7
24520101,19,Vu Gia Trang,02/01/2006,3,HK3 2024-2025,IS201,3,8.4
24520101,19,Vu Gia Trang,02/01/2006,3,HK3 2024-2025,SS001,2,8.0
24520101,19,Vu Gia Trang,02/01/2006,3,HK3 2024-2025,IT002,4,6.6
24520101,19,Vu Gia Trang,02/01/2006,3,HK3 2024-2025,MA003,3,7.5
24520101,19,Vu Gia Trang,02/01/2006,3,HK3 2024-2025,IT003,4,9.3
24520102,19,Huynh Hoai Mai,27/11/2006,1,HK1 2024-2025,MA004,3,6.0
24520102,19,Huynh Hoai Mai,27/11/2006,1,HK1 2024-2025,MA005,3,5.2
24520102,19,Huynh Hoai Mai,27/11/2006,1,HK1 2024-2025,PE001,1,9.0
24520102,19,Huynh Hoai Mai,27/11/2006,1,HK1 2024-2025,CS106,4,7.5
24520102,19,Huynh Hoai Mai,27/11/2006,1,HK1 2024-2025,IT002,4,8.6
24520102,19,Huynh Hoai Mai,27/11/2006,1,HK1 2024-2025,SS002,2,5.4
24520102,19,Huynh Hoai Mai,27/11/2006,1,HK1 2024-2025,IT003,4,9.2
24520102,19,Huynh Hoai Mai,27/11/2006,1,HK1 2024-2025,EN001,2,6.3
24520102,19,Huynh Hoai Mai,27/11/2006,2,HK2 2024-2025,SS002,2,8.4
24520102,19,Huynh Hoai Mai,27/11/2006,2,HK2 2024-2025,IT003,4,8.7
24520102,19,Huynh Hoai Mai,27/11/2006,2,HK2 2024-2025,IT002,4,5.1
24520102,19,Huynh Hoai Mai,27/11/2006,2,HK2 2024-2025,MA005,3,9.9
24520102,19,Huynh Hoai Mai,27/11/2006,2,HK2 2024-2025,IS201,3,9.5
24520102,19,Huynh Hoai Mai,27/11/2006,2,HK2 2024-2025,CS106,4,9.0
24520102,19,Huynh Hoai Mai,27/11/2006,3,HK3 2024-2025,IT001,4,7.0
24520102,19,Huynh Hoai Mai,27/11/2006,3,HK3 2024-2025,IT004,4,5.3
24520102,19,Huynh Hoai Mai,27/11/2006,3,HK3 2024-2025,IT003,4,6.6
24520102,19,Huynh Hoai Mai,27/11/2006,3,HK3 2024-2025,SS001,2,5.1
24520102,19,Huynh Hoai Mai,27/11/2006,3,HK3 2024-2025,CE118,3,6.7
24520102,19,Huynh Hoai Mai,27/11/2006,3,HK3 2024-2025,CS106,4,6.4
24520102,19,Huynh Hoai Mai,27/11/2006,3,HK3 2024-2025,EN001,2,6.9
24520102,19,Huynh Hoai Mai,27/11/2006,3,HK3 2024-2025,PE001,1,5.3
24520103,19,Vu Thi Chau,05/12/2006,1,HK1 2024-2025,PE001,1,8.3
24520103,19,Vu Thi Chau,05/12/2006,1,HK1 2024-2025,IT004,4,8.4
24520103,19,Vu Thi Chau,05/12/2006,1,HK1 2024-2025,IT003,4,9.3
24520103,19,Vu Thi Chau,05/12/2006,1,HK1 2024-2025,MA005,3,6.3
24520103,19,Vu Thi Chau,05/12/2006,1,HK1 2024-2025,MA003,3,6.3
24520103,19,Vu Thi Chau,05/12/2006,1,HK1 2024-2025,SS002,2,5.6
24520103,19,Vu Thi Chau,05/12/2006,2,HK2 2024-2025,EN001,2,8.7
24520103,19,Vu Thi Chau,05/12/2006,2,HK2 2024-2025,MA003,3,8.0
24520103,19,Vu Thi Chau,05/12/2006,2,HK2 2024-2025,SE104,3,6.5
24520103,19,Vu Thi Chau,05/12/2006,2,HK2 2024-2025,SS002,2,8.2
24520103,19,Vu Thi Chau,05/12/2006,2,HK2 2024-2025,IT004,4,7.3
24520103,19,Vu Thi Chau,05/12/2006,2,HK2 2024-2025,CS106,4,5.1
24520103,19,Vu Thi Chau,05/12/2006,2,HK2 2024-2025,IT002,4,6.7
24520103,19,Vu Thi Chau,05/12/2006,3,HK3 2024-2025,SS002,2,9.3
24520103,19,Vu Thi Chau,05/12/2006,3,HK3 2024-2025,EN001,2,6.6
24520103,19,Vu Thi Chau,05/12/2006,3,HK3 2024-2025,CE118,3,8.6
24520103,19,Vu Thi Chau,05/12/2006,3,HK3 2024-2025,IT004,4,8.4
24520103,19,Vu Thi Chau,05/12/2006,3,HK3 2024-2025,IT002,4,6.3
24520103,19,Vu Thi Chau,05/12/2006,3,HK3 2024-2025,IT003,4,9.9
24520103,19,Vu Thi Chau,05/12/2006,3,HK3 2024-2025,SE104,3,6.6
24520103,19,Vu Thi Chau,05/12/2006,3,HK3 2024-2025,MA005,3,5.1
24520104,19,Phan Thi Nam,16/10/2006,1,HK1 2024-2025,IT004,4,8.2
24520104,19,Phan Thi Nam,16/10/2006,1,HK1 2024-2025,CE118,3,7.9
24520104,19,Phan Thi Nam,16/10/2006,1,HK1 2024-2025,SS001,2,6.6
24520104,19,Phan Thi Nam,16/10/2006,1,HK1 2024-2025,MA003,3,7.0
24520104,19,Phan Thi Nam,16/10/2006,1,HK1 2024-2025,IT001,4,5.1
24520104,19,Phan Thi Nam,16/10/2006,1,HK1 2024-2025,IT002,4,5.9
24520104,19,Phan Thi Nam,16/10/2006,1,HK1 2024-2025,EN001,2,8.6
24520104,19,Phan Thi Nam,16/10/2006,2,HK2 2024-2025,CS106,4,5.1
24520104,19,Phan Thi Nam,16/10/2006,2,HK2 2024-2025,EN001,2,6.5
24520104,19,Phan Thi Nam,16/10/2006,2,HK2 2024-2025,IT003,4,9.6
24520104,19,Phan Thi Nam,16/10/2006,2,HK2 2024-2025,MA005,3,5.3
24520104,19,Phan Thi Nam,16/10/2006,2,HK2 2024-2025,SE104,3,6.7
24520104,19,Phan Thi Nam,16/10/2006,2,HK2 2024-2025,IT001,4,8.2
24520104,19,Phan Thi Nam,16/10/2006,3,HK3 2024-2025,EN001,2,6.7
24520104,19,Phan Thi Nam,16/10/2006,3,HK3 2024-2025,MA003,3,8.0
24520104,19,Phan Thi Nam,16/10/2006,3,HK3 2024-2025,SS001,2,5.2
24520104,19,Phan Thi Nam,16/10/2006,3,HK3 2024-2025,IT004,4,8.9
24520104,19,Phan Thi Nam,16/10/2006,3,HK3 2024-2025,IS201,3,8.6
24520104,19,Phan Thi Nam,16/10/2006,3,HK3 2024-2025,IT003,4,8.5
24520104,19,Phan Thi Nam,16/10/2006,3,HK3 2024-2025,IT002,4,7.7
24520104,19,Phan Thi Nam,16/10/2006,3,HK3 2024-2025,IT001,4,7.9
24520105,19,Vu Thi Phong,12/05/2006,1,HK1 2024-2025,MA004,3,9.8
24520105,19,Vu Thi Phong,12/05/2006,1,HK1 2024-2025,MA005,3,8.3
24520105,19,Vu Thi Phong,12/05/2006,1,HK1 2024-2025,EN001,2,6.8
24520105,19,Vu Thi Phong,12/05/2006,1,HK1 2024-2025,CS106,4,6.1
24520105,19,Vu Thi Phong,12/05/2006,1,HK1 2024-2025,IT002,4,9.5
24520105,19,Vu Thi Phong,12/05/2006,1,HK1 2024-2025,MA003,3,8.5
24520105,19,Vu Thi Phong,12/05/2006,2,HK2 2024-2025,CE118,3,7.7
24520105,19,Vu Thi Phong,12/05/2006,2,HK2 2024-2025,PE001,1,8.0
24520105,19,Vu Thi Phong,12/05/2006,2,HK2 2024-2025,SS002,2,6.0
24520105,19,Vu Thi Phong,12/05/2006,2,HK2 2024-2025,IT001,4,7.6
24520105,19,Vu Thi Phong,12/05/2006,2,HK2 2024-2025,SE104,3,5.7
24520105,19,Vu Thi Phong,12/05/2006,2,HK2 2024-2025,MA005,3,8.4
24520105,19,Vu Thi Phong,12/05/2006,2,HK2 2024-2025,MA003,3,5.5
24520105,19,Vu Thi Phong,12/05/2006,3,HK3 2024-2025,IT003,4,7.4
24520105,19,Vu Thi Phong,12/05/2006,3,HK3 2024-2025,CS106,4,8.1
24520105,19,Vu Thi Phong,12/05/2006,3,HK3 2024-2025,MA003,3,8.6
24520105,19,Vu Thi Phong,12/05/2006,3,HK3 2024-2025,PE001,1,6.9
24520105,19,Vu Thi Phong,12/05/2006,3,HK3 2024-2025,CE118,3,8.9
24520105,19,Vu Thi Phong,12/05/2006,3,HK3 2024-2025,SS002,2,8.2
24520105,19,Vu Thi Phong,12/05/2006,3,HK3 2024-2025,IT001,4,6.8
24520106,19,Bui Thi Quan,18/01/2006,1,HK1 2024-2025,CE118,3,5.2
24520106,19,Bui Thi Quan,18/01/2006,1,HK1 2024-2025,IT004,4,8.3
24520106,19,Bui Thi Quan,18/01/2006,1,HK1 2024-2025,PE001,1,5.4
24520106,19,Bui Thi Quan,18/01/2006,1,HK1 2024-2025,IT001,4,8.8
24520106,19,Bui Thi Quan,18/01/2006,1,HK1 2024-2025,CS106,4,9.1
24520106,19,Bui Thi Quan,18/01/2006,1,HK1 2024-2025,IS201,3,9.7
24520106,19,Bui Thi Quan,18/01/2006,2,HK2 2024-2025,IT004,4,5.1
24520106,19,Bui Thi Quan,18/01/2006,2,HK2 2024-2025,IS201,3,6.3
24520106,19,Bui Thi Quan,18/01/2006,2,HK2 2024-2025,MA005,3,9.0
24520106,19,Bui Thi Quan,18/01/2006,2,HK2 2024-2025,IT002,4,7.0
24520106,19,Bui Thi Quan,18/01/2006,2,HK2 2024-2025,MA004,3,5.9
24520106,19,Bui Thi Quan,18/01/2006,2,HK2 2024-2025,CS106,4,5.1
24520106,19,Bui Thi Quan,18/01/2006,2,HK2 2024-2025,MA003,3,8.5
24520106,19,Bui Thi Quan,18/01/2006,2,HK2 2024-2025,SS001,2,5.2
24520106,19,Bui Thi Quan,18/01/2006,3,HK3 2024-2025,EN001,2,5.8
24520106,19,Bui Thi Quan,18/01/2006,3,HK3 2024-2025,MA004,3,9.4
24520106,19,Bui Thi Quan,18/01/2006,3,HK3 2024-2025,IT001,4,9.9
24520106,19,Bui Thi Quan,18/01/2006,3,HK3 2024-2025,CS106,4,6.8
24520106,19,Bui Thi Quan,18/01/2006,3,HK3 2024-2025,CE118,3,5.8
24520106,19,Bui Thi Quan,18/01/2006,3,HK3 2024-2025,SS002,2,9.8
24520106,19,Bui Thi Quan,18/01/2006,3,HK3 2024-2025,MA003,3,8.1
24520106,19,Bui Thi Quan,18/01/2006,3,HK3 2024-2025,SS001,2,6.6
24520107,19,Do Minh Khoa,07/01/2006,1,HK1 2024-2025,IT003,4,7.2
24520107,19,Do Minh Khoa,07/01/2006,1,HK1 2024-2025,SE104,3,9.1
24520107,19,Do Minh Khoa,07/01/2006,1,HK1 2024-2025,IT001,4,9.5
24520107,19,Do Minh Khoa,07/01/2006,1,HK1 2024-2025,SS001,2,8.2
24520107,19,Do Minh Khoa,07/01/2006,1,HK1 2024-2025,SS002,2,8.7
24520107,19,Do Minh Khoa,07/01/2006,1,HK1 2024-2025,EN001,2,7.7
24520107,19,Do Minh Khoa,07/01/2006,1,HK1 2024-2025,IT004,4,7.6
24520107,19,Do Minh Khoa,07/01/2006,2,HK2 2024-2025,IT001,4,5.3
24520107,19,Do Minh Khoa,07/01/2006,2,HK2 2024-2025,MA003,3,5.0
24520107,19,Do Minh Khoa,07/01/2006,2,HK2 2024-2025,SS002,2,5.8
24520107,19,Do Minh Khoa,07/01/2006,2,HK2 2024-2025,SE104,3,9.9
24520107,19,Do Minh Khoa,07/01/2006,2,HK2 2024-2025,IT004,4,7.3
24520107,19,Do Minh Khoa,07/01/2006,2,HK2 2024-2025,MA005,3,9.5
24520107,19,Do Minh Khoa,07/01/2006,2,HK2 2024-2025,IT003,4,6.1
24520107,19,Do Minh Khoa,07/01/2006,3,HK3 2024-2025,IT001,4,6.6
24520107,19,Do Minh Khoa,07/01/2006,3,HK3 2024-2025,CE118,3,9.0
24520107,19,Do Minh Khoa,07/01/2006,3,HK3 2024-2025,SE104,3,6.1
24520107,19,Do Minh Khoa,07/01/2006,3,HK3 2024-2025,EN001,2,5.6
24520107,19,Do Minh Khoa,07/01/2006,3,HK3 2024-2025,SS001,2,5.1
24520107,19,Do Minh Khoa,07/01/2006,3,HK3 2024-2025,MA003,3,9.2
24520107,19,Do Minh Khoa,07/01/2006,3,HK3 2024-2025,IT004,4,7.7
24520108,19,Dang Quang Mai,04/02/2006,1,HK1 2024-2025,CS106,4,6.9
24520108,19,Dang Quang Mai,04/02/2006,1,HK1 2024-2025,SS001,2,5.5
24520108,19,Dang Quang Mai,04/02/2006,1,HK1 2024-2025,SS002,2,6.2
24520108,19,Dang Quang Mai,04/02/2006,1,HK1 2024-2025,IS201,3,9.7
24520108,19,Dang Quang Mai,04/02/2006,1,HK1 2024-2025,SE104,3,7.3
24520108,19,Dang Quang Mai,04/02/2006,1,HK1 2024-2025,MA004,3,6.3
24520108,19,Dang Quang Mai,04/02/2006,2,HK2 2024-2025,PE001,1,9.1
24520108,19,Dang Quang Mai,04/02/2006,2,HK2 2024-2025,MA005,3,5.9
24520108,19,Dang Quang Mai,04/02/2006,2,HK2 2024-2025,MA003,3,9.3
24520108,19,Dang Quang Mai,04/02/2006,2,HK2 2024-2025,SE104,3,8.9
24520108,19,Dang Quang Mai,04/02/2006,2,HK2 2024-2025,CE118,3,6.7
24520108,19,Dang Quang Mai,04/02/2006,2,HK2 2024-2025,IT004,4,9.2
24520108,19,Dang Quang Mai,04/02/2006,3,HK3 2024-2025,SS001,2,5.6
24520108,19,Dang Quang Mai,04/02/2006,3,HK3 2024-2025,EN001,2,6.3
24520108,19,Dang Quang Mai,04/02/2006,3,HK3 2024-2025,CS106,4,7.5
24520108,19,Dang Quang Mai,04/02/2006,3,HK3 2024-2025,IT002,4,6.5
24520108,19,Dang Quang Mai,04/02/2006,3,HK3 2024-2025,IT003,4,5.2
24520108,19,Dang Quang Mai,04/02/2006,3,HK3 2024-2025,SS002,2,8.8
24520108,19,Dang Quang Mai,04/02/2006,3,HK3 2024-2025,MA005,3,6.2
24520109,19,Do Xuan Hieu,15/01/2006,1,HK1 2024-2025,PE001,1,5.4
24520109,19,Do Xuan Hieu,15/01/2006,1,HK1 2024-2025,CE118,3,7.9
24520109,19,Do Xuan Hieu,15/01/2006,1,HK1 2024-2025,SS002,2,8.2
24520109,19,Do Xuan Hieu,15/01/2006,1,HK1 2024-2025,MA005,3,7.1
24520109,19,Do Xuan Hieu,15/01/2006,1,HK1 2024-2025,MA003,3,7.8
24520109,19,Do Xuan Hieu,15/01/2006,1,HK1 2024-2025,IT001,4,6.8
24520109,19,Do Xuan Hieu,15/01/2006,1,HK1 2024-2025,IT002,4,9.1
24520109,19,Do Xuan Hieu,15/01/2006,2,HK2 2024-2025,EN001,2,10.0
24520109,19,Do Xuan Hieu,15/01/2006,2,HK2 2024-2025,CE118,3,9.9
24520109,19,Do Xuan Hieu,15/01/2006,2,HK2 2024-2025,SS001,2,8.0
24520109,19,Do Xuan Hieu,15/01/2006,2,HK2 2024-2025,CS106,4,5.6
24520109,19,Do Xuan Hieu,15/01/2006,2,HK2 2024-2025,SE104,3,7.2
24520109,19,Do Xuan Hieu,15/01/2006,2,HK2 2024-2025,IT001,4,6.6
24520109,19,Do Xuan Hieu,15/01/2006,3,HK3 2024-2025,MA005,3,9.2
24520109,19,Do Xuan Hieu,15/01/2006,3,HK3 2024-2025,SS002,2,7.2
24520109,19,Do Xuan Hieu,15/01/2006,3,HK3 2024-2025,MA004,3,5.1
24520109,19,Do Xuan Hieu,15/01/2006,3,HK3 2024-2025,CS106,4,9.4
24520109,19,Do Xuan Hieu,15/01/2006,3,HK3 2024-2025,IT003,4,9.3
24520109,19,Do Xuan Hieu,15/01/2006,3,HK3 2024-2025,CE118,3,8.9
24520109,19,Do Xuan Hieu,15/01/2006,3,HK3 2024-2025,IS201,3,9.3
24520109,19,Do Xuan Hieu,15/01/2006,3,HK3 2024-2025,SS001,2,5.1
24520110,19,Bui Xuan Quan,09/09/2006,1,HK1 2024-2025,SS002,2,9.9
24520110,19,Bui Xuan Quan,09/09/2006,1,HK1 2024-2025,MA003,3,9.2
24520110,19,Bui Xuan Quan,09/09/2006,1,HK1 2024-2025,IT001,4,6.4
24520110,19,Bui Xuan Quan,09/09/2006,1,HK1 2024-2025,IS201,3,9.6
24520110,19,Bui Xuan Quan,09/09/2006,1,HK1 2024-2025,EN001,2,8.0
24520110,19,Bui Xuan Quan,09/09/2006,1,HK1 2024-2025,SE104,3,7.6
24520110,19,Bui Xuan Quan,09/09/2006,1,HK1 2024-2025,CE118,3,9.3
24520110,19,Bui Xuan Quan,09/09/2006,1,HK1 2024-2025,IT003,4,9.4
24520110,19,Bui Xuan Quan,09/09/2006,2,HK2 2024-2025,IT002,4,6.9
24520110,19,Bui Xuan Quan,09/09/2006,2,HK2 2024-2025,SS002,2,8.3
24520110,19,Bui Xuan Quan,09/09/2006,2,HK2 2024-2025,IT004,4,9.7
24520110,19,Bui Xuan Quan,09/09/2006,2,HK2 2024-2025,SS001,2,6.4
24520110,19,Bui Xuan Quan,09/09/2006,2,HK2 2024-2025,IS201,3,8.1
24520110,19,Bui Xuan Quan,09/09/2006,2,HK2 2024-2025,CE118,3,9.3
24520110,19,Bui Xuan Quan,09/09/2006,2,HK2 2024-2025,PE001,1,8.5
24520110,19,Bui Xuan Quan,09/09/2006,2,HK2 2024-2025,MA003,3,9.6
24520110,19,Bui Xuan Quan,09/09/2006,3,HK3 2024-2025,EN001,2,6.8
24520110,19,Bui Xuan Quan,09/09/2006,3,HK3 2024-2025,SE104,3,5.2
24520110,19,Bui Xuan Quan,09/09/2006,3,HK3 2024-2025,IS201,3,6.1
24520110,19,Bui Xuan Quan,09/09/2006,3,HK3 2024-2025,MA003,3,8.3
24520110,19,Bui Xuan Quan,09/09/2006,3,HK3 2024-2025,IT003,4,8.4
24520110,19,Bui Xuan Quan,09/09/2006,3,HK3 2024-2025,MA005,3,9.9
24520110,19,Bui Xuan Quan,09/09/2006,3,HK3 2024-2025,SS002,2,8.0
24520110,19,Bui Xuan Quan,09/09/2006,3,HK3 2024-2025,IT001,4,6.4
24520111,19,Vu Ngoc Quan,09/09/2006,1,HK1 2024-2025,SS001,2,9.3
24520111,19,Vu Ngoc Quan,09/09/2006,1,HK1 2024-2025,SS002,2,7.3
24520111,19,Vu Ngoc Quan,09/09/2006,1,HK1 2024-2025,IT003,4,6.8
24520111,19,Vu Ngoc Quan,09/09/2006,1,HK1 2024-2025,MA004,3,7.1
24520111,19,Vu Ngoc Quan,09/09/2006,1,HK1 2024-2025,IT004,4,6.1
24520111,19,Vu Ngoc Quan,09/09/2006,1,HK1 2024-2025,IS201,3,9.8
24520111,19,Vu Ngoc Quan,09/09/2006,1,HK1 2024-2025,SE104,3,7.1
24520111,19,Vu Ngoc Quan,09/09/2006,1,HK1 2024-2025,CS106,4,7.3
24520111,19,Vu Ngoc Quan,09/09/2006,2,HK2 2024-2025,IT002,4,7.9
24520111,19,Vu Ngoc Quan,09/09/2006,2,HK2 2024-2025,SE104,3,7.3
24520111,19,Vu Ngoc Quan,09/09/2006,2,HK2 2024-2025,CS106,4,9.7
24520111,19,Vu Ngoc Quan,09/09/2006,2,HK2 2024-2025,IT003,4,8.3
24520111,19,Vu Ngoc Quan,09/09/2006,2,HK2 2024-2025,MA003,3,8.1
24520111,19,Vu Ngoc Quan,09/09/2006,2,HK2 2024-2025,MA005,3,7.3
24520111,19,Vu Ngoc Quan,09/09/2006,2,HK2 2024-2025,IT001,4,9.8
24520111,19,Vu Ngoc Quan,09/09/2006,3,HK3 2024-2025,IT002,4,6.7
24520111,19,Vu Ngoc Quan,09/09/2006,3,HK3 2024-2025,IS201,3,8.4
24520111,19,Vu Ngoc Quan,09/09/2006,3,HK3 2024-2025,SS002,2,7.8
24520111,19,Vu Ngoc Quan,09/09/2006,3,HK3 2024-2025,MA003,3,7.9
24520111,19,Vu Ngoc Quan,09/09/2006,3,HK3 2024-2025,MA005,3,7.4
24520111,19,Vu Ngoc Quan,09/09/2006,3,HK3 2024-2025,IT001,4,7.0
24520111,19,Vu Ngoc Quan,09/09/2006,3,HK3 2024-2025,EN001,2,6.6
24520112,19,Bui Xuan Binh,17/12/2006,1,HK1 2024-2025,MA003,3,7.2
24520112,19,Bui Xuan Binh,17/12/2006,1,HK1 2024-2025,IT001,4,7.3
24520112,19,Bui Xuan Binh,17/12/2006,1,HK1 2024-2025,CE118,3,8.3
24520112,19,Bui Xuan Binh,17/12/2006,1,HK1 2024-2025,MA004,3,7.2
24520112,19,Bui Xuan Binh,17/12/2006,1,HK1 2024-2025,SE104,3,7.2
24520112,19,Bui Xuan Binh,17/12/2006,1,HK1 2024-2025,MA005,3,8.3
24520112,19,Bui Xuan Binh,17/12/2006,1,HK1 2024-2025,EN001,2,7.6
24520112,19,Bui Xuan Binh,17/12/2006,1,HK1 2024-2025,SS001,2,6.7
24520112,19,Bui Xuan Binh,17/12/2006,2,HK2 2024-2025,EN001,2,9.0
24520112,19,Bui Xuan Binh,17/12/2006,2,HK2 2024-2025,IT001,4,5.4
24520112,19,Bui Xuan Binh,17/12/2006,2,HK2 2024-2025,CS106,4,5.8
24520112,19,Bui Xuan Binh,17/12/2006,2,HK2 2024-2025,MA005,3,8.6
24520112,19,Bui Xuan Binh,17/12/2006,2,HK2 2024-2025,IT004,4,7.6
24520112,19,Bui Xuan Binh,17/12/2006,2,HK2 2024-2025,SS001,2,7.6
24520112,19,Bui Xuan Binh,17/12/2006,2,HK2 2024-2025,IS201,3,9.2
24520112,19,Bui Xuan Binh,17/12/2006,3,HK3 2024-2025,EN001,2,5.3
24520112,19,Bui Xuan Binh,17/12/2006,3,HK3 2024-2025,PE001,1,6.1
24520112,19,Bui Xuan Binh,17/12/2006,3,HK3 2024-2025,SS002,2,8.4
24520112,19,Bui Xuan Binh,17/12/2006,3,HK3 2024-2025,SS001,2,7.1
24520112,19,Bui Xuan Binh,17/12/2006,3,HK3 2024-2025,MA003,3,7.7
24520112,19,Bui Xuan Binh,17/12/2006,3,HK3 2024-2025,IT001,4,7.8
24520112,19,Bui Xuan Binh,17/12/2006,3,HK3 2024-2025,IT004,4,8.3
24520112,19,Bui Xuan Binh,17/12/2006,3,HK3 2024-2025,CS106,4,9.4
24520113,19,Huynh Xuan Binh,07/01/2006,1,HK1 2024-2025,CE118,3,9.1
24520113,19,Huynh Xuan Binh,07/01/2006,1,HK1 2024-2025,SS001,2,7.0
24520113,19,Huynh Xuan Binh,07/01/2006,1,HK1 2024-2025,SE104,3,7.8
24520113,19,Huynh Xuan Binh,07/01/2006,1,HK1 2024-2025,MA005,3,5.2
24520113,19,Huynh Xuan Binh,07/01/2006,1,HK1 2024-2025,IT004,4,6.3
24520113,19,Huynh Xuan Binh,07/01/2006,1,HK1 2024-2025,CS106,4,6.9
24520113,19,Huynh Xuan Binh,07/01/2006,2,HK2 2024-2025,MA003,3,7.8
24520113,19,Huynh Xuan Binh,07/01/2006,2,HK2 2024-2025,CS106,4,6.7
24520113,19,Huynh Xuan Binh,07/01/2006,2,HK2 2024-2025,IT002,4,8.3
24520113,19,Huynh Xuan Binh,07/01/2006,2,HK2 2024-2025,IS201,3,5.2
24520113,19,Huynh Xuan Binh,07/01/2006,2,HK2 2024-2025,SS002,2,9.4
24520113,19,Huynh Xuan Binh,07/01/2006,2,HK2 2024-2025,SS001,2,9.3
24520113,19,Huynh Xuan Binh,07/01/2006,3,HK3 2024-2025,PE001,1,5.3
24520113,19,Huynh Xuan Binh,07/01/2006,3,HK3 2024-2025,MA005,3,5.3
24520113,19,Huynh Xuan Binh,07/01/2006,3,HK3 2024-2025,CS106,4,8.9
24520113,19,Huynh Xuan Binh,07/01/2006,3,HK3 2024-2025,IT004,4,8.9
24520113,19,Huynh Xuan Binh,07/01/2006,3,HK3 2024-2025,IT003,4,10.0
24520113,19,Huynh Xuan Binh,07/01/2006,3,HK3 2024-2025,SE104,3,9.3
24520113,19,Huynh Xuan Binh,07/01/2006,3,HK3 2024-2025,IS201,3,8.8
24520114,19,Hoang Ngoc An,05/06/2006,1,HK1 2024-2025,SS001,2,6.7
24520114,19,Hoang Ngoc An,05/06/2006,1,HK1 2024-2025,EN001,2,9.7
24520114,19,Hoang Ngoc An,05/06/2006,1,HK1 2024-2025,IT001,4,6.8
24520114,19,Hoang Ngoc An,05/06/2006,1,HK1 2024-2025,PE001,1,7.5
24520114,19,Hoang Ngoc An,05/06/2006,1,HK1 2024-2025,MA004,3,8.1
24520114,19,Hoang Ngoc An,05/06/2006,1,HK1 2024-2025,SE104,3,6.3
24520114,19,Hoang Ngoc An,05/06/2006,1,HK1 2024-2025,IS201,3,6.8
24520114,19,Hoang Ngoc An,05/06/2006,1,HK1 2024-2025,IT004,4,6.0
24520114,19,Hoang Ngoc An,05/06/2006,2,HK2 2024-2025,SE104,3,5.4
24520114,19,Hoang Ngoc An,05/06/2006,2,HK2 2024-2025,PE001,1,9.8
24520114,19,Hoang Ngoc An,05/06/2006,2,HK2 2024-2025,IT003,4,6.4
24520114,19,Hoang Ngoc An,05/06/2006,2,HK2 2024-2025,MA003,3,5.9
24520114,19,Hoang Ngoc An,05/06/2006,2,HK2 2024-2025,MA005,3,6.4
24520114,19,Hoang Ngoc An,05/06/2006,2,HK2 2024-2025,MA004,3,8.2
24520114,19,Hoang Ngoc An,05/06/2006,3,HK3 2024-2025,MA004,3,8.6
24520114,19,Hoang Ngoc An,05/06/2006,3,HK3 2024-2025,IT003,4,8.7
24520114,19,Hoang Ngoc An,05/06/2006,3,HK3 2024-2025,SS002,2,5.8
24520114,19,Hoang Ngoc An,05/06/2006,3,HK3 2024-2025,IT001,4,7.7
24520114,19,Hoang Ngoc An,05/06/2006,3,HK3 2024-2025,SE104,3,6.8
24520114,19,Hoang Ngoc An,05/06/2006,3,HK3 2024-2025,CS106,4,7.5
24520114,19,Hoang Ngoc An,05/06/2006,3,HK3 2024-2025,SS001,2,9.2
24520114,19,Hoang Ngoc An,05/06/2006,3,HK3 2024-2025,MA005,3,6.1
24520115,19,Pham Hoai An,23/03/2006,1,HK1 2024-2025,IT001,4,6.4
24520115,19,Pham Hoai An,23/03/2006,1,HK1 2024-2025,EN001,2,8.5
24520115,19,Pham Hoai An,23/03/2006,1,HK1 2024-2025,PE001,1,9.8
24520115,19,Pham Hoai An,23/03/2006,1,HK1 2024-2025,SS002,2,9.9
24520115,19,Pham Hoai An,23/03/2006,1,HK1 2024-2025,MA004,3,8.1
24520115,19,Pham Hoai An,23/03/2006,1,HK1 2024-2025,IT002,4,8.2
24520115,19,Pham Hoai An,23/03/2006,1,HK1 2024-2025,IT004,4,8.0
24520115,19,Pham Hoai An,23/03/2006,1,HK1 2024-2025,MA003,3,7.8
24520115,19,Pham Hoai An,23/03/2006,2,HK2 2024-2025,MA005,3,5.1
24520115,19,Pham Hoai An,23/03/2006,2,HK2 2024-2025,IT004,4,9.4
24520115,19,Pham Hoai An,23/03/2006,2,HK2 2024-2025,CE118,3,6.7
24520115,19,Pham Hoai An,23/03/2006,2,HK2 2024-2025,PE001,1,9.8
24520115,19,Pham Hoai An,23/03/2006,2,HK2 2024-2025,MA003,3,5.3
24520115,19,Pham Hoai An,23/03/2006,2,HK2 2024-2025,SS002,2,8.2
24520115,19,Pham Hoai An,23/03/2006,2,HK2 2024-2025,IS201,3,9.2
24520115,19,Pham Hoai An,23/03/2006,2,HK2 2024-2025,SE104,3,9.1
24520115,19,Pham Hoai An,23/03/2006,3,HK3 2024-2025,SS002,2,7.8
24520115,19,Pham Hoai An,23/03/2006,3,HK3 2024-2025,IT001,4,9.0
24520115,19,Pham Hoai An,23/03/2006,3,HK3 2024-2025,MA004,3,9.4
24520115,19,Pham Hoai An,23/03/2006,3,HK3 2024-2025,CE118,3,9.4
24520115,19,Pham Hoai An,23/03/2006,3,HK3 2024-2025,MA005,3,9.2
24520115,19,Pham Hoai An,23/03/2006,3,HK3 2024-2025,SE104,3,9.7
24520115,19,Pham Hoai An,23/03/2006,3,HK3 2024-2025,IS201,3,7.8
24520116,19,Dang Xuan An,26/07/2006,1,HK1 2024-2025,IT004,4,7.2
24520116,19,Dang Xuan An,26/07/2006,1,HK1 2024-2025,IT002,4,5.9
24520116,19,Dang Xuan An,26/07/2006,1,HK1 2024-2025,CS106,4,7.8
24520116,19,Dang Xuan An,26/07/2006,1,HK1 2024-2025,IS201,3,9.1
24520116,19,Dang Xuan An,26/07/2006,1,HK1 2024-2025,MA003,3,9.6
24520116,19,Dang Xuan An,26/07/2006,1,HK1 2024-2025,MA004,3,7.0
24520116,19,Dang Xuan An,26/07/2006,1,HK1 2024-2025,SS002,2,9.5
24520116,19,Dang Xuan An,26/07/2006,1,HK1 2024-2025,IT001,4,9.1
24520116,19,Dang Xuan An,26/07/2006,2,HK2 2024-2025,IT003,4,6.3
24520116,19,Dang Xuan An,26/07/2006,2,HK2 2024-2025,CE118,3,8.1
24520116,19,Dang Xuan An,26/07/2006,2,HK2 2024-2025,MA004,3,8.1
24520116,19,Dang Xuan An,26/07/2006,2,HK2 2024-2025,CS106,4,8.1
24520116,19,Dang Xuan An,26/07/2006,2,HK2 2024-2025,SS002,2,7.0
24520116,19,Dang Xuan An,26/07/2006,2,HK2 2024-2025,IS201,3,5.2
24520116,19,Dang Xuan An,26/07/2006,2,HK2 2024-2025,IT001,4,8.5
24520116,19,Dang Xuan An,26/07/2006,3,HK3 2024-2025,IS201,3,5.3
24520116,19,Dang Xuan An,26/07/2006,3,HK3 2024-2025,PE001,1,6.6
24520116,19,Dang Xuan An,26/07/2006,3,HK3 2024-2025,MA003,3,8.9
24520116,19,Dang Xuan An,26/07/2006,3,HK3 2024-2025,CE118,3,5.1
24520116,19,Dang Xuan An,26/07/2006,3,HK3 2024-2025,IT001,4,8.4
24520116,19,Dang Xuan An,26/07/2006,3,HK3 2024-2025,MA005,3,8.7
24520117,19,Bui Huu Quan,07/05/2006,1,HK1 2024-2025,IT003,4,6.2
24520117,19,Bui Huu Quan,07/05/2006,1,HK1 2024-2025,EN001,2,5.9
24520117,19,Bui Huu Quan,07/05/2006,1,HK1 2024-2025,PE001,1,7.4
24520117,19,Bui Huu Quan,07/05/2006,1,HK1 2024-2025,IT004,4,6.3
24520117,19,Bui Huu Quan,07/05/2006,1,HK1 2024-2025,MA003,3,7.1
24520117,19,Bui Huu Quan,07/05/2006,1,HK1 2024-2025,SS002,2,7.2
24520117,19,Bui Huu Quan,07/05/2006,2,HK2 2024-2025,IT004,4,7.7
24520117,19,Bui Huu Quan,07/05/2006,2,HK2 2024-2025,SE104,3,9.8
24520117,19,Bui Huu Quan,07/05/2006,2,HK2 2024-2025,CS106,4,9.2
24520117,19,Bui Huu Quan,07/05/2006,2,HK2 2024-2025,IT002,4,6.7
24520117,19,Bui Huu Quan,07/05/2006,2,HK2 2024-2025,MA003,3,5.8
24520117,19,Bui Huu Quan,07/05/2006,2,HK2 2024-2025,SS002,2,8.5
24520117,19,Bui Huu Quan,07/05/2006,2,HK2 2024-2025,MA004,3,6.6
24520117,19,Bui Huu Quan,07/05/2006,3,HK3 2024-2025,MA004,3,7.7
24520117,19,Bui Huu Quan,07/05/2006,3,HK3 2024-2025,CE118,3,8.3
24520117,19,Bui Huu Quan,07/05/2006,3,HK3 2024-2025,SS001,2,9.9
24520117,19,Bui Huu Quan,07/05/2006,3,HK3 2024-2025,MA005,3,6.7
24520117,19,Bui Huu Quan,07/05/2006,3,HK3 2024-2025,IT001,4,6.7
24520117,19,Bui Huu Quan,07/05/2006,3,HK3 2024-2025,MA003,3,7.4
24520117,19,Bui Huu Quan,07/05/2006,3,HK3 2024-2025,IS201,3,8.6
24520117,19,Bui Huu Quan,07/05/2006,3,HK3 2024-2025,PE001,1,5.8
24520118,19,Huynh Hoai Quan,25/11/2006,1,HK1 2024-2025,SS002,2,5.3
24520118,19,Huynh Hoai Quan,25/11/2006,1,HK1 2024-2025,CS106,4,8.4
24520118,19,Huynh Hoai Quan,25/11/2006,1,HK1 2024-2025,SE104,3,7.9
24520118,19,Huynh Hoai Quan,25/11/2006,1,HK1 2024-2025,EN001,2,8.0
24520118,19,Huynh Hoai Quan,25/11/2006,1,HK1 2024-2025,MA004,3,6.9
24520118,19,Huynh Hoai Quan,25/11/2006,1,HK1 2024-2025,CE118,3,9.3
24520118,19,Huynh Hoai Quan,25/11/2006,1,HK1 2024-2025,IT001,4,7.6
24520118,19,Huynh Hoai Quan,25/11/2006,1,HK1 2024-2025,MA003,3,6.8
24520118,19,Huynh Hoai Quan,25/11/2006,2,HK2 2024-2025,CS106,4,6.3
24520118,19,Huynh Hoai Quan,25/11/2006,2,HK2 2024-2025,MA003,3,9.5
24520118,19,Huynh Hoai Quan,25/11/2006,2,HK2 2024-2025,SS001,2,9.5
24520118,19,Huynh Hoai Quan,25/11/2006,2,HK2 2024-2025,IT001,4,8.4
24520118,19,Huynh Hoai Quan,25/11/2006,2,HK2 2024-2025,MA005,3,9.3
24520118,19,Huynh Hoai Quan,25/11/2006,2,HK2 2024-2025,MA004,3,9.3
24520118,19,Huynh Hoai Quan,25/11/2006,2,HK2 2024-2025,IT002,4,9.8
24520118,19,Huynh Hoai Quan,25/11/2006,2,HK2 2024-2025,SS002,2,9.3
24520118,19,Huynh Hoai Quan,25/11/2006,3,HK3 2024-2025,CS106,4,7.9
24520118,19,Huynh Hoai Quan,25/11/2006,3,HK3 2024-2025,SE104,3,9.7
24520118,19,Huynh Hoai Quan,25/11/2006,3,HK3 2024-2025,IT004,4,5.9
24520118,19,Huynh Hoai Quan,25/11/2006,3,HK3 2024-2025,CE118,3,7.9
24520118,19,Huynh Hoai Quan,25/11/2006,3,HK3 2024-2025,MA005,3,5.9
24520118,19,Huynh Hoai Quan,25/11/2006,3,HK3 2024-2025,IS201,3,9.3
24520118,19,Huynh Hoai Quan,25/11/2006,3,HK3 2024-2025,MA004,3,9.0
24520119,19,Bui Huu Khoa,06/07/2006,1,HK1 2024-2025,IT002,4,9.4
24520119,19,Bui Huu Khoa,06/07/2006,1,HK1 2024-2025,IT003,4,7.0
24520119,19,Bui Huu Khoa,06/07/2006,1,HK1 2024-2025,SE104,3,7.9
24520119,19,Bui Huu Khoa,06/07/2006,1,HK1 2024-2025,MA004,3,6.3
24520119,19,Bui Huu Khoa,06/07/2006,1,HK1 2024-2025,CE118,3,7.7
24520119,19,Bui Huu Khoa,06/07/2006,1,HK1 2024-2025,IT004,4,8.6
24520119,19,Bui Huu Khoa,06/07/2006,2,HK2 2024-2025,CE118,3,6.1
24520119,19,Bui Huu Khoa,06/07/2006,2,HK2 2024-2025,CS106,4,5.4
24520119,19,Bui Huu Khoa,06/07/2006,2,HK2 2024-2025,IS201,3,7.2
24520119,19,Bui Huu Khoa,06/07/2006,2,HK2 2024-2025,SS002,2,7.0
24520119,19,Bui Huu Khoa,06/07/2006,2,HK2 2024-2025,MA005,3,5.4
24520119,19,Bui Huu Khoa,06/07/2006,2,HK2 2024-2025,IT003,4,6.2
24520119,19,Bui Huu Khoa,06/07/2006,2,HK2 2024-2025,MA003,3,9.7
24520119,19,Bui Huu Khoa,06/07/2006,3,HK3 2024-2025,SS002,2,7.6
24520119,19,Bui Huu Khoa,06/07/2006,3,HK3 2024-2025,PE001,1,7.2
24520119,19,Bui Huu Khoa,06/07/2006,3,HK3 2024-2025,MA004,3,8.5
24520119,19,Bui Huu Khoa,06/07/2006,3,HK3 2024-2025,MA005,3,9.5
24520119,19,Bui Huu Khoa,06/07/2006,3,HK3 2024-2025,CE118,3,9.4
24520119,19,Bui Huu Khoa,06/07/2006,3,HK3 2024-2025,IS201,3,5.2
24520119,19,Bui Huu Khoa,06/07/2006,3,HK3 2024-2025,SS001,2,7.7
24520120,19,Hoang Thu Linh,20/06/2006,1,HK1 2024-2025,SS001,2,5.7
24520120,19,Hoang Thu Linh,20/06/2006,1,HK1 2024-2025,MA003,3,8.7
24520120,19,Hoang Thu Linh,20/06/2006,1,HK1 2024-2025,IT004,4,5.2
24520120,19,Hoang Thu Linh,20/06/2006,1,HK1 2024-2025,IT002,4,8.0
24520120,19,Hoang Thu Linh,20/06/2006,1,HK1 2024-2025,IS201,3,5.0
24520120,19,Hoang Thu Linh,20/06/2006,1,HK1 2024-2025,SS002,2,9.9
24520120,19,Hoang Thu Linh,20/06/2006,1,HK1 2024-2025,MA005,3,5.4
24520120,19,Hoang Thu Linh,20/06/2006,1,HK1 2024-2025,MA004,3,8.0
24520120,19,Hoang Thu Linh,20/06/2006,2,HK2 2024-2025,MA005,3,9.7
24520120,19,Hoang Thu Linh,20/06/2006,2,HK2 2024-2025,CE118,3,6.5
24520120,19,Hoang Thu Linh,20/06/2006,2,HK2 2024-2025,MA003,3,9.7
24520120,19,Hoang Thu Linh,20/06/2006,2,HK2 2024-2025,IT003,4,7.0
24520120,19,Hoang Thu Linh,20/06/2006,2,HK2 2024-2025,IT004,4,5.9
24520120,19,Hoang Thu Linh,20/06/2006,2,HK2 2024-2025,CS106,4,6.0
24520120,19,Hoang Thu Linh,20/06/2006,3,HK3 2024-2025,MA003,3,9.0
24520120,19,Hoang Thu Linh,20/06/2006,3,HK3 2024-2025,IT002,4,6.8
24520120,19,Hoang Thu Linh,20/06/2006,3,HK3 2024-2025,IS201,3,8.1
24520120,19,Hoang Thu Linh,20/06/2006,3,HK3 2024-2025,CS106,4,8.9
24520120,19,Hoang Thu Linh,20/06/2006,3,HK3 2024-2025,PE001,1,6.5
24520120,19,Hoang Thu Linh,20/06/2006,3,HK3 2024-2025,CE118,3,7.7
24520120,19,Hoang Thu Linh,20/06/2006,3,HK3 2024-2025,SS001,2,7.2
24520120,19,Hoang Thu Linh,20/06/2006,3,HK3 2024-2025,EN001,2,6.9
24520121,19,Le Thi Quan,11/12/2006,1,HK1 2024-2025,CS106,4,9.3
24520121,19,Le Thi Quan,11/12/2006,1,HK1 2024-2025,MA003,3,5.2
24520121,19,Le Thi Quan,11/12/2006,1,HK1 2024-2025,IT002,4,6.6
24520121,19,Le Thi Quan,11/12/2006,1,HK1 2024-2025,EN001,2,5.0
24520121,19,Le Thi Quan,11/12/2006,1,HK1 2024-2025,PE001,1,9.7
24520121,19,Le Thi Quan,11/12/2006,1,HK1 2024-2025,SE104,3,5.3
24520121,19,Le Thi Quan,11/12/2006,2,HK2 2024-2025,CS106,4,7.9
24520121,19,Le Thi Quan,11/12/2006,2,HK2 2024-2025,IT002,4,8.5
24520121,19,Le Thi Quan,11/12/2006,2,HK2 2024-2025,SS001,2,5.8
24520121,19,Le Thi Quan,11/12/2006,2,HK2 2024-2025,IS201,3,9.5
24520121,19,Le Thi Quan,11/12/2006,2,HK2 2024-2025,IT003,4,5.7
24520121,19,Le Thi Quan,11/12/2006,2,HK2 2024-2025,IT004,4,8.5
24520121,19,Le Thi Quan,11/12/2006,2,HK2 2024-2025,MA003,3,5.2
24520121,19,Le Thi Quan,11/12/2006,2,HK2 2024-2025,SE104,3,7.8
24520121,19,Le Thi Quan,11/12/2006,3,HK3 2024-2025,IT004,4,9.8
24520121,19,Le Thi Quan,11/12/2006,3,HK3 2024-2025,IT003,4,5.7
24520121,19,Le Thi Quan,11/12/2006,3,HK3 2024-2025,SE104,3,7.9
24520121,19,Le Thi Quan,11/12/2006,3,HK3 2024-2025,IT002,4,6.6
24520121,19,Le Thi Quan,11/12/2006,3,HK3 2024-2025,IT001,4,8.4
24520121,19,Le Thi Quan,11/12/2006,3,HK3 2024-2025,SS002,2,5.0
24520122,19,Huynh Hoai Nam,08/02/2006,1,HK1 2024-2025,SE104,3,5.3
24520122,19,Huynh Hoai Nam,08/02/2006,1,HK1 2024-2025,SS001,2,5.7
24520122,19,Huynh Hoai Nam,08/02/2006,1,HK1 2024-2025,PE001,1,8.5
24520122,19,Huynh Hoai Nam,08/02/2006,1,HK1 2024-2025,MA004,3,6.6
24520122,19,Huynh Hoai Nam,08/02/2006,1,HK1 2024-2025,MA003,3,5.1
24520122,19,Huynh Hoai Nam,08/02/2006,1,HK1 2024-2025,EN001,2,6.6
24520122,19,Huynh Hoai Nam,08/02/2006,1,HK1 2024-2025,IT001,4,5.8
24520122,19,Huynh Hoai Nam,08/02/2006,1,HK1 2024-2025,MA005,3,8.4
24520122,19,Huynh Hoai Nam,08/02/2006,2,HK2 2024-2025,MA004,3,9.9
24520122,19,Huynh Hoai Nam,08/02/2006,2,HK2 2024-2025,MA005,3,8.2
24520122,19,Huynh Hoai Nam,08/02/2006,2,HK2 2024-2025,EN001,2,5.4
24520122,19,Huynh Hoai Nam,08/02/2006,2,HK2 2024-2025,IT002,4,8.0
24520122,19,Huynh Hoai Nam,08/02/2006,2,HK2 2024-2025,CE118,3,8.8
24520122,19,Huynh Hoai Nam,08/02/2006,2,HK2 2024-2025,PE001,1,9.4
24520122,19,Huynh Hoai Nam,08/02/2006,2,HK2 2024-2025,SS002,2,8.8
24520122,19,Huynh Hoai Nam,08/02/2006,3,HK3 2024-2025,MA003,3,6.9
24520122,19,Huynh Hoai Nam,08/02/2006,3,HK3 2024-2025,PE001,1,6.5
24520122,19,Huynh Hoai Nam,08/02/2006,3,HK3 2024-2025,IT002,4,8.2
24520122,19,Huynh Hoai Nam,08/02/2006,3,HK3 2024-2025,IT004,4,8.3
24520122,19,Huynh Hoai Nam,08/02/2006,3,HK3 2024-2025,SE104,3,8.6
24520122,19,Huynh Hoai Nam,08/02/2006,3,HK3 2024-2025,IT001,4,9.3
24520122,19,Huynh Hoai Nam,08/02/2006,3,HK3 2024-2025,IS201,3,7.0
24520123,19,Hoang Hoai Yen,11/07/2006,1,HK1 2024-2025,SE104,3,5.1
24520123,19,Hoang Hoai Yen,11/07/2006,1,HK1 2024-2025,CE118,3,6.8
24520123,19,Hoang Hoai Yen,11/07/2006,1,HK1 2024-2025,IT003,4,8.7
24520123,19,Hoang Hoai Yen,11/07/2006,1,HK1 2024-2025,MA004,3,9.0
24520123,19,Hoang Hoai Yen,11/07/2006,1,HK1 2024-2025,PE001,1,9.8
24520123,19,Hoang Hoai Yen,11/07/2006,1,HK1 2024-2025,MA005,3,7.0
24520123,19,Hoang Hoai Yen,11/07/2006,2,HK2 2024-2025,CS106,4,5.9
24520123,19,Hoang Hoai Yen,11/07/2006,2,HK2 2024-2025,CE118,3,5.0
24520123,19,Hoang Hoai Yen,11/07/2006,2,HK2 2024-2025,IT003,4,6.6
24520123,19,Hoang Hoai Yen,11/07/2006,2,HK2 2024-2025,MA004,3,5.4
24520123,19,Hoang Hoai Yen,11/07/2006,2,HK2 2024-2025,IT004,4,7.0
24520123,19,Hoang Hoai Yen,11/07/2006,2,HK2 2024-2025,EN001,2,8.3
24520123,19,Hoang Hoai Yen,11/07/2006,3,HK3 2024-2025,CS106,4,5.5
24520123,19,Hoang Hoai Yen,11/07/2006,3,HK3 2024-2025,CE118,3,5.0
24520123,19,Hoang Hoai Yen,11/07/2006,3,HK3 2024-2025,IT001,4,6.3
24520123,19,Hoang Hoai Yen,11/07/2006,3,HK3 2024-2025,EN001,2,7.8
24520123,19,Hoang Hoai Yen,11/07/2006,3,HK3 2024-2025,SE104,3,7.3
24520123,19,Hoang Hoai Yen,11/07/2006,3,HK3 2024-2025,MA005,3,5.5
24520124,19,Nguyen Hoai Binh,18/08/2006,1,HK1 2024-2025,EN001,2,6.7
24520124,19,Nguyen Hoai Binh,18/08/2006,1,HK1 2024-2025,CE118,3,5.7
24520124,19,Nguyen Hoai Binh,18/08/2006,1,HK1 2024-2025,IS201,3,8.0
24520124,19,Nguyen Hoai Binh,18/08/2006,1,HK1 2024-2025,IT004,4,5.3
24520124,19,Nguyen Hoai Binh,18/08/2006,1,HK1 2024-2025,IT002,4,5.5
24520124,19,Nguyen Hoai Binh,18/08/2006,1,HK1 2024-2025,MA003,3,8.8
24520124,19,Nguyen Hoai Binh,18/08/2006,1,HK1 2024-2025,IT003,4,7.9
24520124,19,Nguyen Hoai Binh,18/08/2006,2,HK2 2024-2025,EN001,2,6.4
24520124,19,Nguyen Hoai Binh,18/08/2006,2,HK2 2024-2025,SS002,2,9.1
24520124,19,Nguyen Hoai Binh,18/08/2006,2,HK2 2024-2025,CE118,3,6.1
24520124,19,Nguyen Hoai Binh,18/08/2006,2,HK2 2024-2025,IT003,4,6.3
24520124,19,Nguyen Hoai Binh,18/08/2006,2,HK2 2024-2025,IT001,4,10.0
24520124,19,Nguyen Hoai Binh,18/08/2006,2,HK2 2024-2025,IS201,3,7.0
24520124,19,Nguyen Hoai Binh,18/08/2006,3,HK3 2024-2025,MA004,3,5.9
24520124,19,Nguyen Hoai Binh,18/08/2006,3,HK3 2024-2025,IT002,4,5.4
24520124,19,Nguyen Hoai Binh,18/08/2006,3,HK3 2024-2025,PE001,1,8.9
24520124,19,Nguyen Hoai Binh,18/08/2006,3,HK3 2024-2025,MA005,3,7.2
24520124,19,Nguyen Hoai Binh,18/08/2006,3,HK3 2024-2025,IT003,4,7.9
24520124,19,Nguyen Hoai Binh,18/08/2006,3,HK3 2024-2025,IT001,4,7.5
24520124,19,Nguyen Hoai Binh,18/08/2006,3,HK3 2024-2025,MA003,3,5.6
24520124,19,Nguyen Hoai Binh,18/08/2006,3,HK3 2024-2025,IS201,3,7.3
24520125,19,Vo Hoai Duy,18/07/2006,1,HK1 2024-2025,SS002,2,7.5
24520125,19,Vo Hoai Duy,18/07/2006,1,HK1 2024-2025,IT002,4,5.5
24520125,19,Vo Hoai Duy,18/07/2006,1,HK1 2024-2025,MA003,3,8.5
24520125,19,Vo Hoai Duy,18/07/2006,1,HK1 2024-2025,IT004,4,9.8
24520125,19,Vo Hoai Duy,18/07/2006,1,HK1 2024-2025,MA004,3,6.0
24520125,19,Vo Hoai Duy,18/07/2006,1,HK1 2024-2025,SE104,3,9.9
24520125,19,Vo Hoai Duy,18/07/2006,1,HK1 2024-2025,MA005,3,8.4
24520125,19,Vo Hoai Duy,18/07/2006,1,HK1 2024-2025,CE118,3,6.6
24520125,19,Vo Hoai Duy,18/07/2006,2,HK2 2024-2025,IT002,4,5.4
24520125,19,Vo Hoai Duy,18/07/2006,2,HK2 2024-2025,MA005,3,7.6
24520125,19,Vo Hoai Duy,18/07/2006,2,HK2 2024-2025,PE001,1,7.0
24520125,19,Vo Hoai Duy,18/07/2006,2,HK2 2024-2025,MA003,3,8.7
24520125,19,Vo Hoai Duy,18/07/2006,2,HK2 2024-2025,IT003,4,8.4
24520125,19,Vo Hoai Duy,18/07/2006,2,HK2 2024-2025,MA004,3,9.5
24520125,19,Vo Hoai Duy,18/07/2006,2,HK2 2024-2025,CS106,4,7.7
24520125,19,Vo Hoai Duy,18/07/2006,2,HK2 2024-2025,EN001,2,9.7
24520125,19,Vo Hoai Duy,18/07/2006,3,HK3 2024-2025,IT004,4,9.5
24520125,19,Vo Hoai Duy,18/07/2006,3,HK3 2024-2025,IT002,4,6.1
24520125,19,Vo Hoai Duy,18/07/2006,3,HK3 2024-2025,CE118,3,5.2
24520125,19,Vo Hoai Duy,18/07/2006,3,HK3 2024-2025,MA004,3,5.2
24520125,19,Vo Hoai Duy,18/07/2006,3,HK3 2024-2025,EN001,2,9.3
24520125,19,Vo Hoai Duy,18/07/2006,3,HK3 2024-2025,MA005,3,8.3
24520125,19,Vo Hoai Duy,18/07/2006,3,HK3 2024-2025,IS201,3,7.3
24520125,19,Vo Hoai Duy,18/07/2006,3,HK3 2024-2025,SE104,3,8.5
24520126,19,Pham Ngoc Trang,27/05/2006,1,HK1 2024-2025,MA003,3,5.5
24520126,19,Pham Ngoc Trang,27/05/2006,1,HK1 2024-2025,IT002,4,5.6
24520126,19,Pham Ngoc Trang,27/05/2006,1,HK1 2024-2025,MA005,3,8.8
24520126,19,Pham Ngoc Trang,27/05/2006,1,HK1 2024-2025,IS201,3,5.1
24520126,19,Pham Ngoc Trang,27/05/2006,1,HK1 2024-2025,SE104,3,7.5
24520126,19,Pham Ngoc Trang,27/05/2006,1,HK1 2024-2025,MA004,3,6.1
24520126,19,Pham Ngoc Trang,27/05/2006,1,HK1 2024-2025,PE001,1,8.9
24520126,19,Pham Ngoc Trang,27/05/2006,1,HK1 2024-2025,IT004,4,9.7
24520126,19,Pham Ngoc Trang,27/05/2006,2,HK2 2024-2025,SE104,3,6.5
24520126,19,Pham Ngoc Trang,27/05/2006,2,HK2 2024-2025,SS001,2,7.8
24520126,19,Pham Ngoc Trang,27/05/2006,2,HK2 2024-2025,EN001,2,7.2
24520126,19,Pham Ngoc Trang,27/05/2006,2,HK2 2024-2025,SS002,2,7.3
24520126,19,Pham Ngoc Trang,27/05/2006,2,HK2 2024-2025,CS106,4,6.6
24520126,19,Pham Ngoc Trang,27/05/2006,2,HK2 2024-2025,IT004,4,7.7
24520126,19,Pham Ngoc Trang,27/05/2006,2,HK2 2024-2025,CE118,3,7.2
24520126,19,Pham Ngoc Trang,27/05/2006,3,HK3 2024-2025,IS201,3,9.4
24520126,19,Pham Ngoc Trang,27/05/2006,3,HK3 2024-2025,CE118,3,7.4
24520126,19,Pham Ngoc Trang,27/05/2006,3,HK3 2024-2025,PE001,1,8.1
24520126,19,Pham Ngoc Trang,27/05/2006,3,HK3 2024-2025,IT002,4,7.3
24520126,19,Pham Ngoc Trang,27/05/2006,3,HK3 2024-2025,IT001,4,9.3
24520126,19,Pham Ngoc Trang,27/05/2006,3,HK3 2024-2025,MA004,3,8.8
24520126,19,Pham Ngoc Trang,27/05/2006,3,HK3 2024-2025,EN001,2,9.6
24520126,19,Pham Ngoc Trang,27/05/2006,3,HK3 2024-2025,IT004,4,7.9
24520127,19,Phan Huu Chau,04/03/2006,1,HK1 2024-2025,PE001,1,5.8
24520127,19,Phan Huu Chau,04/03/2006,1,HK1 2024-2025,SS002,2,6.5
24520127,19,Phan Huu Chau,04/03/2006,1,HK1 2024-2025,CE118,3,9.1
24520127,19,Phan Huu Chau,04/03/2006,1,HK1 2024-2025,MA004,3,8.8
24520127,19,Phan Huu Chau,04/03/2006,1,HK1 2024-2025,SE104,3,8.2
24520127,19,Phan Huu Chau,04/03/2006,1,HK1 2024-2025,MA005,3,9.8
24520127,19,Phan Huu Chau,04/03/2006,1,HK1 2024-2025,MA003,3,7.0
24520127,19,Phan Huu Chau,04/03/2006,1,HK1 2024-2025,IS201,3,5.8
24520127,19,Phan Huu Chau,04/03/2006,2,HK2 2024-2025,MA003,3,7.6
24520127,19,Phan Huu Chau,04/03/2006,2,HK2 2024-2025,IT004,4,7.1
24520127,19,Phan Huu Chau,04/03/2006,2,HK2 2024-2025,MA004,3,5.2
24520127,19,Phan Huu Chau,04/03/2006,2,HK2 2024-2025,IT002,4,6.3
24520127,19,Phan Huu Chau,04/03/2006,2,HK2 2024-2025,CS106,4,10.0
24520127,19,Phan Huu Chau,04/03/2006,2,HK2 2024-2025,PE001,1,7.8
24520127,19,Phan Huu Chau,04/03/2006,3,HK3 2024-2025,IT004,4,8.4
24520127,19,Phan Huu Chau,04/03/2006,3,HK3 2024-2025,MA005,3,7.3
24520127,19,Phan Huu Chau,04/03/2006,3,HK3 2024-2025,IT002,4,5.2
24520127,19,Phan Huu Chau,04/03/2006,3,HK3 2024-2025,MA003,3,5.5
24520127,19,Phan Huu Chau,04/03/2006,3,HK3 2024-2025,SE104,3,7.8
24520127,19,Phan Huu Chau,04/03/2006,3,HK3 2024-2025,CE118,3,7.6
24520127,19,Phan Huu Chau,04/03/2006,3,HK3 2024-2025,PE001,1,9.8
24520127,19,Phan Huu Chau,04/03/2006,3,HK3 2024-2025,MA004,3,5.7
24520128,19,Dang Quang Khoa,18/07/2006,1,HK1 2024-2025,IT004,4,5.3
24520128,19,Dang Quang Khoa,18/07/2006,1,HK1 2024-2025,IT003,4,9.2
24520128,19,Dang Quang Khoa,18/07/2006,1,HK1 2024-2025,MA005,3,9.5
24520128,19,Dang Quang Khoa,18/07/2006,1,HK1 2024-2025,MA003,3,7.6
24520128,19,Dang Quang Khoa,18/07/2006,1,HK1 2024-2025,PE001,1,6.1
24520128,19,Dang Quang Khoa,18/07/2006,1,HK1 2024-2025,CS106,4,9.7
24520128,19,Dang Quang Khoa,18/07/2006,1,HK1 2024-2025,EN001,2,7.4
24520128,19,Dang Quang Khoa,18/07/2006,2,HK2 2024-2025,EN001,2,6.5
24520128,19,Dang Quang Khoa,18/07/2006,2,HK2 2024-2025,IT002,4,6.0
24520128,19,Dang Quang Khoa,18/07/2006,2,HK2 2024-2025,MA004,3,6.1
24520128,19,Dang Quang Khoa,18/07/2006,2,HK2 2024-2025,IT003,4,8.3
24520128,19,Dang Quang Khoa,18/07/2006,2,HK2 2024-2025,SS001,2,8.7
24520128,19,Dang Quang Khoa,18/07/2006,2,HK2 2024-2025,SS002,2,7.5
24520128,19,Dang Quang Khoa,18/07/2006,2,HK2 2024-2025,CS106,4,7.2
24520128,19,Dang Quang Khoa,18/07/2006,3,HK3 2024-2025,MA005,3,8.7
24520128,19,Dang Quang Khoa,18/07/2006,3,HK3 2024-2025,SS001,2,9.4
24520128,19,Dang Quang Khoa,18/07/2006,3,HK3 2024-2025,SS002,2,8.7
24520128,19,Dang Quang Khoa,18/07/2006,3,HK3 2024-2025,IT003,4,9.7
24520128,19,Dang Quang Khoa,18/07/2006,3,HK3 2024-2025,PE001,1,6.8
24520128,19,Dang Quang Khoa,18/07/2006,3,HK3 2024-2025,MA003,3,9.5
24520128,19,Dang Quang Khoa,18/07/2006,3,HK3 2024-2025,IT004,4,7.9
24520129,19,Tran Thu Mai,12/09/2006,1,HK1 2024-2025,SS001,2,6.9
24520129,19,Tran Thu Mai,12/09/2006,1,HK1 2024-2025,MA003,3,5.1
24520129,19,Tran Thu Mai,12/09/2006,1,HK1 2024-2025,IT004,4,9.8
24520129,19,Tran Thu Mai,12/09/2006,1,HK1 2024-2025,CS106,4,8.9
24520129,19,Tran Thu Mai,12/09/2006,1,HK1 2024-2025,IT002,4,5.6
24520129,19,Tran Thu Mai,12/09/2006,1,HK1 2024-2025,EN001,2,7.7
24520129,19,Tran Thu Mai,12/09/2006,1,HK1 2024-2025,IS201,3,8.3
24520129,19,Tran Thu Mai,12/09/2006,1,HK1 2024-2025,SS002,2,9.2
24520129,19,Tran Thu Mai,12/09/2006,2,HK2 2024-2025,PE001,1,5.8
24520129,19,Tran Thu Mai,12/09/2006,2,HK2 2024-2025,IT001,4,6.9
24520129,19,Tran Thu Mai,12/09/2006,2,HK2 2024-2025,IT002,4,8.7
24520129,19,Tran Thu Mai,12/09/2006,2,HK2 2024-2025,SE104,3,6.2
24520129,19,Tran Thu Mai,12/09/2006,2,HK2 2024-2025,IT003,4,6.4
24520129,19,Tran Thu Mai,12/09/2006,2,HK2 2024-2025,EN001,2,5.2
24520129,19,Tran Thu Mai,12/09/2006,2,HK2 2024-2025,IS201,3,7.3
24520129,19,Tran Thu Mai,12/09/2006,2,HK2 2024-2025,CE118,3,7.4
24520129,19,Tran Thu Mai,12/09/2006,3,HK3 2024-2025,IT002,4,8.3
24520129,19,Tran Thu Mai,12/09/2006,3,HK3 2024-2025,IS201,3,9.0
24520129,19,Tran Thu Mai,12/09/2006,3,HK3 2024-2025,CS106,4,6.3
24520129,19,Tran Thu Mai,12/09/2006,3,HK3 2024-2025,IT003,4,5.5
24520129,19,Tran Thu Mai,12/09/2006,3,HK3 2024-2025,SS002,2,6.1
24520129,19,Tran Thu Mai,12/09/2006,3,HK3 2024-2025,MA005,3,8.7
24520129,19,Tran Thu Mai,12/09/2006,3,HK3 2024-2025,IT004,4,5.1
24520130,19,Phan Van Linh,06/12/2006,1,HK1 2024-2025,MA004,3,7.8
24520130,19,Phan Van Linh,06/12/2006,1,HK1 2024-2025,MA003,3,9.7
24520130,19,Phan Van Linh,06/12/2006,1,HK1 2024-2025,SS002,2,5.6
24520130,19,Phan Van Linh,06/12/2006,1,HK1 2024-2025,SS001,2,5.0
24520130,19,Phan Van Linh,06/12/2006,1,HK1 2024-2025,IT002,4,9.1
24520130,19,Phan Van Linh,06/12/2006,1,HK1 2024-2025,IT004,4,7.2
24520130,19,Phan Van Linh,06/12/2006,2,HK2 2024-2025,IS201,3,7.5
24520130,19,Phan Van Linh,06/12/2006,2,HK2 2024-2025,IT002,4,7.2
24520130,19,Phan Van Linh,06/12/2006,2,HK2 2024-2025,CS106,4,8.5
24520130,19,Phan Van Linh,06/12/2006,2,HK2 2024-2025,IT001,4,8.6
24520130,19,Phan Van Linh,06/12/2006,2,HK2 2024-2025,PE001,1,6.8
24520130,19,Phan Van Linh,06/12/2006,2,HK2 2024-2025,CE118,3,9.8
24520130,19,Phan Van Linh,06/12/2006,3,HK3 2024-2025,PE001,1,7.5
24520130,19,Phan Van Linh,06/12/2006,3,HK3 2024-2025,IT001,4,7.1
24520130,19,Phan Van Linh,06/12/2006,3,HK3 2024-2025,SE104,3,7.4
24520130,19,Phan Van Linh,06/12/2006,3,HK3 2024-2025,IS201,3,9.3
24520130,19,Phan Van Linh,06/12/2006,3,HK3 2024-2025,SS002,2,6.5
24520130,19,Phan Van Linh,06/12/2006,3,HK3 2024-2025,IT002,4,5.9
24520130,19,Phan Van Linh,06/12/2006,3,HK3 2024-2025,CS106,4,8.6
24520130,19,Phan Van Linh,06/12/2006,3,HK3 2024-2025,IT003,4,8.4
24520131,19,Pham Quang Quan,18/10/2006,1,HK1 2024-2025,SS002,2,9.6
24520131,19,Pham Quang Quan,18/10/2006,1,HK1 2024-2025,PE001,1,9.0
24520131,19,Pham Quang Quan,18/10/2006,1,HK1 2024-2025,IT003,4,6.8
24520131,19,Pham Quang Quan,18/10/2006,1,HK1 2024-2025,IT002,4,9.6
24520131,19,Pham Quang Quan,18/10/2006,1,HK1 2024-2025,EN001,2,6.7
24520131,19,Pham Quang Quan,18/10/2006,1,HK1 2024-2025,IT001,4,6.8
24520131,19,Pham Quang Quan,18/10/2006,2,HK2 2024-2025,IT001,4,7.2
24520131,19,Pham Quang Quan,18/10/2006,2,HK2 2024-2025,IT002,4,7.6
24520131,19,Pham Quang Quan,18/10/2006,2,HK2 2024-2025,MA005,3,5.9
24520131,19,Pham Quang Quan,18/10/2006,2,HK2 2024-2025,SS001,2,7.6
24520131,19,Pham Quang Quan,18/10/2006,2,HK2 2024-2025,EN001,2,5.3
24520131,19,Pham Quang Quan,18/10/2006,2,HK2 2024-2025,MA004,3,5.6
24520131,19,Pham Quang Quan,18/10/2006,2,HK2 2024-2025,SS002,2,7.7
24520131,19,Pham Quang Quan,18/10/2006,3,HK3 2024-2025,SE104,3,8.8
24520131,19,Pham Quang Quan,18/10/2006,3,HK3 2024-2025,IT001,4,5.2
24520131,19,Pham Quang Quan,18/10/2006,3,HK3 2024-2025,IT003,4,8.0
24520131,19,Pham Quang Quan,18/10/2006,3,HK3 2024-2025,EN001,2,9.0
24520131,19,Pham Quang Quan,18/10/2006,3,HK3 2024-2025,SS002,2,5.2
24520131,19,Pham Quang Quan,18/10/2006,3,HK3 2024-2025,IT004,4,5.8
24520132,19,Phan Ngoc Quan,28/06/2006,1,HK1 2024-2025,IT002,4,5.5
24520132,19,Phan Ngoc Quan,28/06/2006,1,HK1 2024-2025,SS001,2,7.5
24520132,19,Phan Ngoc Quan,28/06/2006,1,HK1 2024-2025,SS002,2,9.5
24520132,19,Phan Ngoc Quan,28/06/2006,1,HK1 2024-2025,IT003,4,6.3
24520132,19,Phan Ngoc Quan,28/06/2006,1,HK1 2024-2025,SE104,3,6.5
24520132,19,Phan Ngoc Quan,28/06/2006,1,HK1 2024-2025,CS106,4,8.7
24520132,19,Phan Ngoc Quan,28/06/2006,1,HK1 2024-2025,IT001,4,9.7
24520132,19,Phan Ngoc Quan,28/06/2006,1,HK1 2024-2025,MA003,3,9.0
24520132,19,Phan Ngoc Quan,28/06/2006,2,HK2 2024-2025,IT002,4,8.0
24520132,19,Phan Ngoc Quan,28/06/2006,2,HK2 2024-2025,IT004,4,8.8
24520132,19,Phan Ngoc Quan,28/06/2006,2,HK2 2024-2025,IT001,4,7.8
24520132,19,Phan Ngoc Quan,28/06/2006,2,HK2 2024-2025,IT003,4,8.0
24520132,19,Phan Ngoc Quan,28/06/2006,2,HK2 2024-2025,MA004,3,6.9
24520132,19,Phan Ngoc Quan,28/06/2006,2,HK2 2024-2025,MA005,3,5.5
24520132,19,Phan Ngoc Quan,28/06/2006,2,HK2 2024-2025,CS106,4,5.6
24520132,19,Phan Ngoc Quan,28/06/2006,3,HK3 2024-2025,IT003,4,5.1
24520132,19,Phan Ngoc Quan,28/06/2006,3,HK3 2024-2025,MA004,3,6.1
24520132,19,Phan Ngoc Quan,28/06/2006,3,HK3 2024-2025,MA005,3,7.3
24520132,19,Phan Ngoc Quan,28/06/2006,3,HK3 2024-2025,SE104,3,7.4
24520132,19,Phan Ngoc Quan,28/06/2006,3,HK3 2024-2025,PE001,1,5.3
24520132,19,Phan Ngoc Quan,28/06/2006,3,HK3 2024-2025,CS106,4,8.3
24520132,19,Phan Ngoc Quan,28/06/2006,3,HK3 2024-2025,EN001,2,5.5
24520133,19,Dang Thi Khoa,23/12/2006,1,HK1 2024-2025,PE001,1,5.7
24520133,19,Dang Thi Khoa,23/12/2006,1,HK1 2024-2025,IT003,4,6.8
24520133,19,Dang Thi Khoa,23/12/2006,1,HK1 2024-2025,IT001,4,9.6
24520133,19,Dang Thi Khoa,23/12/2006,1,HK1 2024-2025,SS001,2,9.1
24520133,19,Dang Thi Khoa,23/12/2006,1,HK1 2024-2025,CE118,3,5.1
24520133,19,Dang Thi Khoa,23/12/2006,1,HK1 2024-2025,IT002,4,9.5
24520133,19,Dang Thi Khoa,23/12/2006,2,HK2 2024-2025,IS201,3,6.1
24520133,19,Dang Thi Khoa,23/12/2006,2,HK2 2024-2025,SS001,2,6.5
24520133,19,Dang Thi Khoa,23/12/2006,2,HK2 2024-2025,IT002,4,7.7
24520133,19,Dang Thi Khoa,23/12/2006,2,HK2 2024-2025,PE001,1,9.1
24520133,19,Dang Thi Khoa,23/12/2006,2,HK2 2024-2025,MA005,3,8.2
24520133,19,Dang Thi Khoa,23/12/2006,2,HK2 2024-2025,SE104,3,6.1
24520133,19,Dang Thi Khoa,23/12/2006,2,HK2 2024-2025,CE118,3,9.2
24520133,19,Dang Thi Khoa,23/12/2006,3,HK3 2024-2025,IT004,4,7.2
24520133,19,Dang Thi Khoa,23/12/2006,3,HK3 2024-2025,SS001,2,7.5
24520133,19,Dang Thi Khoa,23/12/2006,3,HK3 2024-2025,CE118,3,5.9
24520133,19,Dang Thi Khoa,23/12/2006,3,HK3 2024-2025,IT003,4,7.6
24520133,19,Dang Thi Khoa,23/12/2006,3,HK3 2024-2025,SS002,2,8.7
24520133,19,Dang Thi Khoa,23/12/2006,3,HK3 2024-2025,EN001,2,8.3
24520133,19,Dang Thi Khoa,23/12/2006,3,HK3 2024-2025,MA005,3,7.0
24520133,19,Dang Thi Khoa,23/12/2006,3,HK3 2024-2025,MA003,3,8.9
24520134,19,Dang Quang An,23/09/2006,1,HK1 2024-2025,EN001,2,5.0
24520134,19,Dang Quang An,23/09/2006,1,HK1 2024-2025,MA004,3,6.7
24520134,19,Dang Quang An,23/09/2006,1,HK1 2024-2025,PE001,1,8.1
24520134,19,Dang Quang An,23/09/2006,1,HK1 2024-2025,CS106,4,9.6
24520134,19,Dang Quang An,23/09/2006,1,HK1 2024-2025,IT002,4,6.5
24520134,19,Dang Quang An,23/09/2006,1,HK1 2024-2025,CE118,3,6.1
24520134,19,Dang Quang An,23/09/2006,2,HK2 2024-2025,MA004,3,7.0
24520134,19,Dang Quang An,23/09/2006,2,HK2 2024-2025,IT002,4,5.4
24520134,19,Dang Quang An,23/09/2006,2,HK2 2024-2025,MA003,3,7.3
24520134,19,Dang Quang An,23/09/2006,2,HK2 2024-2025,MA005,3,7.0
24520134,19,Dang Quang An,23/09/2006,2,HK2 2024-2025,SS002,2,7.1
24520134,19,Dang Quang An,23/09/2006,2,HK2 2024-2025,CE118,3,9.2
24520134,19,Dang Quang An,23/09/2006,2,HK2 2024-2025,CS106,4,9.3
24520134,19,Dang Quang An,23/09/2006,3,HK3 2024-2025,SE104,3,9.9
24520134,19,Dang Quang An,23/09/2006,3,HK3 2024-2025,MA005,3,7.6
24520134,19,Dang Quang An,23/09/2006,3,HK3 2024-2025,EN001,2,8.9
24520134,19,Dang Quang An,23/09/2006,3,HK3 2024-2025,SS002,2,5.7
24520134,19,Dang Quang An,23/09/2006,3,HK3 2024-2025,SS001,2,9.0
24520134,19,Dang Quang An,23/09/2006,3,HK3 2024-2025,MA003,3,5.8
24520134,19,Dang Quang An,23/09/2006,3,HK3 2024-2025,PE001,1,9.5
24520134,19,Dang Quang An,23/09/2006,3,HK3 2024-2025,IT003,4,7.2
24520135,19,Hoang Hoai Quan,27/09/2006,1,HK1 2024-2025,PE001,1,9.2
24520135,19,Hoang Hoai Quan,27/09/2006,1,HK1 2024-2025,MA005,3,5.4
24520135,19,Hoang Hoai Quan,27/09/2006,1,HK1 2024-2025,MA004,3,7.8
24520135,19,Hoang Hoai Quan,27/09/2006,1,HK1 2024-2025,IT004,4,8.5
24520135,19,Hoang Hoai Quan,27/09/2006,1,HK1 2024-2025,IT002,4,7.5
24520135,19,Hoang Hoai Quan,27/09/2006,1,HK1 2024-2025,CS106,4,7.7
24520135,19,Hoang Hoai Quan,27/09/2006,2,HK2 2024-2025,IT001,4,7.1
24520135,19,Hoang Hoai Quan,27/09/2006,2,HK2 2024-2025,MA005,3,9.1
24520135,19,Hoang Hoai Quan,27/09/2006,2,HK2 2024-2025,PE001,1,8.5
24520135,19,Hoang Hoai Quan,27/09/2006,2,HK2 2024-2025,IT003,4,9.3
24520135,19,Hoang Hoai Quan,27/09/2006,2,HK2 2024-2025,IT002,4,8.7
24520135,19,Hoang Hoai Quan,27/09/2006,2,HK2 2024-2025,MA003,3,6.9
24520135,19,Hoang Hoai Quan,27/09/2006,3,HK3 2024-2025,SE104,3,6.8
24520135,19,Hoang Hoai Quan,27/09/2006,3,HK3 2024-2025,IS201,3,5.8
24520135,19,Hoang Hoai Quan,27/09/2006,3,HK3 2024-2025,SS002,2,8.6
24520135,19,Hoang Hoai Quan,27/09/2006,3,HK3 2024-2025,MA004,3,7.8
24520135,19,Hoang Hoai Quan,27/09/2006,3,HK3 2024-2025,SS001,2,9.0
24520135,19,Hoang Hoai Quan,27/09/2006,3,HK3 2024-2025,MA005,3,9.0
24520135,19,Hoang Hoai Quan,27/09/2006,3,HK3 2024-2025,IT003,4,8.1
24520136,19,Do Xuan Trang,17/09/2006,1,HK1 2024-2025,CS106,4,5.6
24520136,19,Do Xuan Trang,17/09/2006,1,HK1 2024-2025,MA005,3,8.5
24520136,19,Do Xuan Trang,17/09/2006,1,HK1 2024-2025,EN001,2,5.4
24520136,19,Do Xuan Trang,17/09/2006,1,HK1 2024-2025,IT003,4,9.0
24520136,19,Do Xuan Trang,17/09/2006,1,HK1 2024-2025,PE001,1,6.7
24520136,19,Do Xuan Trang,17/09/2006,1,HK1 2024-2025,IS201,3,8.3
24520136,19,Do Xuan Trang,17/09/2006,1,HK1 2024-2025,CE118,3,8.2
24520136,19,Do Xuan Trang,17/09/2006,2,HK2 2024-2025,EN001,2,8.1
24520136,19,Do Xuan Trang,17/09/2006,2,HK2 2024-2025,IT002,4,7.1
24520136,19,Do Xuan Trang,17/09/2006,2,HK2 2024-2025,SE104,3,6.8
24520136,19,Do Xuan Trang,17/09/2006,2,HK2 2024-2025,MA003,3,8.4
24520136,19,Do Xuan Trang,17/09/2006,2,HK2 2024-2025,IT003,4,5.5
24520136,19,Do Xuan Trang,17/09/2006,2,HK2 2024-2025,MA004,3,6.9
24520136,19,Do Xuan Trang,17/09/2006,2,HK2 2024-2025,CS106,4,9.9
24520136,19,Do Xuan Trang,17/09/2006,3,HK3 2024-2025,MA005,3,8.5
24520136,19,Do Xuan Trang,17/09/2006,3,HK3 2024-2025,SS002,2,8.2
24520136,19,Do Xuan Trang,17/09/2006,3,HK3 2024-2025,IT003,4,8.4
24520136,19,Do Xuan Trang,17/09/2006,3,HK3 2024-2025,IT004,4,8.4
24520136,19,Do Xuan Trang,17/09/2006,3,HK3 2024-2025,SE104,3,8.4
24520136,19,Do Xuan Trang,17/09/2006,3,HK3 2024-2025,SS001,2,10.0
24520137,19,Do Xuan Nam,20/11/2006,1,HK1 2024-2025,IT003,4,5.3
24520137,19,Do Xuan Nam,20/11/2006,1,HK1 2024-2025,IT004,4,6.7
24520137,19,Do Xuan Nam,20/11/2006,1,HK1 2024-2025,SE104,3,9.3
24520137,19,Do Xuan Nam,20/11/2006,1,HK1 2024-2025,IT001,4,8.6
24520137,19,Do Xuan Nam,20/11/2006,1,HK1 2024-2025,SS001,2,9.8
24520137,19,Do Xuan Nam,20/11/2006,1,HK1 2024-2025,CE118,3,9.9
24520137,19,Do Xuan Nam,20/11/2006,1,HK1 2024-2025,CS106,4,6.8
24520137,19,Do Xuan Nam,20/11/2006,2,HK2 2024-2025,MA003,3,6.7
24520137,19,Do Xuan Nam,20/11/2006,2,HK2 2024-2025,IT002,4,6.2
24520137,19,Do Xuan Nam,20/11/2006,2,HK2 2024-2025,IT001,4,5.0
24520137,19,Do Xuan Nam,20/11/2006,2,HK2 2024-2025,SE104,3,6.6
24520137,19,Do Xuan Nam,20/11/2006,2,HK2 2024-2025,CE118,3,5.7
24520137,19,Do Xuan Nam,20/11/2006,2,HK2 2024-2025,IT004,4,8.0
24520137,19,Do Xuan Nam,20/11/2006,2,HK2 2024-2025,MA004,3,9.7
24520137,19,Do Xuan Nam,20/11/2006,3,HK3 2024-2025,SE104,3,8.9
24520137,19,Do Xuan Nam,20/11/2006,3,HK3 2024-2025,IT004,4,6.8
24520137,19,Do Xuan Nam,20/11/2006,3,HK3 2024-2025,SS002,2,8.9
24520137,19,Do Xuan Nam,20/11/2006,3,HK3 2024-2025,MA004,3,5.5
24520137,19,Do Xuan Nam,20/11/2006,3,HK3 2024-2025,IT003,4,9.5
24520137,19,Do Xuan Nam,20/11/2006,3,HK3 2024-2025,IT001,4,9.7
24520137,19,Do Xuan Nam,20/11/2006,3,HK3 2024-2025,SS001,2,8.1
24520138,19,Bui Xuan Binh,18/11/2006,1,HK1 2024-2025,CS106,4,5.4
24520138,19,Bui Xuan Binh,18/11/2006,1,HK1 2024-2025,PE001,1,7.1
24520138,19,Bui Xuan Binh,18/11/2006,1,HK1 2024-2025,SS002,2,8.0
24520138,19,Bui Xuan Binh,18/11/2006,1,HK1 2024-2025,CE118,3,5.6
24520138,19,Bui Xuan Binh,18/11/2006,1,HK1 2024-2025,MA003,3,8.6
24520138,19,Bui Xuan Binh,18/11/2006,1,HK1 2024-2025,SE104,3,9.6
24520138,19,Bui Xuan Binh,18/11/2006,1,HK1 2024-2025,IT001,4,7.2
24520138,19,Bui Xuan Binh,18/11/2006,2,HK2 2024-2025,IT001,4,5.4
24520138,19,Bui Xuan Binh,18/11/2006,2,HK2 2024-2025,MA004,3,6.3
24520138,19,Bui Xuan Binh,18/11/2006,2,HK2 2024-2025,CS106,4,6.4
24520138,19,Bui Xuan Binh,18/11/2006,2,HK2 2024-2025,CE118,3,9.9
24520138,19,Bui Xuan Binh,18/11/2006,2,HK2 2024-2025,IT003,4,9.6
24520138,19,Bui Xuan Binh,18/11/2006,2,HK2 2024-2025,IT004,4,5.6
24520138,19,Bui Xuan Binh,18/11/2006,2,HK2 2024-2025,EN001,2,9.2
24520138,19,Bui Xuan Binh,18/11/2006,3,HK3 2024-2025,EN001,2,7.1
24520138,19,Bui Xuan Binh,18/11/2006,3,HK3 2024-2025,MA005,3,7.1
24520138,19,Bui Xuan Binh,18/11/2006,3,HK3 2024-2025,IS201,3,6.7
24520138,19,Bui Xuan Binh,18/11/2006,3,HK3 2024-2025,IT002,4,7.8
24520138,19,Bui Xuan Binh,18/11/2006,3,HK3 2024-2025,IT001,4,5.5
24520138,19,Bui Xuan Binh,18/11/2006,3,HK3 2024-2025,MA003,3,9.6
24520139,19,Tran Hoai Quan,19/12/2006,1,HK1 2024-2025,CS106,4,6.5
24520139,19,Tran Hoai Quan,19/12/2006,1,HK1 2024-2025,SE104,3,7.7
24520139,19,Tran Hoai Quan,19/12/2006,1,HK1 2024-2025,IS201,3,8.1
24520139,19,Tran Hoai Quan,19/12/2006,1,HK1 2024-2025,MA004,3,9.2
24520139,19,Tran Hoai Quan,19/12/2006,1,HK1 2024-2025,IT002,4,7.9
24520139,19,Tran Hoai Quan,19/12/2006,1,HK1 2024-2025,IT001,4,9.6
24520139,19,Tran Hoai Quan,19/12/2006,1,HK1 2024-2025,IT004,4,7.9
24520139,19,Tran Hoai Quan,19/12/2006,2,HK2 2024-2025,IT001,4,6.7
24520139,19,Tran Hoai Quan,19/12/2006,2,HK2 2024-2025,IT004,4,6.1
24520139,19,Tran Hoai Quan,19/12/2006,2,HK2 2024-2025,SE104,3,7.6
24520139,19,Tran Hoai Quan,19/12/2006,2,HK2 2024-2025,IS201,3,8.0
24520139,19,Tran Hoai Quan,19/12/2006,2,HK2 2024-2025,MA004,3,5.2
24520139,19,Tran Hoai Quan,19/12/2006,2,HK2 2024-2025,MA005,3,9.7
24520139,19,Tran Hoai Quan,19/12/2006,3,HK3 2024-2025,PE001,1,5.5
24520139,19,Tran Hoai Quan,19/12/2006,3,HK3 2024-2025,MA003,3,7.0
24520139,19,Tran Hoai Quan,19/12/2006,3,HK3 2024-2025,EN001,2,8.6
24520139,19,Tran Hoai Quan,19/12/2006,3,HK3 2024-2025,SS002,2,6.2
24520139,19,Tran Hoai Quan,19/12/2006,3,HK3 2024-2025,SE104,3,7.3
24520139,19,Tran Hoai Quan,19/12/2006,3,HK3 2024-2025,CS106,4,8.5
24520139,19,Tran Hoai Quan,19/12/2006,3,HK3 2024-2025,IT004,4,9.5
24520140,19,Vo Quang Phong,15/03/2006,1,HK1 2024-2025,CE118,3,6.6
24520140,19,Vo Quang Phong,15/03/2006,1,HK1 2024-2025,MA004,3,8.4
24520140,19,Vo Quang Phong,15/03/2006,1,HK1 2024-2025,SS001,2,8.8
24520140,19,Vo Quang Phong,15/03/2006,1,HK1 2024-2025,EN001,2,8.1
24520140,19,Vo Quang Phong,15/03/2006,1,HK1 2024-2025,CS106,4,7.9
24520140,19,Vo Quang Phong,15/03/2006,1,HK1 2024-2025,SS002,2,7.8
24520140,19,Vo Quang Phong,15/03/2006,1,HK1 2024-2025,SE104,3,7.1
24520140,19,Vo Quang Phong,15/03/2006,2,HK2 2024-2025,PE001,1,5.5
24520140,19,Vo Quang Phong,15/03/2006,2,HK2 2024-2025,CE118,3,8.8
24520140,19,Vo Quang Phong,15/03/2006,2,HK2 2024-2025,MA004,3,8.5
24520140,19,Vo Quang Phong,15/03/2006,2,HK2 2024-2025,IS201,3,7.1
24520140,19,Vo Quang Phong,15/03/2006,2,HK2 2024-2025,MA003,3,9.5
24520140,19,Vo Quang Phong,15/03/2006,2,HK2 2024-2025,MA005,3,9.9
24520140,19,Vo Quang Phong,15/03/2006,2,HK2 2024-2025,SS001,2,6.0
24520140,19,Vo Quang Phong,15/03/2006,3,HK3 2024-2025,SS002,2,9.6
24520140,19,Vo Quang Phong,15/03/2006,3,HK3 2024-2025,MA005,3,9.2
24520140,19,Vo Quang Phong,15/03/2006,3,HK3 2024-2025,CE118,3,7.1
24520140,19,Vo Quang Phong,15/03/2006,3,HK3 2024-2025,IT003,4,9.6
24520140,19,Vo Quang Phong,15/03/2006,3,HK3 2024-2025,MA004,3,9.3
24520140,19,Vo Quang Phong,15/03/2006,3,HK3 2024-2025,IT001,4,9.3
24520141,19,Tran Thu Trang,05/05/2006,1,HK1 2024-2025,CE118,3,8.3
24520141,19,Tran Thu Trang,05/05/2006,1,HK1 2024-2025,IT002,4,8.1
24520141,19,Tran Thu Trang,05/05/2006,1,HK1 2024-2025,SS002,2,6.7
24520141,19,Tran Thu Trang,05/05/2006,1,HK1 2024-2025,IT001,4,8.6
24520141,19,Tran Thu Trang,05/05/2006,1,HK1 2024-2025,MA003,3,5.2
24520141,19,Tran Thu Trang,05/05/2006,1,HK1 2024-2025,IS201,3,9.7
24520141,19,Tran Thu Trang,05/05/2006,2,HK2 2024-2025,SS002,2,6.2
24520141,19,Tran Thu Trang,05/05/2006,2,HK2 2024-2025,PE001,1,6.2
24520141,19,Tran Thu Trang,05/05/2006,2,HK2 2024-2025,IS201,3,5.7
24520141,19,Tran Thu Trang,05/05/2006,2,HK2 2024-2025,IT002,4,6.7
24520141,19,Tran Thu Trang,05/05/2006,2,HK2 2024-2025,SS001,2,9.6
24520141,19,Tran Thu Trang,05/05/2006,2,HK2 2024-2025,EN001,2,6.0
24520141,19,Tran Thu Trang,05/05/2006,2,HK2 2024-2025,CE118,3,6.2
24520141,19,Tran Thu Trang,05/05/2006,2,HK2 2024-2025,MA003,3,6.4
24520141,19,Tran Thu Trang,05/05/2006,3,HK3 2024-2025,SE104,3,8.5
24520141,19,Tran Thu Trang,05/05/2006,3,HK3 2024-2025,IS201,3,9.6
24520141,19,Tran Thu Trang,05/05/2006,3,HK3 2024-2025,EN001,2,5.7
24520141,19,Tran Thu Trang,05/05/2006,3,HK3 2024-2025,MA005,3,5.7
24520141,19,Tran Thu Trang,05/05/2006,3,HK3 2024-2025,SS001,2,6.3
24520141,19,Tran Thu Trang,05/05/2006,3,HK3 2024-2025,CE118,3,6.7
24520141,19,Tran Thu Trang,05/05/2006,3,HK3 2024-2025,MA004,3,9.7
24520142,19,Vo Xuan An,25/10/2006,1,HK1 2024-2025,IT003,4,6.4
24520142,19,Vo Xuan An,25/10/2006,1,HK1 2024-2025,MA005,3,6.5
24520142,19,Vo Xuan An,25/10/2006,1,HK1 2024-2025,SE104,3,8.4
24520142,19,Vo Xuan An,25/10/2006,1,HK1 2024-2025,CS106,4,8.8
24520142,19,Vo Xuan An,25/10/2006,1,HK1 2024-2025,CE118,3,8.3
24520142,19,Vo Xuan An,25/10/2006,1,HK1 2024-2025,IT001,4,6.7
24520142,19,Vo Xuan An,25/10/2006,1,HK1 2024-2025,IT004,4,8.9
24520142,19,Vo Xuan An,25/10/2006,2,HK2 2024-2025,MA003,3,5.2
24520142,19,Vo Xuan An,25/10/2006,2,HK2 2024-2025,IT002,4,5.7
24520142,19,Vo Xuan An,25/10/2006,2,HK2 2024-2025,MA004,3,6.8
24520142,19,Vo Xuan An,25/10/2006,2,HK2 2024-2025,EN001,2,7.2
24520142,19,Vo Xuan An,25/10/2006,2,HK2 2024-2025,IT003,4,7.1
24520142,19,Vo Xuan An,25/10/2006,2,HK2 2024-2025,MA005,3,9.6
24520142,19,Vo Xuan An,25/10/2006,2,HK2 2024-2025,CS106,4,7.2
24520142,19,Vo Xuan An,25/10/2006,2,HK2 2024-2025,CE118,3,7.2
24520142,19,Vo Xuan An,25/10/2006,3,HK3 2024-2025,CE118,3,7.6
24520142,19,Vo Xuan An,25/10/2006,3,HK3 2024-2025,MA004,3,8.5
24520142,19,Vo Xuan An,25/10/2006,3,HK3 2024-2025,SE104,3,5.8
24520142,19,Vo Xuan An,25/10/2006,3,HK3 2024-2025,IT002,4,8.6
24520142,19,Vo Xuan An,25/10/2006,3,HK3 2024-2025,IS201,3,5.6
24520142,19,Vo Xuan An,25/10/2006,3,HK3 2024-2025,IT004,4,9.6
24520142,19,Vo Xuan An,25/10/2006,3,HK3 2024-2025,SS001,2,8.7
24520143,19,Phan Van Mai,24/06/2006,1,HK1 2024-2025,SS002,2,9.9
24520143,19,Phan Van Mai,24/06/2006,1,HK1 2024-2025,IT002,4,8.8
24520143,19,Phan Van Mai,24/06/2006,1,HK1 2024-2025,SE104,3,9.1
24520143,19,Phan Van Mai,24/06/2006,1,HK1 2024-2025,EN001,2,6.4
24520143,19,Phan Van Mai,24/06/2006,1,HK1 2024-2025,IS201,3,9.7
24520143,19,Phan Van Mai,24/06/2006,1,HK1 2024-2025,MA003,3,7.1
24520143,19,Phan Van Mai,24/06/2006,1,HK1 2024-2025,MA005,3,8.9
24520143,19,Phan Van Mai,24/06/2006,2,HK2 2024-2025,SS001,2,6.3
24520143,19,Phan Van Mai,24/06/2006,2,HK2 2024-2025,MA003,3,6.1
24520143,19,Phan Van Mai,24/06/2006,2,HK2 2024-2025,MA005,3,9.3
24520143,19,Phan Van Mai,24/06/2006,2,HK2 2024-2025,IS201,3,9.7
24520143,19,Phan Van Mai,24/06/2006,2,HK2 2024-2025,EN001,2,5.1
24520143,19,Phan Van Mai,24/06/2006,2,HK2 2024-2025,PE001,1,6.9
24520143,19,Phan Van Mai,24/06/2006,3,HK3 2024-2025,MA005,3,8.7
24520143,19,Phan Van Mai,24/06/2006,3,HK3 2024-2025,CE118,3,5.1
24520143,19,Phan Van Mai,24/06/2006,3,HK3 2024-2025,SS002,2,8.3
24520143,19,Phan Van Mai,24/06/2006,3,HK3 2024-2025,SS001,2,8.0
24520143,19,Phan Van Mai,24/06/2006,3,HK3 2024-2025,CS106,4,9.0
24520143,19,Phan Van Mai,24/06/2006,3,HK3 2024-2025,IT004,4,8.9
24520143,19,Phan Van Mai,24/06/2006,3,HK3 2024-2025,MA003,3,9.8
24520144,19,Tran Quang Hieu,20/01/2006,1,HK1 2024-2025,CE118,3,9.2
24520144,19,Tran Quang Hieu,20/01/2006,1,HK1 2024-2025,IT001,4,6.4
24520144,19,Tran Quang Hieu,20/01/2006,1,HK1 2024-2025,IS201,3,6.4
24520144,19,Tran Quang Hieu,20/01/2006,1,HK1 2024-2025,IT004,4,9.2
24520144,19,Tran Quang Hieu,20/01/2006,1,HK1 2024-2025,MA003,3,7.0
24520144,19,Tran Quang Hieu,20/01/2006,1,HK1 2024-2025,SS002,2,8.9
24520144,19,Tran Quang Hieu,20/01/2006,1,HK1 2024-2025,MA005,3,7.4
24520144,19,Tran Quang Hieu,20/01/2006,1,HK1 2024-2025,SS001,2,8.8
24520144,19,Tran Quang Hieu,20/01/2006,2,HK2 2024-2025,MA005,3,5.7
24520144,19,Tran Quang Hieu,20/01/2006,2,HK2 2024-2025,IT002,4,5.0
24520144,19,Tran Quang Hieu,20/01/2006,2,HK2 2024-2025,PE001,1,6.2
24520144,19,Tran Quang Hieu,20/01/2006,2,HK2 2024-2025,MA004,3,5.7
24520144,19,Tran Quang Hieu,20/01/2006,2,HK2 2024-2025,SS002,2,7.4
24520144,19,Tran Quang Hieu,20/01/2006,2,HK2 2024-2025,IT004,4,8.5
24520144,19,Tran Quang Hieu,20/01/2006,3,HK3 2024-2025,MA003,3,9.0
24520144,19,Tran Quang Hieu,20/01/2006,3,HK3 2024-2025,CE118,3,6.0
24520144,19,Tran Quang Hieu,20/01/2006,3,HK3 2024-2025,IT004,4,5.7
24520144,19,Tran Quang Hieu,20/01/2006,3,HK3 2024-2025,MA005,3,8.3
24520144,19,Tran Quang Hieu,20/01/2006,3,HK3 2024-2025,CS106,4,5.4
24520144,19,Tran Quang Hieu,20/01/2006,3,HK3 2024-2025,IT003,4,9.6
24520144,19,Tran Quang Hieu,20/01/2006,3,HK3 2024-2025,IT001,4,9.4
24520144,19,Tran Quang Hieu,20/01/2006,3,HK3 2024-2025,SS001,2,5.4
24520145,19,Dang Thi Khoa,02/01/2006,1,HK1 2024-2025,SS002,2,7.8
24520145,19,Dang Thi Khoa,02/01/2006,1,HK1 2024-2025,CE118,3,9.1
24520145,19,Dang Thi Khoa,02/01/2006,1,HK1 2024-2025,MA005,3,7.2
24520145,19,Dang Thi Khoa,02/01/2006,1,HK1 2024-2025,IT003,4,5.6
24520145,19,Dang Thi Khoa,02/01/2006,1,HK1 2024-2025,IT001,4,5.3
24520145,19,Dang Thi Khoa,02/01/2006,1,HK1 2024-2025,SS001,2,7.1
24520145,19,Dang Thi Khoa,02/01/2006,1,HK1 2024-2025,MA004,3,8.0
24520145,19,Dang Thi Khoa,02/01/2006,1,HK1 2024-2025,SE104,3,6.2
24520145,19,Dang Thi Khoa,02/01/2006,2,HK2 2024-2025,IT004,4,5.2
24520145,19,Dang Thi Khoa,02/01/2006,2,HK2 2024-2025,SS001,2,7.9
24520145,19,Dang Thi Khoa,02/01/2006,2,HK2 2024-2025,MA003,3,7.0
24520145,19,Dang Thi Khoa,02/01/2006,2,HK2 2024-2025,CS106,4,8.6
24520145,19,Dang Thi Khoa,02/01/2006,2,HK2 2024-2025,CE118,3,5.3
24520145,19,Dang Thi Khoa,02/01/2006,2,HK2 2024-2025,IT001,4,5.9
24520145,19,Dang Thi Khoa,02/01/2006,3,HK3 2024-2025,PE001,1,10.0
24520145,19,Dang Thi Khoa,02/01/2006,3,HK3 2024-2025,SS001,2,7.9
24520145,19,Dang Thi Khoa,02/01/2006,3,HK3 2024-2025,SS002,2,5.8
24520145,19,Dang Thi Khoa,02/01/2006,3,HK3 2024-2025,IT004,4,5.2
24520145,19,Dang Thi Khoa,02/01/2006,3,HK3 2024-2025,IS201,3,6.0
24520145,19,Dang Thi Khoa,02/01/2006,3,HK3 2024-2025,MA003,3,6.1
24520145,19,Dang Thi Khoa,02/01/2006,3,HK3 2024-2025,MA004,3,6.4
24520146,19,Vu Thi Yen,10/02/2006,1,HK1 2024-2025,IT004,4,7.6
24520146,19,Vu Thi Yen,10/02/2006,1,HK1 2024-2025,PE001,1,5.5
24520146,19,Vu Thi Yen,10/02/2006,1,HK1 2024-2025,CS106,4,8.0
24520146,19,Vu Thi Yen,10/02/2006,1,HK1 2024-2025,MA005,3,7.2
24520146,19,Vu Thi Yen,10/02/2006,1,HK1 2024-2025,IS201,3,6.0
24520146,19,Vu Thi Yen,10/02/2006,1,HK1 2024-2025,IT002,4,6.8
24520146,19,Vu Thi Yen,10/02/2006,1,HK1 2024-2025,CE118,3,9.9
24520146,19,Vu Thi Yen,10/02/2006,2,HK2 2024-2025,EN001,2,8.7
24520146,19,Vu Thi Yen,10/02/2006,2,HK2 2024-2025,IT002,4,5.2
24520146,19,Vu Thi Yen,10/02/2006,2,HK2 2024-2025,CE118,3,6.7
24520146,19,Vu Thi Yen,10/02/2006,2,HK2 2024-2025,PE001,1,8.4
24520146,19,Vu Thi Yen,10/02/2006,2,HK2 2024-2025,SS002,2,7.4
24520146,19,Vu Thi Yen,10/02/2006,2,HK2 2024-2025,SE104,3,6.1
24520146,19,Vu Thi Yen,10/02/2006,3,HK3 2024-2025,CS106,4,6.8
24520146,19,Vu Thi Yen,10/02/2006,3,HK3 2024-2025,SS001,2,8.5
24520146,19,Vu Thi Yen,10/02/2006,3,HK3 2024-2025,MA005,3,9.1
24520146,19,Vu Thi Yen,10/02/2006,3,HK3 2024-2025,MA004,3,5.6
24520146,19,Vu Thi Yen,10/02/2006,3,HK3 2024-2025,IT001,4,7.3
24520146,19,Vu Thi Yen,10/02/2006,3,HK3 2024-2025,SS002,2,9.7
24520147,19,Hoang Van Vy,14/01/2006,1,HK1 2024-2025,EN001,2,5.0
24520147,19,Hoang Van Vy,14/01/2006,1,HK1 2024-2025,MA005,3,8.7
24520147,19,Hoang Van Vy,14/01/2006,1,HK1 2024-2025,IT002,4,7.7
24520147,19,Hoang Van Vy,14/01/2006,1,HK1 2024-2025,IS201,3,5.3
24520147,19,Hoang Van Vy,14/01/2006,1,HK1 2024-2025,SS002,2,6.0
24520147,19,Hoang Van Vy,14/01/2006,1,HK1 2024-2025,IT001,4,8.1
24520147,19,Hoang Van Vy,14/01/2006,1,HK1 2024-2025,SS001,2,7.9
24520147,19,Hoang Van Vy,14/01/2006,1,HK1 2024-2025,PE001,1,9.1
24520147,19,Hoang Van Vy,14/01/2006,2,HK2 2024-2025,IT002,4,8.1
24520147,19,Hoang Van Vy,14/01/2006,2,HK2 2024-2025,MA004,3,5.7
24520147,19,Hoang Van Vy,14/01/2006,2,HK2 2024-2025,MA005,3,7.0
24520147,19,Hoang Van Vy,14/01/2006,2,HK2 2024-2025,IT001,4,7.1
24520147,19,Hoang Van Vy,14/01/2006,2,HK2 2024-2025,SE104,3,7.9
24520147,19,Hoang Van Vy,14/01/2006,2,HK2 2024-2025,CS106,4,8.8
24520147,19,Hoang Van Vy,14/01/2006,2,HK2 2024-2025,PE001,1,7.0
24520147,19,Hoang Van Vy,14/01/2006,2,HK2 2024-2025,MA003,3,8.1
24520147,19,Hoang Van Vy,14/01/2006,3,HK3 2024-2025,IT001,4,8.1
24520147,19,Hoang Van Vy,14/01/2006,3,HK3 2024-2025,IS201,3,7.9
24520147,19,Hoang Van Vy,14/01/2006,3,HK3 2024-2025,CS106,4,8.4
24520147,19,Hoang Van Vy,14/01/2006,3,HK3 2024-2025,CE118,3,7.0
24520147,19,Hoang Van Vy,14/01/2006,3,HK3 2024-2025,MA003,3,7.8
24520147,19,Hoang Van Vy,14/01/2006,3,HK3 2024-2025,IT002,4,6.0
24520147,19,Hoang Van Vy,14/01/2006,3,HK3 2024-2025,SS001,2,5.2
24520148,19,Dang Hoai Trang,24/01/2006,1,HK1 2024-2025,SS001,2,5.7
24520148,19,Dang Hoai Trang,24/01/2006,1,HK1 2024-2025,IT004,4,9.6
24520148,19,Dang Hoai Trang,24/01/2006,1,HK1 2024-2025,EN001,2,5.8
24520148,19,Dang Hoai Trang,24/01/2006,1,HK1 2024-2025,IS201,3,7.8
24520148,19,Dang Hoai Trang,24/01/2006,1,HK1 2024-2025,PE001,1,8.1
24520148,19,Dang Hoai Trang,24/01/2006,1,HK1 2024-2025,SS002,2,6.3
24520148,19,Dang Hoai Trang,24/01/2006,1,HK1 2024-2025,IT002,4,9.8
24520148,19,Dang Hoai Trang,24/01/2006,1,HK1 2024-2025,MA004,3,5.8
24520148,19,Dang Hoai Trang,24/01/2006,2,HK2 2024-2025,IT003,4,6.1
24520148,19,Dang Hoai Trang,24/01/2006,2,HK2 2024-2025,CS106,4,5.3
24520148,19,Dang Hoai Trang,24/01/2006,2,HK2 2024-2025,MA004,3,8.6
24520148,19,Dang Hoai Trang,24/01/2006,2,HK2 2024-2025,MA005,3,9.7
24520148,19,Dang Hoai Trang,24/01/2006,2,HK2 2024-2025,IT004,4,9.6
24520148,19,Dang Hoai Trang,24/01/2006,2,HK2 2024-2025,EN001,2,5.7
24520148,19,Dang Hoai Trang,24/01/2006,2,HK2 2024-2025,SS001,2,5.8
24520148,19,Dang Hoai Trang,24/01/2006,2,HK2 2024-2025,MA003,3,7.8
24520148,19,Dang Hoai Trang,24/01/2006,3,HK3 2024-2025,IS201,3,7.6
24520148,19,Dang Hoai Trang,24/01/2006,3,HK3 2024-2025,IT002,4,8.4
24520148,19,Dang Hoai Trang,24/01/2006,3,HK3 2024-2025,SS001,2,5.3
24520148,19,Dang Hoai Trang,24/01/2006,3,HK3 2024-2025,MA005,3,5.9
24520148,19,Dang Hoai Trang,24/01/2006,3,HK3 2024-2025,CE118,3,8.0
24520148,19,Dang Hoai Trang,24/01/2006,3,HK3 2024-2025,SE104,3,9.3
24520148,19,Dang Hoai Trang,24/01/2006,3,HK3 2024-2025,IT001,4,7.0
24520149,19,Nguyen Van Chau,26/06/2006,1,HK1 2024-2025,SE104,3,6.0
24520149,19,Nguyen Van Chau,26/06/2006,1,HK1 2024-2025,MA005,3,7.1
24520149,19,Nguyen Van Chau,26/06/2006,1,HK1 2024-2025,CE118,3,5.6
24520149,19,Nguyen Van Chau,26/06/2006,1,HK1 2024-2025,IT002,4,9.5
24520149,19,Nguyen Van Chau,26/06/2006,1,HK1 2024-2025,MA003,3,9.1
24520149,19,Nguyen Van Chau,26/06/2006,1,HK1 2024-2025,CS106,4,8.0
24520149,19,Nguyen Van Chau,26/06/2006,2,HK2 2024-2025,SS001,2,8.1
24520149,19,Nguyen Van Chau,26/06/2006,2,HK2 2024-2025,IS201,3,8.8
24520149,19,Nguyen Van Chau,26/06/2006,2,HK2 2024-2025,CE118,3,5.3
24520149,19,Nguyen Van Chau,26/06/2006,2,HK2 2024-2025,SS002,2,9.9
24520149,19,Nguyen Van Chau,26/06/2006,2,HK2 2024-2025,MA005,3,9.0
24520149,19,Nguyen Van Chau,26/06/2006,2,HK2 2024-2025,MA003,3,5.8
24520149,19,Nguyen Van Chau,26/06/2006,2,HK2 2024-2025,IT004,4,10.0
24520149,19,Nguyen Van Chau,26/06/2006,3,HK3 2024-2025,PE001,1,5.8
24520149,19,Nguyen Van Chau,26/06/2006,3,HK3 2024-2025,EN001,2,8.0
24520149,19,Nguyen Van Chau,26/06/2006,3,HK3 2024-2025,IT001,4,9.1
24520149,19,Nguyen Van Chau,26/06/2006,3,HK3 2024-2025,MA003,3,7.5
24520149,19,Nguyen Van Chau,26/06/2006,3,HK3 2024-2025,CE118,3,7.4
24520149,19,Nguyen Van Chau,26/06/2006,3,HK3 2024-2025,SS002,2,5.3
24520149,19,Nguyen Van Chau,26/06/2006,3,HK3 2024-2025,IT004,4,6.9
24520150,19,Dang Hoai Nam,24/04/2006,1,HK1 2024-2025,IT001,4,8.5
24520150,19,Dang Hoai Nam,24/04/2006,1,HK1 2024-2025,IT004,4,7.4
24520150,19,Dang Hoai Nam,24/04/2006,1,HK1 2024-2025,SS001,2,7.5
24520150,19,Dang Hoai Nam,24/04/2006,1,HK1 2024-2025,IT003,4,6.9
24520150,19,Dang Hoai Nam,24/04/2006,1,HK1 2024-2025,PE001,1,7.4
24520150,19,Dang Hoai Nam,24/04/2006,1,HK1 2024-2025,SE104,3,5.5
24520150,19,Dang Hoai Nam,24/04/2006,1,HK1 2024-2025,EN001,2,8.6
24520150,19,Dang Hoai Nam,24/04/2006,2,HK2 2024-2025,SS002,2,7.7
24520150,19,Dang Hoai Nam,24/04/2006,2,HK2 2024-2025,IS201,3,8.8
24520150,19,Dang Hoai Nam,24/04/2006,2,HK2 2024-2025,PE001,1,8.7
24520150,19,Dang Hoai Nam,24/04/2006,2,HK2 2024-2025,IT001,4,6.7
24520150,19,Dang Hoai Nam,24/04/2006,2,HK2 2024-2025,CE118,3,6.5
24520150,19,Dang Hoai Nam,24/04/2006,2,HK2 2024-2025,MA003,3,5.5
24520150,19,Dang Hoai Nam,24/04/2006,2,HK2 2024-2025,CS106,4,7.7
24520150,19,Dang Hoai Nam,24/04/2006,2,HK2 2024-2025,MA004,3,7.5
24520150,19,Dang Hoai Nam,24/04/2006,3,HK3 2024-2025,SE104,3,9.7
24520150,19,Dang Hoai Nam,24/04/2006,3,HK3 2024-2025,SS001,2,6.8
24520150,19,Dang Hoai Nam,24/04/2006,3,HK3 2024-2025,IS201,3,7.1
24520150,19,Dang Hoai Nam,24/04/2006,3,HK3 2024-2025,IT004,4,8.9
24520150,19,Dang Hoai Nam,24/04/2006,3,HK3 2024-2025,PE001,1,6.0
24520150,19,Dang Hoai Nam,24/04/2006,3,HK3 2024-2025,IT003,4,7.6
24520150,19,Dang Hoai Nam,24/04/2006,3,HK3 2024-2025,CS106,4,7.8
24520150,19,Dang Hoai Nam,24/04/2006,3,HK3 2024-2025,MA003,3,6.3
24520151,19,Hoang Huu Chau,15/03/2006,1,HK1 2024-2025,MA004,3,6.9
24520151,19,Hoang Huu Chau,15/03/2006,1,HK1 2024-2025,PE001,1,5.0
24520151,19,Hoang Huu Chau,15/03/2006,1,HK1 2024-2025,SS001,2,7.7
24520151,19,Hoang Huu Chau,15/03/2006,1,HK1 2024-2025,CS106,4,9.6
24520151,19,Hoang Huu Chau,15/03/2006,1,HK1 2024-2025,IT001,4,5.1
24520151,19,Hoang Huu Chau,15/03/2006,1,HK1 2024-2025,CE118,3,5.8
24520151,19,Hoang Huu Chau,15/03/2006,1,HK1 2024-2025,IS201,3,8.7
24520151,19,Hoang Huu Chau,15/03/2006,2,HK2 2024-2025,IT002,4,9.0
24520151,19,Hoang Huu Chau,15/03/2006,2,HK2 2024-2025,IT004,4,9.7
24520151,19,Hoang Huu Chau,15/03/2006,2,HK2 2024-2025,SS002,2,7.4
24520151,19,Hoang Huu Chau,15/03/2006,2,HK2 2024-2025,CS106,4,6.9
24520151,19,Hoang Huu Chau,15/03/2006,2,HK2 2024-2025,CE118,3,5.8
24520151,19,Hoang Huu Chau,15/03/2006,2,HK2 2024-2025,EN001,2,5.2
24520151,19,Hoang Huu Chau,15/03/2006,2,HK2 2024-2025,MA003,3,9.5
24520151,19,Hoang Huu Chau,15/03/2006,3,HK3 2024-2025,MA003,3,7.6
24520151,19,Hoang Huu Chau,15/03/2006,3,HK3 2024-2025,SS001,2,8.8
24520151,19,Hoang Huu Chau,15/03/2006,3,HK3 2024-2025,IT001,4,7.0
24520151,19,Hoang Huu Chau,15/03/2006,3,HK3 2024-2025,IT002,4,8.2
24520151,19,Hoang Huu Chau,15/03/2006,3,HK3 2024-2025,PE001,1,5.6
24520151,19,Hoang Huu Chau,15/03/2006,3,HK3 2024-2025,SE104,3,8.1
24520151,19,Hoang Huu Chau,15/03/2006,3,HK3 2024-2025,IT004,4,5.9
24520152,19,Le Van Nam,21/03/2006,1,HK1 2024-2025,SS002,2,9.8
24520152,19,Le Van Nam,21/03/2006,1,HK1 2024-2025,CE118,3,8.7
24520152,19,Le Van Nam,21/03/2006,1,HK1 2024-2025,IT003,4,6.4
24520152,19,Le Van Nam,21/03/2006,1,HK1 2024-2025,CS106,4,9.7
24520152,19,Le Van Nam,21/03/2006,1,HK1 2024-2025,IT001,4,7.4
24520152,19,Le Van Nam,21/03/2006,1,HK1 2024-2025,SE104,3,5.8
24520152,19,Le Van Nam,21/03/2006,1,HK1 2024-2025,IS201,3,8.3
24520152,19,Le Van Nam,21/03/2006,2,HK2 2024-2025,MA004,3,9.2
24520152,19,Le Van Nam,21/03/2006,2,HK2 2024-2025,IT003,4,8.1
24520152,19,Le Van Nam,21/03/2006,2,HK2 2024-2025,EN001,2,8.9
24520152,19,Le Van Nam,21/03/2006,2,HK2 2024-2025,IT004,4,6.1
24520152,19,Le Van Nam,21/03/2006,2,HK2 2024-2025,CE118,3,5.4
24520152,19,Le Van Nam,21/03/2006,2,HK2 2024-2025,MA003,3,6.9
24520152,19,Le Van Nam,21/03/2006,3,HK3 2024-2025,CE118,3,6.1
24520152,19,Le Van Nam,21/03/2006,3,HK3 2024-2025,SE104,3,5.6
24520152,19,Le Van Nam,21/03/2006,3,HK3 2024-2025,IT004,4,5.9
24520152,19,Le Van Nam,21/03/2006,3,HK3 2024-2025,MA004,3,10.0
24520152,19,Le Van Nam,21/03/2006,3,HK3 2024-2025,IT003,4,8.6
24520152,19,Le Van Nam,21/03/2006,3,HK3 2024-2025,SS002,2,5.5
24520152,19,Le Van Nam,21/03/2006,3,HK3 2024-2025,EN001,2,9.1
24520152,19,Le Van Nam,21/03/2006,3,HK3 2024-2025,CS106,4,9.1
24520153,19,Huynh Ngoc Khoa,13/09/2006,1,HK1 2024-2025,MA005,3,6.3
24520153,19,Huynh Ngoc Khoa,13/09/2006,1,HK1 2024-2025,CS106,4,9.5
24520153,19,Huynh Ngoc Khoa,13/09/2006,1,HK1 2024-2025,PE001,1,5.3
24520153,19,Huynh Ngoc Khoa,13/09/2006,1,HK1 2024-2025,MA003,3,9.5
24520153,19,Huynh Ngoc Khoa,13/09/2006,1,HK1 2024-2025,MA004,3,6.1
24520153,19,Huynh Ngoc Khoa,13/09/2006,1,HK1 2024-2025,EN001,2,7.8
24520153,19,Huynh Ngoc Khoa,13/09/2006,2,HK2 2024-2025,MA004,3,9.6
24520153,19,Huynh Ngoc Khoa,13/09/2006,2,HK2 2024-2025,SE104,3,9.7
24520153,19,Huynh Ngoc Khoa,13/09/2006,2,HK2 2024-2025,SS001,2,8.3
24520153,19,Huynh Ngoc Khoa,13/09/2006,2,HK2 2024-2025,IT001,4,5.8
24520153,19,Huynh Ngoc Khoa,13/09/2006,2,HK2 2024-2025,IT003,4,6.8
24520153,19,Huynh Ngoc Khoa,13/09/2006,2,HK2 2024-2025,MA005,3,9.7
24520153,19,Huynh Ngoc Khoa,13/09/2006,2,HK2 2024-2025,IT004,4,8.7
24520153,19,Huynh Ngoc Khoa,13/09/2006,3,HK3 2024-2025,IS201,3,8.5
24520153,19,Huynh Ngoc Khoa,13/09/2006,3,HK3 2024-2025,MA004,3,7.1
24520153,19,Huynh Ngoc Khoa,13/09/2006,3,HK3 2024-2025,IT001,4,8.1
24520153,19,Huynh Ngoc Khoa,13/09/2006,3,HK3 2024-2025,PE001,1,5.2
24520153,19,Huynh Ngoc Khoa,13/09/2006,3,HK3 2024-2025,EN001,2,7.6
24520153,19,Huynh Ngoc Khoa,13/09/2006,3,HK3 2024-2025,IT003,4,8.7
24520154,19,Huynh Hoai Quan,19/07/2006,1,HK1 2024-2025,IT001,4,6.4
24520154,19,Huynh Hoai Quan,19/07/2006,1,HK1 2024-2025,MA003,3,8.3
24520154,19,Huynh Hoai Quan,19/07/2006,1,HK1 2024-2025,SE104,3,6.6
24520154,19,Huynh Hoai Quan,19/07/2006,1,HK1 2024-2025,IS201,3,5.0
24520154,19,Huynh Hoai Quan,19/07/2006,1,HK1 2024-2025,CS106,4,6.6
24520154,19,Huynh Hoai Quan,19/07/2006,1,HK1 2024-2025,MA005,3,8.1
24520154,19,Huynh Hoai Quan,19/07/2006,1,HK1 2024-2025,IT002,4,9.6
24520154,19,Huynh Hoai Quan,19/07/2006,1,HK1 2024-2025,IT004,4,7.3
24520154,19,Huynh Hoai Quan,19/07/2006,2,HK2 2024-2025,CE118,3,10.0
24520154,19,Huynh Hoai Quan,19/07/2006,2,HK2 2024-2025,IT004,4,7.9
24520154,19,Huynh Hoai Quan,19/07/2006,2,HK2 2024-2025,IT001,4,8.0
24520154,19,Huynh Hoai Quan,19/07/2006,2,HK2 2024-2025,IT002,4,9.8
24520154,19,Huynh Hoai Quan,19/07/2006,2,HK2 2024-2025,IT003,4,6.6
24520154,19,Huynh Hoai Quan,19/07/2006,2,HK2 2024-2025,PE001,1,7.0
24520154,19,Huynh Hoai Quan,19/07/2006,3,HK3 2024-2025,IT002,4,5.6
24520154,19,Huynh Hoai Quan,19/07/2006,3,HK3 2024-2025,SE104,3,9.0
24520154,19,Huynh Hoai Quan,19/07/2006,3,HK3 2024-2025,CE118,3,5.8
24520154,19,Huynh Hoai Quan,19/07/2006,3,HK3 2024-2025,EN001,2,5.8
24520154,19,Huynh Hoai Quan,19/07/2006,3,HK3 2024-2025,SS001,2,6.8
24520154,19,Huynh Hoai Quan,19/07/2006,3,HK3 2024-2025,MA003,3,5.1
24520154,19,Huynh Hoai Quan,19/07/2006,3,HK3 2024-2025,SS002,2,7.9
24520155,19,Tran Thu Binh,20/11/2006,1,HK1 2024-2025,MA004,3,5.3
24520155,19,Tran Thu Binh,20/11/2006,1,HK1 2024-2025,EN001,2,7.4
24520155,19,Tran Thu Binh,20/11/2006,1,HK1 2024-2025,MA003,3,8.0
24520155,19,Tran Thu Binh,20/11/2006,1,HK1 2024-2025,IT002,4,5.2
24520155,19,Tran Thu Binh,20/11/2006,1,HK1 2024-2025,CS106,4,8.1
24520155,19,Tran Thu Binh,20/11/2006,1,HK1 2024-2025,CE118,3,8.9
24520155,19,Tran Thu Binh,20/11/2006,1,HK1 2024-2025,IT003,4,7.8
24520155,19,Tran Thu Binh,20/11/2006,2,HK2 2024-2025,MA003,3,8.8
24520155,19,Tran Thu Binh,20/11/2006,2,HK2 2024-2025,CE118,3,9.7
24520155,19,Tran Thu Binh,20/11/2006,2,HK2 2024-2025,IT003,4,7.1
24520155,19,Tran Thu Binh,20/11/2006,2,HK2 2024-2025,MA004,3,9.6
24520155,19,Tran Thu Binh,20/11/2006,2,HK2 2024-2025,IS201,3,5.2
24520155,19,Tran Thu Binh,20/11/2006,2,HK2 2024-2025,PE001,1,6.9
24520155,19,Tran Thu Binh,20/11/2006,3,HK3 2024-2025,MA005,3,8.0
24520155,19,Tran Thu Binh,20/11/2006,3,HK3 2024-2025,SS002,2,6.5
24520155,19,Tran Thu Binh,20/11/2006,3,HK3 2024-2025,MA004,3,5.2
24520155,19,Tran Thu Binh,20/11/2006,3,HK3 2024-2025,PE001,1,6.2
24520155,19,Tran Thu Binh,20/11/2006,3,HK3 2024-2025,IT004,4,10.0
24520155,19,Tran Thu Binh,20/11/2006,3,HK3 2024-2025,IT003,4,8.1
24520155,19,Tran Thu Binh,20/11/2006,3,HK3 2024-2025,IS201,3,5.0
24520155,19,Tran Thu Binh,20/11/2006,3,HK3 2024-2025,EN001,2,7.0
24520156,19,Pham Quang Yen,15/02/2006,1,HK1 2024-2025,MA004,3,6.2
24520156,19,Pham Quang Yen,15/02/2006,1,HK1 2024-2025,IT003,4,6.6
24520156,19,Pham Quang Yen,15/02/2006,1,HK1 2024-2025,IS201,3,5.6
24520156,19,Pham Quang Yen,15/02/2006,1,HK1 2024-2025,MA003,3,7.1
24520156,19,Pham Quang Yen,15/02/2006,1,HK1 2024-2025,SS002,2,6.0
24520156,19,Pham Quang Yen,15/02/2006,1,HK1 2024-2025,CS106,4,9.3
24520156,19,Pham Quang Yen,15/02/2006,1,HK1 2024-2025,IT001,4,5.6
24520156,19,Pham Quang Yen,15/02/2006,1,HK1 2024-2025,IT002,4,8.0
24520156,19,Pham Quang Yen,15/02/2006,2,HK2 2024-2025,IT002,4,5.9
24520156,19,Pham Quang Yen,15/02/2006,2,HK2 2024-2025,SE104,3,6.0
24520156,19,Pham Quang Yen,15/02/2006,2,HK2 2024-2025,CS106,4,8.4
24520156,19,Pham Quang Yen,15/02/2006,2,HK2 2024-2025,SS002,2,6.1
24520156,19,Pham Quang Yen,15/02/2006,2,HK2 2024-2025,IS201,3,9.3
24520156,19,Pham Quang Yen,15/02/2006,2,HK2 2024-2025,IT001,4,8.8
24520156,19,Pham Quang Yen,15/02/2006,2,HK2 2024-2025,EN001,2,5.1
24520156,19,Pham Quang Yen,15/02/2006,2,HK2 2024-2025,MA004,3,7.7
24520156,19,Pham Quang Yen,15/02/2006,3,HK3 2024-2025,SE104,3,7.1
24520156,19,Pham Quang Yen,15/02/2006,3,HK3 2024-2025,MA005,3,6.2
24520156,19,Pham Quang Yen,15/02/2006,3,HK3 2024-2025,CE118,3,9.5
24520156,19,Pham Quang Yen,15/02/2006,3,HK3 2024-2025,IT001,4,6.3
24520156,19,Pham Quang Yen,15/02/2006,3,HK3 2024-2025,MA004,3,6.4
24520156,19,Pham Quang Yen,15/02/2006,3,HK3 2024-2025,IT002,4,8.6
24520157,19,Le Minh Binh,04/07/2006,1,HK1 2024-2025,CS106,4,9.6
24520157,19,Le Minh Binh,04/07/2006,1,HK1 2024-2025,IT003,4,7.0
24520157,19,Le Minh Binh,04/07/2006,1,HK1 2024-2025,MA003,3,7.4
24520157,19,Le Minh Binh,04/07/2006,1,HK1 2024-2025,MA005,3,5.2
24520157,19,Le Minh Binh,04/07/2006,1,HK1 2024-2025,SE104,3,7.5
24520157,19,Le Minh Binh,04/07/2006,1,HK1 2024-2025,SS001,2,8.2
24520157,19,Le Minh Binh,04/07/2006,1,HK1 2024-2025,IT001,4,9.9
24520157,19,Le Minh Binh,04/07/2006,1,HK1 2024-2025,IT004,4,8.6
24520157,19,Le Minh Binh,04/07/2006,2,HK2 2024-2025,MA003,3,7.1
24520157,19,Le Minh Binh,04/07/2006,2,HK2 2024-2025,PE001,1,8.8
24520157,19,Le Minh Binh,04/07/2006,2,HK2 2024-2025,SS001,2,9.7
24520157,19,Le Minh Binh,04/07/2006,2,HK2 2024-2025,IS201,3,7.2
24520157,19,Le Minh Binh,04/07/2006,2,HK2 2024-2025,IT002,4,5.8
24520157,19,Le Minh Binh,04/07/2006,2,HK2 2024-2025,IT003,4,8.6
24520157,19,Le Minh Binh,04/07/2006,2,HK2 2024-2025,CE118,3,10.0
24520157,19,Le Minh Binh,04/07/2006,2,HK2 2024-2025,CS106,4,8.5
24520157,19,Le Minh Binh,04/07/2006,3,HK3 2024-2025,CE118,3,5.9
24520157,19,Le Minh Binh,04/07/2006,3,HK3 2024-2025,SS001,2,6.1
24520157,19,Le Minh Binh,04/07/2006,3,HK3 2024-2025,IS201,3,6.3
24520157,19,Le Minh Binh,04/07/2006,3,HK3 2024-2025,CS106,4,6.9
24520157,19,Le Minh Binh,04/07/2006,3,HK3 2024-2025,MA003,3,8.6
24520157,19,Le Minh Binh,04/07/2006,3,HK3 2024-2025,MA005,3,7.4
24520157,19,Le Minh Binh,04/07/2006,3,HK3 2024-2025,EN001,2,9.1
24520157,19,Le Minh Binh,04/07/2006,3,HK3 2024-2025,IT003,4,6.3
24520158,19,Tran Minh Nam,04/01/2006,1,HK1 2024-2025,SS002,2,5.9
24520158,19,Tran Minh Nam,04/01/2006,1,HK1 2024-2025,SE104,3,7.9
24520158,19,Tran Minh Nam,04/01/2006,1,HK1 2024-2025,PE001,1,9.9
24520158,19,Tran Minh Nam,04/01/2006,1,HK1 2024-2025,CE118,3,6.5
24520158,19,Tran Minh Nam,04/01/2006,1,HK1 2024-2025,IT003,4,8.9
24520158,19,Tran Minh Nam,04/01/2006,1,HK1 2024-2025,IT002,4,7.1
24520158,19,Tran Minh Nam,04/01/2006,1,HK1 2024-2025,IT001,4,8.4
24520158,19,Tran Minh Nam,04/01/2006,1,HK1 2024-2025,IS201,3,8.4
24520158,19,Tran Minh Nam,04/01/2006,2,HK2 2024-2025,MA005,3,6.7
24520158,19,Tran Minh Nam,04/01/2006,2,HK2 2024-2025,IT002,4,8.2
24520158,19,Tran Minh Nam,04/01/2006,2,HK2 2024-2025,MA004,3,7.6
24520158,19,Tran Minh Nam,04/01/2006,2,HK2 2024-2025,EN001,2,6.8
24520158,19,Tran Minh Nam,04/01/2006,2,HK2 2024-2025,IS201,3,9.6
24520158,19,Tran Minh Nam,04/01/2006,2,HK2 2024-2025,CS106,4,7.5
24520158,19,Tran Minh Nam,04/01/2006,2,HK2 2024-2025,IT003,4,9.0
24520158,19,Tran Minh Nam,04/01/2006,2,HK2 2024-2025,SS002,2,8.3
24520158,19,Tran Minh Nam,04/01/2006,3,HK3 2024-2025,MA004,3,6.9
24520158,19,Tran Minh Nam,04/01/2006,3,HK3 2024-2025,CS106,4,8.5
24520158,19,Tran Minh Nam,04/01/2006,3,HK3 2024-2025,MA005,3,9.5
24520158,19,Tran Minh Nam,04/01/2006,3,HK3 2024-2025,IT003,4,5.5
24520158,19,Tran Minh Nam,04/01/2006,3,HK3 2024-2025,SE104,3,6.9
24520158,19,Tran Minh Nam,04/01/2006,3,HK3 2024-2025,IT001,4,6.6
24520159,19,Nguyen Quang Yen,13/09/2006,1,HK1 2024-2025,IT001,4,7.2
24520159,19,Nguyen Quang Yen,13/09/2006,1,HK1 2024-2025,IT003,4,8.5
24520159,19,Nguyen Quang Yen,13/09/2006,1,HK1 2024-2025,PE001,1,7.4
24520159,19,Nguyen Quang Yen,13/09/2006,1,HK1 2024-2025,IT002,4,9.0
24520159,19,Nguyen Quang Yen,13/09/2006,1,HK1 2024-2025,IT004,4,7.6
24520159,19,Nguyen Quang Yen,13/09/2006,1,HK1 2024-2025,EN001,2,8.3
24520159,19,Nguyen Quang Yen,13/09/2006,1,HK1 2024-2025,MA003,3,8.2
24520159,19,Nguyen Quang Yen,13/09/2006,2,HK2 2024-2025,IS201,3,9.8
24520159,19,Nguyen Quang Yen,13/09/2006,2,HK2 2024-2025,CE118,3,5.1
24520159,19,Nguyen Quang Yen,13/09/2006,2,HK2 2024-2025,IT004,4,9.7
24520159,19,Nguyen Quang Yen,13/09/2006,2,HK2 2024-2025,SS001,2,7.1
24520159,19,Nguyen Quang Yen,13/09/2006,2,HK2 2024-2025,IT003,4,9.9
24520159,19,Nguyen Quang Yen,13/09/2006,2,HK2 2024-2025,EN001,2,8.8
24520159,19,Nguyen Quang Yen,13/09/2006,2,HK2 2024-2025,IT002,4,6.5
24520159,19,Nguyen Quang Yen,13/09/2006,3,HK3 2024-2025,SS001,2,8.6
24520159,19,Nguyen Quang Yen,13/09/2006,3,HK3 2024-2025,IT003,4,6.9
24520159,19,Nguyen Quang Yen,13/09/2006,3,HK3 2024-2025,IS201,3,9.7
24520159,19,Nguyen Quang Yen,13/09/2006,3,HK3 2024-2025,MA003,3,6.9
24520159,19,Nguyen Quang Yen,13/09/2006,3,HK3 2024-2025,SS002,2,5.1
24520159,19,Nguyen Quang Yen,13/09/2006,3,HK3 2024-2025,MA005,3,8.2
24520159,19,Nguyen Quang Yen,13/09/2006,3,HK3 2024-2025,SE104,3,6.0
24520159,19,Nguyen Quang Yen,13/09/2006,3,HK3 2024-2025,IT002,4,8.5
24520160,19,Dang Van Hieu,04/03/2006,1,HK1 2024-2025,IT002,4,6.5
24520160,19,Dang Van Hieu,04/03/2006,1,HK1 2024-2025,PE001,1,5.3
24520160,19,Dang Van Hieu,04/03/2006,1,HK1 2024-2025,MA003,3,7.6
24520160,19,Dang Van Hieu,04/03/2006,1,HK1 2024-2025,IT004,4,9.2
24520160,19,Dang Van Hieu,04/03/2006,1,HK1 2024-2025,SE104,3,9.9
24520160,19,Dang Van Hieu,04/03/2006,1,HK1 2024-2025,SS002,2,5.9
24520160,19,Dang Van Hieu,04/03/2006,1,HK1 2024-2025,MA004,3,6.6
24520160,19,Dang Van Hieu,04/03/2006,2,HK2 2024-2025,MA005,3,9.9
24520160,19,Dang Van Hieu,04/03/2006,2,HK2 2024-2025,SE104,3,7.3
24520160,19,Dang Van Hieu,04/03/2006,2,HK2 2024-2025,SS002,2,8.8
24520160,19,Dang Van Hieu,04/03/2006,2,HK2 2024-2025,CS106,4,7.5
24520160,19,Dang Van Hieu,04/03/2006,2,HK2 2024-2025,SS001,2,6.5
24520160,19,Dang Van Hieu,04/03/2006,2,HK2 2024-2025,IT003,4,7.6
24520160,19,Dang Van Hieu,04/03/2006,2,HK2 2024-2025,MA003,3,5.2
24520160,19,Dang Van Hieu,04/03/2006,3,HK3 2024-2025,IT001,4,8.3
24520160,19,Dang Van Hieu,04/03/2006,3,HK3 2024-2025,MA005,3,9.2
24520160,19,Dang Van Hieu,04/03/2006,3,HK3 2024-2025,CE118,3,8.8
24520160,19,Dang Van Hieu,04/03/2006,3,HK3 2024-2025,SS001,2,6.5
24520160,19,Dang Van Hieu,04/03/2006,3,HK3 2024-2025,MA003,3,5.6
24520160,19,Dang Van Hieu,04/03/2006,3,HK3 2024-2025,PE001,1,5.2
24520160,19,Dang Van Hieu,04/03/2006,3,HK3 2024-2025,IT003,4,6.0
24520161,19,Vu Minh Nam,12/03/2006,1,HK1 2024-2025,SS001,2,6.7
24520161,19,Vu Minh Nam,12/03/2006,1,HK1 2024-2025,CE118,3,6.6
24520161,19,Vu Minh Nam,12/03/2006,1,HK1 2024-2025,PE001,1,5.2
24520161,19,Vu Minh Nam,12/03/2006,1,HK1 2024-2025,MA004,3,6.3
24520161,19,Vu Minh Nam,12/03/2006,1,HK1 2024-2025,CS106,4,8.4
24520161,19,Vu Minh Nam,12/03/2006,1,HK1 2024-2025,MA005,3,6.0
24520161,19,Vu Minh Nam,12/03/2006,2,HK2 2024-2025,CE118,3,7.7
24520161,19,Vu Minh Nam,12/03/2006,2,HK2 2024-2025,IT002,4,9.1
24520161,19,Vu Minh Nam,12/03/2006,2,HK2 2024-2025,MA003,3,9.2
24520161,19,Vu Minh Nam,12/03/2006,2,HK2 2024-2025,MA004,3,9.2
24520161,19,Vu Minh Nam,12/03/2006,2,HK2 2024-2025,IS201,3,9.6
24520161,19,Vu Minh Nam,12/03/2006,2,HK2 2024-2025,SE104,3,5.7
24520161,19,Vu Minh Nam,12/03/2006,3,HK3 2024-2025,SS001,2,8.5
24520161,19,Vu Minh Nam,12/03/2006,3,HK3 2024-2025,CE118,3,8.5
24520161,19,Vu Minh Nam,12/03/2006,3,HK3 2024-2025,CS106,4,7.5
24520161,19,Vu Minh Nam,12/03/2006,3,HK3 2024-2025,MA004,3,5.9
24520161,19,Vu Minh Nam,12/03/2006,3,HK3 2024-2025,IT001,4,9.5
24520161,19,Vu Minh Nam,12/03/2006,3,HK3 2024-2025,MA005,3,8.8
24520161,19,Vu Minh Nam,12/03/2006,3,HK3 2024-2025,EN001,2,7.9
24520162,19,Hoang Thu Hieu,19/10/2006,1,HK1 2024-2025,EN001,2,8.2
24520162,19,Hoang Thu Hieu,19/10/2006,1,HK1 2024-2025,CS106,4,7.9
24520162,19,Hoang Thu Hieu,19/10/2006,1,HK1 2024-2025,MA004,3,5.7
24520162,19,Hoang Thu Hieu,19/10/2006,1,HK1 2024-2025,CE118,3,9.3
24520162,19,Hoang Thu Hieu,19/10/2006,1,HK1 2024-2025,SS002,2,6.1
24520162,19,Hoang Thu Hieu,19/10/2006,1,HK1 2024-2025,IS201,3,8.7
24520162,19,Hoang Thu Hieu,19/10/2006,2,HK2 2024-2025,CE118,3,9.7
24520162,19,Hoang Thu Hieu,19/10/2006,2,HK2 2024-2025,IT003,4,5.8
24520162,19,Hoang Thu Hieu,19/10/2006,2,HK2 2024-2025,CS106,4,6.7
24520162,19,Hoang Thu Hieu,19/10/2006,2,HK2 2024-2025,MA003,3,8.7
24520162,19,Hoang Thu Hieu,19/10/2006,2,HK2 2024-2025,IT002,4,6.2
24520162,19,Hoang Thu Hieu,19/10/2006,2,HK2 2024-2025,MA004,3,9.3
24520162,19,Hoang Thu Hieu,19/10/2006,2,HK2 2024-2025,IT004,4,8.1
24520162,19,Hoang Thu Hieu,19/10/2006,3,HK3 2024-2025,SS001,2,5.4
24520162,19,Hoang Thu Hieu,19/10/2006,3,HK3 2024-2025,EN001,2,9.8
24520162,19,Hoang Thu Hieu,19/10/2006,3,HK3 2024-2025,IS201,3,8.6
24520162,19,Hoang Thu Hieu,19/10/2006,3,HK3 2024-2025,CS106,4,9.7
24520162,19,Hoang Thu Hieu,19/10/2006,3,HK3 2024-2025,SS002,2,9.1
24520162,19,Hoang Thu Hieu,19/10/2006,3,HK3 2024-2025,MA004,3,5.9
24520162,19,Hoang Thu Hieu,19/10/2006,3,HK3 2024-2025,MA003,3,8.1
24520162,19,Hoang Thu Hieu,19/10/2006,3,HK3 2024-2025,MA005,3,7.8
24520163,19,Phan Gia Yen,19/09/2006,1,HK1 2024-2025,IT003,4,5.1
24520163,19,Phan Gia Yen,19/09/2006,1,HK1 2024-2025,IS201,3,9.5
24520163,19,Phan Gia Yen,19/09/2006,1,HK1 2024-2025,EN001,2,8.3
24520163,19,Phan Gia Yen,19/09/2006,1,HK1 2024-2025,CS106,4,7.2
24520163,19,Phan Gia Yen,19/09/2006,1,HK1 2024-2025,SS002,2,6.4
24520163,19,Phan Gia Yen,19/09/2006,1,HK1 2024-2025,CE118,3,9.1
24520163,19,Phan Gia Yen,19/09/2006,2,HK2 2024-2025,PE001,1,6.6
24520163,19,Phan Gia Yen,19/09/2006,2,HK2 2024-2025,CE118,3,9.4
24520163,19,Phan Gia Yen,19/09/2006,2,HK2 2024-2025,MA005,3,5.0
24520163,19,Phan Gia Yen,19/09/2006,2,HK2 2024-2025,IT003,4,6.2
24520163,19,Phan Gia Yen,19/09/2006,2,HK2 2024-2025,MA003,3,7.9
24520163,19,Phan Gia Yen,19/09/2006,2,HK2 2024-2025,IT001,4,9.2
24520163,19,Phan Gia Yen,19/09/2006,2,HK2 2024-2025,IT002,4,5.3
24520163,19,Phan Gia Yen,19/09/2006,3,HK3 2024-2025,EN001,2,7.5
24520163,19,Phan Gia Yen,19/09/2006,3,HK3 2024-2025,IT004,4,7.5
24520163,19,Phan Gia Yen,19/09/2006,3,HK3 2024-2025,MA003,3,6.3
24520163,19,Phan Gia Yen,19/09/2006,3,HK3 2024-2025,IT002,4,7.2
24520163,19,Phan Gia Yen,19/09/2006,3,HK3 2024-2025,SS002,2,5.9
24520163,19,Phan Gia Yen,19/09/2006,3,HK3 2024-2025,MA004,3,9.0
24520163,19,Phan Gia Yen,19/09/2006,3,HK3 2024-2025,MA005,3,7.9
24520163,19,Phan Gia Yen,19/09/2006,3,HK3 2024-2025,SE104,3,5.9
24520164,19,Dang Thu Yen,03/04/2006,1,HK1 2024-2025,IT001,4,9.9
24520164,19,Dang Thu Yen,03/04/2006,1,HK1 2024-2025,CE118,3,7.4
24520164,19,Dang Thu Yen,03/04/2006,1,HK1 2024-2025,SE104,3,9.7
24520164,19,Dang Thu Yen,03/04/2006,1,HK1 2024-2025,IT002,4,6.0
24520164,19,Dang Thu Yen,03/04/2006,1,HK1 2024-2025,IT004,4,7.2
24520164,19,Dang Thu Yen,03/04/2006,1,HK1 2024-2025,SS002,2,8.7
24520164,19,Dang Thu Yen,03/04/2006,1,HK1 2024-2025,SS001,2,8.3
24520164,19,Dang Thu Yen,03/04/2006,2,HK2 2024-2025,MA003,3,6.7
24520164,19,Dang Thu Yen,03/04/2006,2,HK2 2024-2025,IT003,4,8.7
24520164,19,Dang Thu Yen,03/04/2006,2,HK2 2024-2025,MA005,3,5.4
24520164,19,Dang Thu Yen,03/04/2006,2,HK2 2024-2025,IT004,4,6.2
24520164,19,Dang Thu Yen,03/04/2006,2,HK2 2024-2025,IT001,4,8.8
24520164,19,Dang Thu Yen,03/04/2006,2,HK2 2024-2025,SS002,2,9.3
24520164,19,Dang Thu Yen,03/04/2006,2,HK2 2024-2025,IT002,4,6.4
24520164,19,Dang Thu Yen,03/04/2006,2,HK2 2024-2025,CS106,4,6.3
24520164,19,Dang Thu Yen,03/04/2006,3,HK3 2024-2025,MA004,3,8.5
24520164,19,Dang Thu Yen,03/04/2006,3,HK3 2024-2025,PE001,1,7.3
24520164,19,Dang Thu Yen,03/04/2006,3,HK3 2024-2025,CE118,3,5.9
24520164,19,Dang Thu Yen,03/04/2006,3,HK3 2024-2025,EN001,2,5.3
24520164,19,Dang Thu Yen,03/04/2006,3,HK3 2024-2025,IS201,3,6.0
24520164,19,Dang Thu Yen,03/04/2006,3,HK3 2024-2025,SS002,2,9.5
24520164,19,Dang Thu Yen,03/04/2006,3,HK3 2024-2025,IT001,4,7.9
24520165,19,Tran Quang An,16/02/2006,1,HK1 2024-2025,MA005,3,7.7
24520165,19,Tran Quang An,16/02/2006,1,HK1 2024-2025,CS106,4,9.3
24520165,19,Tran Quang An,16/02/2006,1,HK1 2024-2025,IT004,4,9.0
24520165,19,Tran Quang An,16/02/2006,1,HK1 2024-2025,PE001,1,6.0
24520165,19,Tran Quang An,16/02/2006,1,HK1 2024-2025,IT003,4,5.7
24520165,19,Tran Quang An,16/02/2006,1,HK1 2024-2025,SE104,3,7.6
24520165,19,Tran Quang An,16/02/2006,1,HK1 2024-2025,SS002,2,5.1
24520165,19,Tran Quang An,16/02/2006,2,HK2 2024-2025,SS002,2,6.0
24520165,19,Tran Quang An,16/02/2006,2,HK2 2024-2025,CS106,4,7.5
24520165,19,Tran Quang An,16/02/2006,2,HK2 2024-2025,IT002,4,6.0
24520165,19,Tran Quang An,16/02/2006,2,HK2 2024-2025,IS201,3,5.2
24520165,19,Tran Quang An,16/02/2006,2,HK2 2024-2025,EN001,2,6.3
24520165,19,Tran Quang An,16/02/2006,2,HK2 2024-2025,IT003,4,9.1
24520165,19,Tran Quang An,16/02/2006,2,HK2 2024-2025,MA003,3,8.3
24520165,19,Tran Quang An,16/02/2006,2,HK2 2024-2025,CE118,3,7.7
24520165,19,Tran Quang An,16/02/2006,3,HK3 2024-2025,SS001,2,9.5
24520165,19,Tran Quang An,16/02/2006,3,HK3 2024-2025,SS002,2,8.2
24520165,19,Tran Quang An,16/02/2006,3,HK3 2024-2025,MA005,3,8.5
24520165,19,Tran Quang An,16/02/2006,3,HK3 2024-2025,MA003,3,7.6
24520165,19,Tran Quang An,16/02/2006,3,HK3 2024-2025,IT001,4,8.9
24520165,19,Tran Quang An,16/02/2006,3,HK3 2024-2025,CS106,4,8.8
24520165,19,Tran Quang An,16/02/2006,3,HK3 2024-2025,IT002,4,6.6
24520165,19,Tran Quang An,16/02/2006,3,HK3 2024-2025,IS201,3,9.0
24520166,19,Hoang Xuan Vy,11/12/2006,1,HK1 2024-2025,IT003,4,7.5
24520166,19,Hoang Xuan Vy,11/12/2006,1,HK1 2024-2025,CS106,4,8.4
24520166,19,Hoang Xuan Vy,11/12/2006,1,HK1 2024-2025,SE104,3,9.6
24520166,19,Hoang Xuan Vy,11/12/2006,1,HK1 2024-2025,MA004,3,8.1
24520166,19,Hoang Xuan Vy,11/12/2006,1,HK1 2024-2025,SS001,2,8.4
24520166,19,Hoang Xuan Vy,11/12/2006,1,HK1 2024-2025,MA005,3,9.7
24520166,19,Hoang Xuan Vy,11/12/2006,1,HK1 2024-2025,IT002,4,8.3
24520166,19,Hoang Xuan Vy,11/12/2006,2,HK2 2024-2025,CE118,3,7.8
24520166,19,Hoang Xuan Vy,11/12/2006,2,HK2 2024-2025,IT004,4,6.1
24520166,19,Hoang Xuan Vy,11/12/2006,2,HK2 2024-2025,SS001,2,6.8
24520166,19,Hoang Xuan Vy,11/12/2006,2,HK2 2024-2025,IT002,4,8.1
24520166,19,Hoang Xuan Vy,11/12/2006,2,HK2 2024-2025,IT003,4,5.2
24520166,19,Hoang Xuan Vy,11/12/2006,2,HK2 2024-2025,PE001,1,9.2
24520166,19,Hoang Xuan Vy,11/12/2006,2,HK2 2024-2025,SS002,2,5.2
24520166,19,Hoang Xuan Vy,11/12/2006,2,HK2 2024-2025,SE104,3,7.6
24520166,19,Hoang Xuan Vy,11/12/2006,3,HK3 2024-2025,IT004,4,7.7
24520166,19,Hoang Xuan Vy,11/12/2006,3,HK3 2024-2025,EN001,2,6.6
24520166,19,Hoang Xuan Vy,11/12/2006,3,HK3 2024-2025,CE118,3,7.5
24520166,19,Hoang Xuan Vy,11/12/2006,3,HK3 2024-2025,SE104,3,5.2
24520166,19,Hoang Xuan Vy,11/12/2006,3,HK3 2024-2025,MA004,3,8.4
24520166,19,Hoang Xuan Vy,11/12/2006,3,HK3 2024-2025,CS106,4,6.0
24520167,19,Le Van Binh,17/05/2006,1,HK1 2024-2025,IT004,4,5.1
24520167,19,Le Van Binh,17/05/2006,1,HK1 2024-2025,SS002,2,8.7
24520167,19,Le Van Binh,17/05/2006,1,HK1 2024-2025,IT002,4,5.3
24520167,19,Le Van Binh,17/05/2006,1,HK1 2024-2025,SE104,3,9.3
24520167,19,Le Van Binh,17/05/2006,1,HK1 2024-2025,IT003,4,6.6
24520167,19,Le Van Binh,17/05/2006,1,HK1 2024-2025,EN001,2,5.4
24520167,19,Le Van Binh,17/05/2006,1,HK1 2024-2025,PE001,1,9.1
24520167,19,Le Van Binh,17/05/2006,2,HK2 2024-2025,IS201,3,9.0
24520167,19,Le Van Binh,17/05/2006,2,HK2 2024-2025,IT001,4,8.8
24520167,19,Le Van Binh,17/05/2006,2,HK2 2024-2025,IT004,4,5.3
24520167,19,Le Van Binh,17/05/2006,2,HK2 2024-2025,MA004,3,5.9
24520167,19,Le Van Binh,17/05/2006,2,HK2 2024-2025,CS106,4,8.5
24520167,19,Le Van Binh,17/05/2006,2,HK2 2024-2025,EN001,2,8.3
24520167,19,Le Van Binh,17/05/2006,3,HK3 2024-2025,MA004,3,9.8
24520167,19,Le Van Binh,17/05/2006,3,HK3 2024-2025,MA003,3,6.1
24520167,19,Le Van Binh,17/05/2006,3,HK3 2024-2025,CS106,4,6.3
24520167,19,Le Van Binh,17/05/2006,3,HK3 2024-2025,CE118,3,7.0
24520167,19,Le Van Binh,17/05/2006,3,HK3 2024-2025,IT001,4,6.0
24520167,19,Le Van Binh,17/05/2006,3,HK3 2024-2025,MA005,3,9.2
24520167,19,Le Van Binh,17/05/2006,3,HK3 2024-2025,IT004,4,8.8
24520167,19,Le Van Binh,17/05/2006,3,HK3 2024-2025,IS201,3,5.8
24520168,19,Pham Thi Mai,25/11/2006,1,HK1 2024-2025,IT004,4,5.6
24520168,19,Pham Thi Mai,25/11/2006,1,HK1 2024-2025,IT001,4,7.6
24520168,19,Pham Thi Mai,25/11/2006,1,HK1 2024-2025,MA005,3,6.3
24520168,19,Pham Thi Mai,25/11/2006,1,HK1 2024-2025,IT003,4,5.6
24520168,19,Pham Thi Mai,25/11/2006,1,HK1 2024-2025,IS201,3,8.1
24520168,19,Pham Thi Mai,25/11/2006,1,HK1 2024-2025,MA003,3,7.5
24520168,19,Pham Thi Mai,25/11/2006,1,HK1 2024-2025,CE118,3,8.4
24520168,19,Pham Thi Mai,25/11/2006,1,HK1 2024-2025,MA004,3,8.6
24520168,19,Pham Thi Mai,25/11/2006,2,HK2 2024-2025,IT004,4,7.0
24520168,19,Pham Thi Mai,25/11/2006,2,HK2 2024-2025,SE104,3,7.6
24520168,19,Pham Thi Mai,25/11/2006,2,HK2 2024-2025,IT001,4,8.6
24520168,19,Pham Thi Mai,25/11/2006,2,HK2 2024-2025,CE118,3,7.7
24520168,19,Pham Thi Mai,25/11/2006,2,HK2 2024-2025,IT003,4,9.3
24520168,19,Pham Thi Mai,25/11/2006,2,HK2 2024-2025,SS002,2,6.0
24520168,19,Pham Thi Mai,25/11/2006,2,HK2 2024-2025,EN001,2,7.2
24520168,19,Pham Thi Mai,25/11/2006,3,HK3 2024-2025,MA003,3,8.6
24520168,19,Pham Thi Mai,25/11/2006,3,HK3 2024-2025,CE118,3,8.7
24520168,19,Pham Thi Mai,25/11/2006,3,HK3 2024-2025,IT002,4,5.2
24520168,19,Pham Thi Mai,25/11/2006,3,HK3 2024-2025,IS201,3,8.3
24520168,19,Pham Thi Mai,25/11/2006,3,HK3 2024-2025,SS001,2,9.0
24520168,19,Pham Thi Mai,25/11/2006,3,HK3 2024-2025,PE001,1,9.2
24520168,19,Pham Thi Mai,25/11/2006,3,HK3 2024-2025,EN001,2,8.4
24520168,19,Pham Thi Mai,25/11/2006,3,HK3 2024-2025,IT001,4,8.5
24520169,19,Phan Quang Quan,24/07/2006,1,HK1 2024-2025,SS002,2,9.6
24520169,19,Phan Quang Quan,24/07/2006,1,HK1 2024-2025,IT003,4,8.3
24520169,19,Phan Quang Quan,24/07/2006,1,HK1 2024-2025,IT004,4,6.8
24520169,19,Phan Quang Quan,24/07/2006,1,HK1 2024-2025,MA003,3,5.9
24520169,19,Phan Quang Quan,24/07/2006,1,HK1 2024-2025,MA004,3,8.9
24520169,19,Phan Quang Quan,24/07/2006,1,HK1 2024-2025,EN001,2,6.9
24520169,19,Phan Quang Quan,24/07/2006,1,HK1 2024-2025,IT001,4,9.2
24520169,19,Phan Quang Quan,24/07/2006,2,HK2 2024-2025,EN001,2,7.6
24520169,19,Phan Quang Quan,24/07/2006,2,HK2 2024-2025,MA005,3,5.6
24520169,19,Phan Quang Quan,24/07/2006,2,HK2 2024-2025,CS106,4,8.4
24520169,19,Phan Quang Quan,24/07/2006,2,HK2 2024-2025,MA004,3,5.6
24520169,19,Phan Quang Quan,24/07/2006,2,HK2 2024-2025,IT002,4,7.1
24520169,19,Phan Quang Quan,24/07/2006,2,HK2 2024-2025,MA003,3,5.9
24520169,19,Phan Quang Quan,24/07/2006,2,HK2 2024-2025,PE001,1,9.2
24520169,19,Phan Quang Quan,24/07/2006,3,HK3 2024-2025,SS002,2,5.4
24520169,19,Phan Quang Quan,24/07/2006,3,HK3 2024-2025,CE118,3,6.1
24520169,19,Phan Quang Quan,24/07/2006,3,HK3 2024-2025,MA005,3,6.9
24520169,19,Phan Quang Quan,24/07/2006,3,HK3 2024-2025,PE001,1,6.3
24520169,19,Phan Quang Quan,24/07/2006,3,HK3 2024-2025,SE104,3,9.8
24520169,19,Phan Quang Quan,24/07/2006,3,HK3 2024-2025,EN001,2,7.5
24520169,19,Phan Quang Quan,24/07/2006,3,HK3 2024-2025,CS106,4,5.9
24520170,19,Vo Xuan Khoa,09/05/2006,1,HK1 2024-2025,IS201,3,6.4
24520170,19,Vo Xuan Khoa,09/05/2006,1,HK1 2024-2025,IT002,4,8.2
24520170,19,Vo Xuan Khoa,09/05/2006,1,HK1 2024-2025,EN001,2,8.4
24520170,19,Vo Xuan Khoa,09/05/2006,1,HK1 2024-2025,IT003,4,7.8
24520170,19,Vo Xuan Khoa,09/05/2006,1,HK1 2024-2025,CS106,4,9.3
24520170,19,Vo Xuan Khoa,09/05/2006,1,HK1 2024-2025,IT004,4,7.6
24520170,19,Vo Xuan Khoa,09/05/2006,2,HK2 2024-2025,IT004,4,7.8
24520170,19,Vo Xuan Khoa,09/05/2006,2,HK2 2024-2025,MA004,3,7.9
24520170,19,Vo Xuan Khoa,09/05/2006,2,HK2 2024-2025,CS106,4,8.3
24520170,19,Vo Xuan Khoa,09/05/2006,2,HK2 2024-2025,MA005,3,9.7
24520170,19,Vo Xuan Khoa,09/05/2006,2,HK2 2024-2025,SS001,2,6.0
24520170,19,Vo Xuan Khoa,09/05/2006,2,HK2 2024-2025,PE001,1,9.9
24520170,19,Vo Xuan Khoa,09/05/2006,2,HK2 2024-2025,IT001,4,9.1
24520170,19,Vo Xuan Khoa,09/05/2006,2,HK2 2024-2025,SE104,3,8.4
24520170,19,Vo Xuan Khoa,09/05/2006,3,HK3 2024-2025,MA004,3,8.3
24520170,19,Vo Xuan Khoa,09/05/2006,3,HK3 2024-2025,IT001,4,9.9
24520170,19,Vo Xuan Khoa,09/05/2006,3,HK3 2024-2025,SS001,2,7.8
24520170,19,Vo Xuan Khoa,09/05/2006,3,HK3 2024-2025,SE104,3,5.4
24520170,19,Vo Xuan Khoa,09/05/2006,3,HK3 2024-2025,PE001,1,5.9
24520170,19,Vo Xuan Khoa,09/05/2006,3,HK3 2024-2025,IT004,4,5.9
24520170,19,Vo Xuan Khoa,09/05/2006,3,HK3 2024-2025,SS002,2,7.3
24520171,19,Vo Thu Khoa,09/06/2006,1,HK1 2024-2025,CE118,3,5.6
24520171,19,Vo Thu Khoa,09/06/2006,1,HK1 2024-2025,IT003,4,9.6
24520171,19,Vo Thu Khoa,09/06/2006,1,HK1 2024-2025,MA003,3,8.4
24520171,19,Vo Thu Khoa,09/06/2006,1,HK1 2024-2025,SS002,2,9.1
24520171,19,Vo Thu Khoa,09/06/2006,1,HK1 2024-2025,EN001,2,8.6
24520171,19,Vo Thu Khoa,09/06/2006,1,HK1 2024-2025,MA004,3,8.0
24520171,19,Vo Thu Khoa,09/06/2006,2,HK2 2024-2025,MA005,3,6.2
24520171,19,Vo Thu Khoa,09/06/2006,2,HK2 2024-2025,SS001,2,9.2
24520171,19,Vo Thu Khoa,09/06/2006,2,HK2 2024-2025,IT001,4,7.9
24520171,19,Vo Thu Khoa,09/06/2006,2,HK2 2024-2025,SE104,3,9.8
24520171,19,Vo Thu Khoa,09/06/2006,2,HK2 2024-2025,EN001,2,9.2
24520171,19,Vo Thu Khoa,09/06/2006,2,HK2 2024-2025,IT004,4,7.3
24520171,19,Vo Thu Khoa,09/06/2006,2,HK2 2024-2025,PE001,1,9.4
24520171,19,Vo Thu Khoa,09/06/2006,3,HK3 2024-2025,CE118,3,6.8
24520171,19,Vo Thu Khoa,09/06/2006,3,HK3 2024-2025,IT002,4,8.9
24520171,19,Vo Thu Khoa,09/06/2006,3,HK3 2024-2025,IT001,4,5.7
24520171,19,Vo Thu Khoa,09/06/2006,3,HK3 2024-2025,IS201,3,6.6
24520171,19,Vo Thu Khoa,09/06/2006,3,HK3 2024-2025,SS001,2,6.0
24520171,19,Vo Thu Khoa,09/06/2006,3,HK3 2024-2025,EN001,2,7.7
24520172,19,Phan Minh An,04/07/2006,1,HK1 2024-2025,IS201,3,6.6
24520172,19,Phan Minh An,04/07/2006,1,HK1 2024-2025,CE118,3,6.1
24520172,19,Phan Minh An,04/07/2006,1,HK1 2024-2025,PE001,1,9.0
24520172,19,Phan Minh An,04/07/2006,1,HK1 2024-2025,MA003,3,6.2
24520172,19,Phan Minh An,04/07/2006,1,HK1 2024-2025,IT004,4,5.6
24520172,19,Phan Minh An,04/07/2006,1,HK1 2024-2025,IT002,4,7.2
24520172,19,Phan Minh An,04/07/2006,1,HK1 2024-2025,CS106,4,6.4
24520172,19,Phan Minh An,04/07/2006,1,HK1 2024-2025,IT001,4,8.2
24520172,19,Phan Minh An,04/07/2006,2,HK2 2024-2025,SS002,2,7.0
24520172,19,Phan Minh An,04/07/2006,2,HK2 2024-2025,IT004,4,7.1
24520172,19,Phan Minh An,04/07/2006,2,HK2 2024-2025,EN001,2,6.7
24520172,19,Phan Minh An,04/07/2006,2,HK2 2024-2025,IT003,4,7.8
24520172,19,Phan Minh An,04/07/2006,2,HK2 2024-2025,SS001,2,9.1
24520172,19,Phan Minh An,04/07/2006,2,HK2 2024-2025,MA003,3,9.5
24520172,19,Phan Minh An,04/07/2006,3,HK3 2024-2025,MA004,3,7.3
24520172,19,Phan Minh An,04/07/2006,3,HK3 2024-2025,IT004,4,6.4
24520172,19,Phan Minh An,04/07/2006,3,HK3 2024-2025,EN001,2,7.5
24520172,19,Phan Minh An,04/07/2006,3,HK3 2024-2025,IS201,3,7.8
24520172,19,Phan Minh An,04/07/2006,3,HK3 2024-2025,SS001,2,5.9
24520172,19,Phan Minh An,04/07/2006,3,HK3 2024-2025,SE104,3,8.3
24520172,19,Phan Minh An,04/07/2006,3,HK3 2024-2025,MA003,3,8.6
24520173,19,Tran Minh Linh,05/07/2006,1,HK1 2024-2025,IT003,4,7.4
24520173,19,Tran Minh Linh,05/07/2006,1,HK1 2024-2025,SS001,2,6.4
24520173,19,Tran Minh Linh,05/07/2006,1,HK1 2024-2025,SE104,3,6.6
24520173,19,Tran Minh Linh,05/07/2006,1,HK1 2024-2025,MA004,3,9.0
24520173,19,Tran Minh Linh,05/07/2006,1,HK1 2024-2025,IT002,4,6.3
24520173,19,Tran Minh Linh,05/07/2006,1,HK1 2024-2025,MA003,3,7.8
24520173,19,Tran Minh Linh,05/07/2006,1,HK1 2024-2025,CS106,4,8.8
24520173,19,Tran Minh Linh,05/07/2006,2,HK2 2024-2025,MA003,3,6.5
24520173,19,Tran Minh Linh,05/07/2006,2,HK2 2024-2025,EN001,2,6.3
24520173,19,Tran Minh Linh,05/07/2006,2,HK2 2024-2025,IT004,4,9.7
24520173,19,Tran Minh Linh,05/07/2006,2,HK2 2024-2025,IT001,4,6.5
24520173,19,Tran Minh Linh,05/07/2006,2,HK2 2024-2025,MA004,3,5.2
24520173,19,Tran Minh Linh,05/07/2006,2,HK2 2024-2025,MA005,3,6.2
24520173,19,Tran Minh Linh,05/07/2006,2,HK2 2024-2025,PE001,1,7.7
24520173,19,Tran Minh Linh,05/07/2006,3,HK3 2024-2025,MA003,3,8.4
24520173,19,Tran Minh Linh,05/07/2006,3,HK3 2024-2025,PE001,1,5.6
24520173,19,Tran Minh Linh,05/07/2006,3,HK3 2024-2025,EN001,2,5.5
24520173,19,Tran Minh Linh,05/07/2006,3,HK3 2024-2025,MA005,3,5.2
24520173,19,Tran Minh Linh,05/07/2006,3,HK3 2024-2025,IT002,4,8.7
24520173,19,Tran Minh Linh,05/07/2006,3,HK3 2024-2025,SE104,3,9.6
24520173,19,Tran Minh Linh,05/07/2006,3,HK3 2024-2025,SS001,2,8.9
24520174,19,Nguyen Xuan Chau,10/10/2006,1,HK1 2024-2025,SE104,3,5.4
24520174,19,Nguyen Xuan Chau,10/10/2006,1,HK1 2024-2025,MA003,3,7.9
24520174,19,Nguyen Xuan Chau,10/10/2006,1,HK1 2024-2025,MA005,3,7.0
24520174,19,Nguyen Xuan Chau,10/10/2006,1,HK1 2024-2025,MA004,3,7.3
24520174,19,Nguyen Xuan Chau,10/10/2006,1,HK1 2024-2025,EN001,2,7.0
24520174,19,Nguyen Xuan Chau,10/10/2006,1,HK1 2024-2025,SS001,2,6.4
24520174,19,Nguyen Xuan Chau,10/10/2006,2,HK2 2024-2025,SS002,2,8.3
24520174,19,Nguyen Xuan Chau,10/10/2006,2,HK2 2024-2025,IT003,4,5.4
24520174,19,Nguyen Xuan Chau,10/10/2006,2,HK2 2024-2025,IS201,3,5.2
24520174,19,Nguyen Xuan Chau,10/10/2006,2,HK2 2024-2025,CS106,4,5.1
24520174,19,Nguyen Xuan Chau,10/10/2006,2,HK2 2024-2025,EN001,2,8.8
24520174,19,Nguyen Xuan Chau,10/10/2006,2,HK2 2024-2025,IT002,4,6.9
24520174,19,Nguyen Xuan Chau,10/10/2006,2,HK2 2024-2025,MA003,3,6.7
24520174,19,Nguyen Xuan Chau,10/10/2006,3,HK3 2024-2025,IT001,4,7.9
24520174,19,Nguyen Xuan Chau,10/10/2006,3,HK3 2024-2025,SS001,2,5.9
24520174,19,Nguyen Xuan Chau,10/10/2006,3,HK3 2024-2025,CE118,3,9.3
24520174,19,Nguyen Xuan Chau,10/10/2006,3,HK3 2024-2025,PE001,1,6.1
24520174,19,Nguyen Xuan Chau,10/10/2006,3,HK3 2024-2025,EN001,2,8.2
24520174,19,Nguyen Xuan Chau,10/10/2006,3,HK3 2024-2025,IT004,4,7.5
24520174,19,Nguyen Xuan Chau,10/10/2006,3,HK3 2024-2025,SE104,3,7.4
24520175,19,Hoang Xuan Duy,10/03/2006,1,HK1 2024-2025,SS001,2,6.2
24520175,19,Hoang Xuan Duy,10/03/2006,1,HK1 2024-2025,EN001,2,7.0
24520175,19,Hoang Xuan Duy,10/03/2006,1,HK1 2024-2025,IT003,4,5.1
24520175,19,Hoang Xuan Duy,10/03/2006,1,HK1 2024-2025,SE104,3,9.5
24520175,19,Hoang Xuan Duy,10/03/2006,1,HK1 2024-2025,PE001,1,9.4
24520175,19,Hoang Xuan Duy,10/03/2006,1,HK1 2024-2025,CE118,3,5.3
24520175,19,Hoang Xuan Duy,10/03/2006,1,HK1 2024-2025,MA004,3,9.1
24520175,19,Hoang Xuan Duy,10/03/2006,1,HK1 2024-2025,MA005,3,6.6
24520175,19,Hoang Xuan Duy,10/03/2006,2,HK2 2024-2025,IS201,3,6.8
24520175,19,Hoang Xuan Duy,10/03/2006,2,HK2 2024-2025,PE001,1,8.1
24520175,19,Hoang Xuan Duy,10/03/2006,2,HK2 2024-2025,EN001,2,7.9
24520175,19,Hoang Xuan Duy,10/03/2006,2,HK2 2024-2025,IT002,4,6.7
24520175,19,Hoang Xuan Duy,10/03/2006,2,HK2 2024-2025,IT001,4,9.3
24520175,19,Hoang Xuan Duy,10/03/2006,2,HK2 2024-2025,SS001,2,7.7
24520175,19,Hoang Xuan Duy,10/03/2006,2,HK2 2024-2025,SS002,2,9.8
24520175,19,Hoang Xuan Duy,10/03/2006,3,HK3 2024-2025,MA003,3,7.3
24520175,19,Hoang Xuan Duy,10/03/2006,3,HK3 2024-2025,IT001,4,6.6
24520175,19,Hoang Xuan Duy,10/03/2006,3,HK3 2024-2025,SS001,2,7.6
24520175,19,Hoang Xuan Duy,10/03/2006,3,HK3 2024-2025,IT004,4,8.6
24520175,19,Hoang Xuan Duy,10/03/2006,3,HK3 2024-2025,MA004,3,7.0
24520175,19,Hoang Xuan Duy,10/03/2006,3,HK3 2024-2025,IT002,4,5.1
24520176,19,Huynh Ngoc Trang,12/03/2006,1,HK1 2024-2025,IT002,4,9.2
24520176,19,Huynh Ngoc Trang,12/03/2006,1,HK1 2024-2025,SS001,2,6.3
24520176,19,Huynh Ngoc Trang,12/03/2006,1,HK1 2024-2025,CS106,4,7.0
24520176,19,Huynh Ngoc Trang,12/03/2006,1,HK1 2024-2025,MA003,3,6.2
24520176,19,Huynh Ngoc Trang,12/03/2006,1,HK1 2024-2025,MA004,3,6.3
24520176,19,Huynh Ngoc Trang,12/03/2006,1,HK1 2024-2025,IT003,4,7.3
24520176,19,Huynh Ngoc Trang,12/03/2006,1,HK1 2024-2025,EN001,2,9.9
24520176,19,Huynh Ngoc Trang,12/03/2006,2,HK2 2024-2025,IS201,3,5.1
24520176,19,Huynh Ngoc Trang,12/03/2006,2,HK2 2024-2025,MA005,3,9.4
24520176,19,Huynh Ngoc Trang,12/03/2006,2,HK2 2024-2025,IT003,4,9.0
24520176,19,Huynh Ngoc Trang,12/03/2006,2,HK2 2024-2025,SS001,2,6.8
24520176,19,Huynh Ngoc Trang,12/03/2006,2,HK2 2024-2025,EN001,2,7.6
24520176,19,Huynh Ngoc Trang,12/03/2006,2,HK2 2024-2025,MA004,3,7.4
24520176,19,Huynh Ngoc Trang,12/03/2006,2,HK2 2024-2025,IT001,4,8.9
24520176,19,Huynh Ngoc Trang,12/03/2006,2,HK2 2024-2025,CE118,3,5.4
24520176,19,Huynh Ngoc Trang,12/03/2006,3,HK3 2024-2025,MA005,3,8.2
24520176,19,Huynh Ngoc Trang,12/03/2006,3,HK3 2024-2025,SE104,3,9.7
24520176,19,Huynh Ngoc Trang,12/03/2006,3,HK3 2024-2025,IT002,4,6.8
24520176,19,Huynh Ngoc Trang,12/03/2006,3,HK3 2024-2025,IT001,4,7.9
24520176,19,Huynh Ngoc Trang,12/03/2006,3,HK3 2024-2025,CE118,3,9.0
24520176,19,Huynh Ngoc Trang,12/03/2006,3,HK3 2024-2025,MA003,3,7.5
24520176,19,Huynh Ngoc Trang,12/03/2006,3,HK3 2024-2025,SS002,2,6.8
24520176,19,Huynh Ngoc Trang,12/03/2006,3,HK3 2024-2025,SS001,2,5.2
24520177,19,Vu Minh Chau,18/02/2006,1,HK1 2024-2025,CS106,4,8.0
24520177,19,Vu Minh Chau,18/02/2006,1,HK1 2024-2025,PE001,1,8.8
24520177,19,Vu Minh Chau,18/02/2006,1,HK1 2024-2025,IT003,4,5.0
24520177,19,Vu Minh Chau,18/02/2006,1,HK1 2024-2025,IT002,4,9.0
24520177,19,Vu Minh Chau,18/02/2006,1,HK1 2024-2025,CE118,3,9.7
24520177,19,Vu Minh Chau,18/02/2006,1,HK1 2024-2025,IT004,4,9.7
24520177,19,Vu Minh Chau,18/02/2006,1,HK1 2024-2025,MA005,3,8.3
24520177,19,Vu Minh Chau,18/02/2006,1,HK1 2024-2025,SE104,3,9.8
24520177,19,Vu Minh Chau,18/02/2006,2,HK2 2024-2025,PE001,1,9.2
24520177,19,Vu Minh Chau,18/02/2006,2,HK2 2024-2025,MA004,3,9.2
24520177,19,Vu Minh Chau,18/02/2006,2,HK2 2024-2025,IT004,4,7.9
24520177,19,Vu Minh Chau,18/02/2006,2,HK2 2024-2025,SS002,2,8.3
24520177,19,Vu Minh Chau,18/02/2006,2,HK2 2024-2025,CS106,4,6.6
24520177,19,Vu Minh Chau,18/02/2006,2,HK2 2024-2025,IT002,4,6.5
24520177,19,Vu Minh Chau,18/02/2006,3,HK3 2024-2025,MA005,3,7.8
24520177,19,Vu Minh Chau,18/02/2006,3,HK3 2024-2025,CE118,3,7.9
24520177,19,Vu Minh Chau,18/02/2006,3,HK3 2024-2025,EN001,2,7.1
24520177,19,Vu Minh Chau,18/02/2006,3,HK3 2024-2025,IT002,4,8.3
24520177,19,Vu Minh Chau,18/02/2006,3,HK3 2024-2025,CS106,4,6.3
24520177,19,Vu Minh Chau,18/02/2006,3,HK3 2024-2025,IT004,4,5.2
24520178,19,Huynh Hoai Nam,03/05/2006,1,HK1 2024-2025,IT004,4,6.0
24520178,19,Huynh Hoai Nam,03/05/2006,1,HK1 2024-2025,IT002,4,5.6
24520178,19,Huynh Hoai Nam,03/05/2006,1,HK1 2024-2025,SS002,2,8.5
24520178,19,Huynh Hoai Nam,03/05/2006,1,HK1 2024-2025,SS001,2,6.8
24520178,19,Huynh Hoai Nam,03/05/2006,1,HK1 2024-2025,MA004,3,9.0
24520178,19,Huynh Hoai Nam,03/05/2006,1,HK1 2024-2025,IT001,4,5.1
24520178,19,Huynh Hoai Nam,03/05/2006,2,HK2 2024-2025,EN001,2,7.9
24520178,19,Huynh Hoai Nam,03/05/2006,2,HK2 2024-2025,IS201,3,8.6
24520178,19,Huynh Hoai Nam,03/05/2006,2,HK2 2024-2025,MA003,3,8.1
24520178,19,Huynh Hoai Nam,03/05/2006,2,HK2 2024-2025,SE104,3,6.8
24520178,19,Huynh Hoai Nam,03/05/2006,2,HK2 2024-2025,CS106,4,5.1
24520178,19,Huynh Hoai Nam,03/05/2006,2,HK2 2024-2025,CE118,3,5.5
24520178,19,Huynh Hoai Nam,03/05/2006,2,HK2 2024-2025,IT001,4,7.0
24520178,19,Huynh Hoai Nam,03/05/2006,2,HK2 2024-2025,SS001,2,6.6
24520178,19,Huynh Hoai Nam,03/05/2006,3,HK3 2024-2025,CE118,3,5.6
24520178,19,Huynh Hoai Nam,03/05/2006,3,HK3 2024-2025,MA003,3,8.9
24520178,19,Huynh Hoai Nam,03/05/2006,3,HK3 2024-2025,IS201,3,5.1
24520178,19,Huynh Hoai Nam,03/05/2006,3,HK3 2024-2025,IT002,4,5.3
24520178,19,Huynh Hoai Nam,03/05/2006,3,HK3 2024-2025,IT004,4,5.1
24520178,19,Huynh Hoai Nam,03/05/2006,3,HK3 2024-2025,MA005,3,5.4
24520178,19,Huynh Hoai Nam,03/05/2006,3,HK3 2024-2025,CS106,4,9.2
24520179,19,Huynh Ngoc Mai,19/10/2006,1,HK1 2024-2025,IT003,4,7.4
24520179,19,Huynh Ngoc Mai,19/10/2006,1,HK1 2024-2025,SS002,2,7.2
24520179,19,Huynh Ngoc Mai,19/10/2006,1,HK1 2024-2025,EN001,2,6.1
24520179,19,Huynh Ngoc Mai,19/10/2006,1,HK1 2024-2025,MA005,3,6.5
24520179,19,Huynh Ngoc Mai,19/10/2006,1,HK1 2024-2025,CS106,4,6.6
24520179,19,Huynh Ngoc Mai,19/10/2006,1,HK1 2024-2025,PE001,1,6.6
24520179,19,Huynh Ngoc Mai,19/10/2006,2,HK2 2024-2025,MA004,3,5.1
24520179,19,Huynh Ngoc Mai,19/10/2006,2,HK2 2024-2025,PE001,1,5.6
24520179,19,Huynh Ngoc Mai,19/10/2006,2,HK2 2024-2025,CS106,4,5.3
24520179,19,Huynh Ngoc Mai,19/10/2006,2,HK2 2024-2025,IT003,4,5.7
24520179,19,Huynh Ngoc Mai,19/10/2006,2,HK2 2024-2025,IT001,4,8.2
24520179,19,Huynh Ngoc Mai,19/10/2006,2,HK2 2024-2025,IT004,4,9.3
24520179,19,Huynh Ngoc Mai,19/10/2006,2,HK2 2024-2025,MA003,3,5.9
24520179,19,Huynh Ngoc Mai,19/10/2006,2,HK2 2024-2025,MA005,3,5.5
24520179,19,Huynh Ngoc Mai,19/10/2006,3,HK3 2024-2025,MA003,3,5.5
24520179,19,Huynh Ngoc Mai,19/10/2006,3,HK3 2024-2025,IT001,4,9.7
24520179,19,Huynh Ngoc Mai,19/10/2006,3,HK3 2024-2025,SS001,2,6.3
24520179,19,Huynh Ngoc Mai,19/10/2006,3,HK3 2024-2025,IT002,4,7.9
24520179,19,Huynh Ngoc Mai,19/10/2006,3,HK3 2024-2025,PE001,1,5.3
24520179,19,Huynh Ngoc Mai,19/10/2006,3,HK3 2024-2025,SE104,3,8.9
24520180,19,Nguyen Hoai Quan,15/10/2006,1,HK1 2024-2025,CE118,3,9.7
24520180,19,Nguyen Hoai Quan,15/10/2006,1,HK1 2024-2025,IT004,4,9.6
24520180,19,Nguyen Hoai Quan,15/10/2006,1,HK1 2024-2025,SS001,2,7.0
24520180,19,Nguyen Hoai Quan,15/10/2006,1,HK1 2024-2025,SS002,2,6.7
24520180,19,Nguyen Hoai Quan,15/10/2006,1,HK1 2024-2025,MA005,3,5.5
24520180,19,Nguyen Hoai Quan,15/10/2006,1,HK1 2024-2025,SE104,3,7.2
24520180,19,Nguyen Hoai Quan,15/10/2006,1,HK1 2024-2025,EN001,2,8.7
24520180,19,Nguyen Hoai Quan,15/10/2006,1,HK1 2024-2025,IT002,4,9.7
24520180,19,Nguyen Hoai Quan,15/10/2006,2,HK2 2024-2025,IS201,3,9.0
24520180,19,Nguyen Hoai Quan,15/10/2006,2,HK2 2024-2025,SS001,2,6.9
24520180,19,Nguyen Hoai Quan,15/10/2006,2,HK2 2024-2025,SS002,2,5.5
24520180,19,Nguyen Hoai Quan,15/10/2006,2,HK2 2024-2025,EN001,2,6.7
24520180,19,Nguyen Hoai Quan,15/10/2006,2,HK2 2024-2025,IT003,4,6.1
24520180,19,Nguyen Hoai Quan,15/10/2006,2,HK2 2024-2025,IT001,4,5.3
24520180,19,Nguyen Hoai Quan,15/10/2006,2,HK2 2024-2025,PE001,1,7.2
24520180,19,Nguyen Hoai Quan,15/10/2006,2,HK2 2024-2025,SE104,3,7.8
24520180,19,Nguyen Hoai Quan,15/10/2006,3,HK3 2024-2025,CE118,3,9.9
24520180,19,Nguyen Hoai Quan,15/10/2006,3,HK3 2024-2025,MA004,3,8.4
24520180,19,Nguyen Hoai Quan,15/10/2006,3,HK3 2024-2025,IT004,4,6.7
24520180,19,Nguyen Hoai Quan,15/10/2006,3,HK3 2024-2025,IT001,4,6.0
24520180,19,Nguyen Hoai Quan,15/10/2006,3,HK3 2024-2025,MA005,3,5.4
24520180,19,Nguyen Hoai Quan,15/10/2006,3,HK3 2024-2025,CS106,4,6.0
24520181,19,Do Van Mai,24/04/2006,1,HK1 2024-2025,PE001,1,7.2
24520181,19,Do Van Mai,24/04/2006,1,HK1 2024-2025,MA004,3,5.4
24520181,19,Do Van Mai,24/04/2006,1,HK1 2024-2025,EN001,2,9.8
24520181,19,Do Van Mai,24/04/2006,1,HK1 2024-2025,IT002,4,6.3
24520181,19,Do Van Mai,24/04/2006,1,HK1 2024-2025,IS201,3,8.9
24520181,19,Do Van Mai,24/04/2006,1,HK1 2024-2025,CE118,3,6.4
24520181,19,Do Van Mai,24/04/2006,1,HK1 2024-2025,IT004,4,7.6
24520181,19,Do Van Mai,24/04/2006,2,HK2 2024-2025,IT003,4,9.2
24520181,19,Do Van Mai,24/04/2006,2,HK2 2024-2025,SS001,2,7.6
24520181,19,Do Van Mai,24/04/2006,2,HK2 2024-2025,MA003,3,9.2
24520181,19,Do Van Mai,24/04/2006,2,HK2 2024-2025,CS106,4,5.5
24520181,19,Do Van Mai,24/04/2006,2,HK2 2024-2025,MA004,3,9.1
24520181,19,Do Van Mai,24/04/2006,2,HK2 2024-2025,MA005,3,5.8
24520181,19,Do Van Mai,24/04/2006,2,HK2 2024-2025,IT001,4,9.2
24520181,19,Do Van Mai,24/04/2006,3,HK3 2024-2025,SS002,2,8.3
24520181,19,Do Van Mai,24/04/2006,3,HK3 2024-2025,IT004,4,8.8
24520181,19,Do Van Mai,24/04/2006,3,HK3 2024-2025,MA004,3,8.9
24520181,19,Do Van Mai,24/04/2006,3,HK3 2024-2025,IS201,3,7.7
24520181,19,Do Van Mai,24/04/2006,3,HK3 2024-2025,MA003,3,5.4
24520181,19,Do Van Mai,24/04/2006,3,HK3 2024-2025,MA005,3,9.4
24520181,19,Do Van Mai,24/04/2006,3,HK3 2024-2025,PE001,1,9.4
24520182,19,Phan Huu Yen,14/05/2006,1,HK1 2024-2025,EN001,2,8.3
24520182,19,Phan Huu Yen,14/05/2006,1,HK1 2024-2025,SS002,2,6.3
24520182,19,Phan Huu Yen,14/05/2006,1,HK1 2024-2025,SS001,2,6.1
24520182,19,Phan Huu Yen,14/05/2006,1,HK1 2024-2025,IT004,4,7.8
24520182,19,Phan Huu Yen,14/05/2006,1,HK1 2024-2025,MA005,3,6.9
24520182,19,Phan Huu Yen,14/05/2006,1,HK1 2024-2025,MA004,3,6.2
24520182,19,Phan Huu Yen,14/05/2006,1,HK1 2024-2025,IS201,3,5.6
24520182,19,Phan Huu Yen,14/05/2006,2,HK2 2024-2025,IT002,4,7.4
24520182,19,Phan Huu Yen,14/05/2006,2,HK2 2024-2025,SE104,3,7.5
24520182,19,Phan Huu Yen,14/05/2006,2,HK2 2024-2025,SS001,2,6.9
24520182,19,Phan Huu Yen,14/05/2006,2,HK2 2024-2025,CS106,4,8.6
24520182,19,Phan Huu Yen,14/05/2006,2,HK2 2024-2025,SS002,2,5.5
24520182,19,Phan Huu Yen,14/05/2006,2,HK2 2024-2025,PE001,1,8.8
24520182,19,Phan Huu Yen,14/05/2006,2,HK2 2024-2025,IT001,4,9.7
24520182,19,Phan Huu Yen,14/05/2006,2,HK2 2024-2025,IT003,4,9.5
24520182,19,Phan Huu Yen,14/05/2006,3,HK3 2024-2025,CS106,4,5.4
24520182,19,Phan Huu Yen,14/05/2006,3,HK3 2024-2025,MA003,3,5.3
24520182,19,Phan Huu Yen,14/05/2006,3,HK3 2024-2025,SE104,3,6.6
24520182,19,Phan Huu Yen,14/05/2006,3,HK3 2024-2025,IS201,3,8.5
24520182,19,Phan Huu Yen,14/05/2006,3,HK3 2024-2025,IT002,4,8.5
24520182,19,Phan Huu Yen,14/05/2006,3,HK3 2024-2025,MA005,3,9.7
24520183,19,Dang Hoai Chau,20/06/2006,1,HK1 2024-2025,MA005,3,6.6
24520183,19,Dang Hoai Chau,20/06/2006,1,HK1 2024-2025,IT001,4,8.6
24520183,19,Dang Hoai Chau,20/06/2006,1,HK1 2024-2025,CE118,3,6.5
24520183,19,Dang Hoai Chau,20/06/2006,1,HK1 2024-2025,PE001,1,7.0
24520183,19,Dang Hoai Chau,20/06/2006,1,HK1 2024-2025,MA004,3,5.3
24520183,19,Dang Hoai Chau,20/06/2006,1,HK1 2024-2025,IT004,4,5.9
24520183,19,Dang Hoai Chau,20/06/2006,2,HK2 2024-2025,SE104,3,9.7
24520183,19,Dang Hoai Chau,20/06/2006,2,HK2 2024-2025,IT003,4,6.3
24520183,19,Dang Hoai Chau,20/06/2006,2,HK2 2024-2025,EN001,2,9.1
24520183,19,Dang Hoai Chau,20/06/2006,2,HK2 2024-2025,IS201,3,9.9
24520183,19,Dang Hoai Chau,20/06/2006,2,HK2 2024-2025,CS106,4,8.4
24520183,19,Dang Hoai Chau,20/06/2006,2,HK2 2024-2025,PE001,1,5.5
24520183,19,Dang Hoai Chau,20/06/2006,2,HK2 2024-2025,IT002,4,5.1
24520183,19,Dang Hoai Chau,20/06/2006,2,HK2 2024-2025,SS001,2,9.8
24520183,19,Dang Hoai Chau,20/06/2006,3,HK3 2024-2025,SS002,2,6.1
24520183,19,Dang Hoai Chau,20/06/2006,3,HK3 2024-2025,MA005,3,9.9
24520183,19,Dang Hoai Chau,20/06/2006,3,HK3 2024-2025,CS106,4,8.0
24520183,19,Dang Hoai Chau,20/06/2006,3,HK3 2024-2025,SE104,3,9.7
24520183,19,Dang Hoai Chau,20/06/2006,3,HK3 2024-2025,IT004,4,7.3
24520183,19,Dang Hoai Chau,20/06/2006,3,HK3 2024-2025,IT003,4,5.8
24520183,19,Dang Hoai Chau,20/06/2006,3,HK3 2024-2025,IT001,4,9.5
24520183,19,Dang Hoai Chau,20/06/2006,3,HK3 2024-2025,MA003,3,8.6
24520184,19,Hoang Thu Hieu,17/01/2006,1,HK1 2024-2025,CE118,3,5.8
24520184,19,Hoang Thu Hieu,17/01/2006,1,HK1 2024-2025,IT003,4,6.8
24520184,19,Hoang Thu Hieu,17/01/2006,1,HK1 2024-2025,MA005,3,6.9
24520184,19,Hoang Thu Hieu,17/01/2006,1,HK1 2024-2025,IS201,3,6.6
24520184,19,Hoang Thu Hieu,17/01/2006,1,HK1 2024-2025,IT001,4,6.1
24520184,19,Hoang Thu Hieu,17/01/2006,1,HK1 2024-2025,CS106,4,9.2
24520184,19,Hoang Thu Hieu,17/01/2006,1,HK1 2024-2025,IT004,4,9.2
24520184,19,Hoang Thu Hieu,17/01/2006,1,HK1 2024-2025,SS001,2,5.3
24520184,19,Hoang Thu Hieu,17/01/2006,2,HK2 2024-2025,CS106,4,8.2
24520184,19,Hoang Thu Hieu,17/01/2006,2,HK2 2024-2025,IT002,4,8.0
24520184,19,Hoang Thu Hieu,17/01/2006,2,HK2 2024-2025,MA003,3,5.4
24520184,19,Hoang Thu Hieu,17/01/2006,2,HK2 2024-2025,SE104,3,8.8
24520184,19,Hoang Thu Hieu,17/01/2006,2,HK2 2024-2025,MA005,3,8.1
24520184,19,Hoang Thu Hieu,17/01/2006,2,HK2 2024-2025,MA004,3,7.6
24520184,19,Hoang Thu Hieu,17/01/2006,2,HK2 2024-2025,IT003,4,6.5
24520184,19,Hoang Thu Hieu,17/01/2006,2,HK2 2024-2025,EN001,2,8.9
24520184,19,Hoang Thu Hieu,17/01/2006,3,HK3 2024-2025,IT003,4,7.8
24520184,19,Hoang Thu Hieu,17/01/2006,3,HK3 2024-2025,SS001,2,10.0
24520184,19,Hoang Thu Hieu,17/01/2006,3,HK3 2024-2025,SS002,2,9.5
24520184,19,Hoang Thu Hieu,17/01/2006,3,HK3 2024-2025,IT004,4,9.1
24520184,19,Hoang Thu Hieu,17/01/2006,3,HK3 2024-2025,IS201,3,5.1
24520184,19,Hoang Thu Hieu,17/01/2006,3,HK3 2024-2025,CS106,4,6.7
24520184,19,Hoang Thu Hieu,17/01/2006,3,HK3 2024-2025,MA004,3,6.3
24520185,19,Dang Thu Quan,03/02/2006,1,HK1 2024-2025,SE104,3,8.9
24520185,19,Dang Thu Quan,03/02/2006,1,HK1 2024-2025,CS106,4,6.0
24520185,19,Dang Thu Quan,03/02/2006,1,HK1 2024-2025,MA004,3,9.5
24520185,19,Dang Thu Quan,03/02/2006,1,HK1 2024-2025,SS001,2,5.4
24520185,19,Dang Thu Quan,03/02/2006,1,HK1 2024-2025,IS201,3,5.5
24520185,19,Dang Thu Quan,03/02/2006,1,HK1 2024-2025,EN001,2,7.7
24520185,19,Dang Thu Quan,03/02/2006,2,HK2 2024-2025,MA003,3,8.8
24520185,19,Dang Thu Quan,03/02/2006,2,HK2 2024-2025,MA004,3,6.0
24520185,19,Dang Thu Quan,03/02/2006,2,HK2 2024-2025,CE118,3,8.4
24520185,19,Dang Thu Quan,03/02/2006,2,HK2 2024-2025,MA005,3,5.3
24520185,19,Dang Thu Quan,03/02/2006,2,HK2 2024-2025,IT003,4,9.6
24520185,19,Dang Thu Quan,03/02/2006,2,HK2 2024-2025,SS002,2,6.9
24520185,19,Dang Thu Quan,03/02/2006,2,HK2 2024-2025,IT004,4,8.4
24520185,19,Dang Thu Quan,03/02/2006,2,HK2 2024-2025,SS001,2,6.3
24520185,19,Dang Thu Quan,03/02/2006,3,HK3 2024-2025,CS106,4,7.3
24520185,19,Dang Thu Quan,03/02/2006,3,HK3 2024-2025,PE001,1,9.6
24520185,19,Dang Thu Quan,03/02/2006,3,HK3 2024-2025,SS002,2,8.1
24520185,19,Dang Thu Quan,03/02/2006,3,HK3 2024-2025,MA005,3,9.8
24520185,19,Dang Thu Quan,03/02/2006,3,HK3 2024-2025,SS001,2,7.9
24520185,19,Dang Thu Quan,03/02/2006,3,HK3 2024-2025,IT004,4,9.2
24520185,19,Dang Thu Quan,03/02/2006,3,HK3 2024-2025,IS201,3,8.8
24520186,19,Vo Minh Duy,24/06/2006,1,HK1 2024-2025,CS106,4,8.5
24520186,19,Vo Minh Duy,24/06/2006,1,HK1 2024-2025,MA004,3,6.2
24520186,19,Vo Minh Duy,24/06/2006,1,HK1 2024-2025,IT001,4,9.6
24520186,19,Vo Minh Duy,24/06/2006,1,HK1 2024-2025,IT003,4,8.6
24520186,19,Vo Minh Duy,24/06/2006,1,HK1 2024-2025,SS001,2,6.9
24520186,19,Vo Minh Duy,24/06/2006,1,HK1 2024-2025,EN001,2,6.7
24520186,19,Vo Minh Duy,24/06/2006,2,HK2 2024-2025,EN001,2,7.7
24520186,19,Vo Minh Duy,24/06/2006,2,HK2 2024-2025,SS001,2,7.6
24520186,19,Vo Minh Duy,24/06/2006,2,HK2 2024-2025,IT004,4,6.0
24520186,19,Vo Minh Duy,24/06/2006,2,HK2 2024-2025,IT003,4,7.0
24520186,19,Vo Minh Duy,24/06/2006,2,HK2 2024-2025,SS002,2,7.6
24520186,19,Vo Minh Duy,24/06/2006,2,HK2 2024-2025,MA004,3,5.9
24520186,19,Vo Minh Duy,24/06/2006,3,HK3 2024-2025,IT003,4,8.7
24520186,19,Vo Minh Duy,24/06/2006,3,HK3 2024-2025,SS002,2,9.4
24520186,19,Vo Minh Duy,24/06/2006,3,HK3 2024-2025,IS201,3,6.3
24520186,19,Vo Minh Duy,24/06/2006,3,HK3 2024-2025,MA005,3,5.7
24520186,19,Vo Minh Duy,24/06/2006,3,HK3 2024-2025,IT004,4,7.3
24520186,19,Vo Minh Duy,24/06/2006,3,HK3 2024-2025,CE118,3,6.4
24520186,19,Vo Minh Duy,24/06/2006,3,HK3 2024-2025,IT001,4,7.3
24520187,19,Hoang Thi Duy,02/01/2006,1,HK1 2024-2025,EN001,2,6.9
24520187,19,Hoang Thi Duy,02/01/2006,1,HK1 2024-2025,IT002,4,6.9
24520187,19,Hoang Thi Duy,02/01/2006,1,HK1 2024-2025,IS201,3,9.9
24520187,19,Hoang Thi Duy,02/01/2006,1,HK1 2024-2025,IT001,4,9.8
24520187,19,Hoang Thi Duy,02/01/2006,1,HK1 2024-2025,MA003,3,7.8
24520187,19,Hoang Thi Duy,02/01/2006,1,HK1 2024-2025,CS106,4,8.0
24520187,19,Hoang Thi Duy,02/01/2006,1,HK1 2024-2025,IT004,4,9.6
24520187,19,Hoang Thi Duy,02/01/2006,2,HK2 2024-2025,SE104,3,8.2
24520187,19,Hoang Thi Duy,02/01/2006,2,HK2 2024-2025,EN001,2,8.1
24520187,19,Hoang Thi Duy,02/01/2006,2,HK2 2024-2025,IT003,4,9.7
24520187,19,Hoang Thi Duy,02/01/2006,2,HK2 2024-2025,CE118,3,8.0
24520187,19,Hoang Thi Duy,02/01/2006,2,HK2 2024-2025,IT004,4,5.8
24520187,19,Hoang Thi Duy,02/01/2006,2,HK2 2024-2025,MA005,3,7.7
24520187,19,Hoang Thi Duy,02/01/2006,3,HK3 2024-2025,SS001,2,6.5
24520187,19,Hoang Thi Duy,02/01/2006,3,HK3 2024-2025,MA005,3,8.2
24520187,19,Hoang Thi Duy,02/01/2006,3,HK3 2024-2025,IT001,4,5.8
24520187,19,Hoang Thi Duy,02/01/2006,3,HK3 2024-2025,IS201,3,8.9
24520187,19,Hoang Thi Duy,02/01/2006,3,HK3 2024-2025,IT004,4,8.2
24520187,19,Hoang Thi Duy,02/01/2006,3,HK3 2024-2025,EN001,2,5.9
24520188,19,Vu Hoai Binh,19/11/2006,1,HK1 2024-2025,SS002,2,5.5
24520188,19,Vu Hoai Binh,19/11/2006,1,HK1 2024-2025,CS106,4,8.1
24520188,19,Vu Hoai Binh,19/11/2006,1,HK1 2024-2025,SE104,3,5.7
24520188,19,Vu Hoai Binh,19/11/2006,1,HK1 2024-2025,IT002,4,9.8
24520188,19,Vu Hoai Binh,19/11/2006,1,HK1 2024-2025,SS001,2,6.8
24520188,19,Vu Hoai Binh,19/11/2006,1,HK1 2024-2025,MA003,3,8.9
24520188,19,Vu Hoai Binh,19/11/2006,1,HK1 2024-2025,IS201,3,7.4
24520188,19,Vu Hoai Binh,19/11/2006,2,HK2 2024-2025,MA004,3,9.9
24520188,19,Vu Hoai Binh,19/11/2006,2,HK2 2024-2025,CS106,4,7.4
24520188,19,Vu Hoai Binh,19/11/2006,2,HK2 2024-2025,SS002,2,9.4
24520188,19,Vu Hoai Binh,19/11/2006,2,HK2 2024-2025,MA003,3,7.6
24520188,19,Vu Hoai Binh,19/11/2006,2,HK2 2024-2025,SS001,2,6.3
24520188,19,Vu Hoai Binh,19/11/2006,2,HK2 2024-2025,PE001,1,6.4
24520188,19,Vu Hoai Binh,19/11/2006,2,HK2 2024-2025,IT001,4,6.4
24520188,19,Vu Hoai Binh,19/11/2006,3,HK3 2024-2025,CE118,3,8.3
24520188,19,Vu Hoai Binh,19/11/2006,3,HK3 2024-2025,MA005,3,8.5
24520188,19,Vu Hoai Binh,19/11/2006,3,HK3 2024-2025,SS002,2,5.7
24520188,19,Vu Hoai Binh,19/11/2006,3,HK3 2024-2025,IT002,4,7.3
24520188,19,Vu Hoai Binh,19/11/2006,3,HK3 2024-2025,IT004,4,6.4
24520188,19,Vu Hoai Binh,19/11/2006,3,HK3 2024-2025,IT001,4,7.3
24520188,19,Vu Hoai Binh,19/11/2006,3,HK3 2024-2025,IT003,4,8.7
24520188,19,Vu Hoai Binh,19/11/2006,3,HK3 2024-2025,CS106,4,6.8
24520189,19,Huynh Hoai Yen,10/11/2006,1,HK1 2024-2025,CS106,4,6.1
24520189,19,Huynh Hoai Yen,10/11/2006,1,HK1 2024-2025,PE001,1,5.0
24520189,19,Huynh Hoai Yen,10/11/2006,1,HK1 2024-2025,MA003,3,6.4
24520189,19,Huynh Hoai Yen,10/11/2006,1,HK1 2024-2025,EN001,2,8.3
24520189,19,Huynh Hoai Yen,10/11/2006,1,HK1 2024-2025,IS201,3,8.6
24520189,19,Huynh Hoai Yen,10/11/2006,1,HK1 2024-2025,SS002,2,8.2
24520189,19,Huynh Hoai Yen,10/11/2006,1,HK1 2024-2025,IT004,4,5.1
24520189,19,Huynh Hoai Yen,10/11/2006,1,HK1 2024-2025,IT002,4,8.9
24520189,19,Huynh Hoai Yen,10/11/2006,2,HK2 2024-2025,MA005,3,5.2
24520189,19,Huynh Hoai Yen,10/11/2006,2,HK2 2024-2025,SE104,3,5.4
24520189,19,Huynh Hoai Yen,10/11/2006,2,HK2 2024-2025,PE001,1,9.1
24520189,19,Huynh Hoai Yen,10/11/2006,2,HK2 2024-2025,IT002,4,5.5
24520189,19,Huynh Hoai Yen,10/11/2006,2,HK2 2024-2025,IT001,4,5.7
24520189,19,Huynh Hoai Yen,10/11/2006,2,HK2 2024-2025,MA003,3,5.1
24520189,19,Huynh Hoai Yen,10/11/2006,2,HK2 2024-2025,CS106,4,6.5
24520189,19,Huynh Hoai Yen,10/11/2006,3,HK3 2024-2025,IT001,4,6.0
24520189,19,Huynh Hoai Yen,10/11/2006,3,HK3 2024-2025,MA005,3,5.7
24520189,19,Huynh Hoai Yen,10/11/2006,3,HK3 2024-2025,EN001,2,7.5
24520189,19,Huynh Hoai Yen,10/11/2006,3,HK3 2024-2025,SE104,3,6.3
24520189,19,Huynh Hoai Yen,10/11/2006,3,HK3 2024-2025,MA004,3,9.4
24520189,19,Huynh Hoai Yen,10/11/2006,3,HK3 2024-2025,IT004,4,9.1
24520189,19,Huynh Hoai Yen,10/11/2006,3,HK3 2024-2025,PE001,1,8.2
24520189,19,Huynh Hoai Yen,10/11/2006,3,HK3 2024-2025,SS002,2,8.3
24520190,19,Do Hoai Nam,11/07/2006,1,HK1 2024-2025,SS002,2,7.8
24520190,19,Do Hoai Nam,11/07/2006,1,HK1 2024-2025,EN001,2,8.0
24520190,19,Do Hoai Nam,11/07/2006,1,HK1 2024-2025,PE001,1,8.8
24520190,19,Do Hoai Nam,11/07/2006,1,HK1 2024-2025,MA005,3,7.6
24520190,19,Do Hoai Nam,11/07/2006,1,HK1 2024-2025,MA003,3,9.1
24520190,19,Do Hoai Nam,11/07/2006,1,HK1 2024-2025,SE104,3,9.6
24520190,19,Do Hoai Nam,11/07/2006,1,HK1 2024-2025,IT001,4,6.3
24520190,19,Do Hoai Nam,11/07/2006,2,HK2 2024-2025,CE118,3,9.1
24520190,19,Do Hoai Nam,11/07/2006,2,HK2 2024-2025,IT003,4,7.0
24520190,19,Do Hoai Nam,11/07/2006,2,HK2 2024-2025,SE104,3,8.8
24520190,19,Do Hoai Nam,11/07/2006,2,HK2 2024-2025,IT002,4,6.2
24520190,19,Do Hoai Nam,11/07/2006,2,HK2 2024-2025,CS106,4,9.9
24520190,19,Do Hoai Nam,11/07/2006,2,HK2 2024-2025,MA004,3,5.3
24520190,19,Do Hoai Nam,11/07/2006,3,HK3 2024-2025,IT003,4,7.7
24520190,19,Do Hoai Nam,11/07/2006,3,HK3 2024-2025,MA004,3,8.0
24520190,19,Do Hoai Nam,11/07/2006,3,HK3 2024-2025,IT002,4,5.8
24520190,19,Do Hoai Nam,11/07/2006,3,HK3 2024-2025,IT001,4,9.7
24520190,19,Do Hoai Nam,11/07/2006,3,HK3 2024-2025,CE118,3,8.5
24520190,19,Do Hoai Nam,11/07/2006,3,HK3 2024-2025,CS106,4,9.1
24520191,19,Le Huu Trang,21/09/2006,1,HK1 2024-2025,MA003,3,5.2
24520191,19,Le Huu Trang,21/09/2006,1,HK1 2024-2025,SE104,3,8.6
24520191,19,Le Huu Trang,21/09/2006,1,HK1 2024-2025,MA005,3,9.2
24520191,19,Le Huu Trang,21/09/2006,1,HK1 2024-2025,PE001,1,7.8
24520191,19,Le Huu Trang,21/09/2006,1,HK1 2024-2025,IT004,4,7.0
24520191,19,Le Huu Trang,21/09/2006,1,HK1 2024-2025,SS002,2,5.2
24520191,19,Le Huu Trang,21/09/2006,1,HK1 2024-2025,EN001,2,7.7
24520191,19,Le Huu Trang,21/09/2006,1,HK1 2024-2025,SS001,2,5.8
24520191,19,Le Huu Trang,21/09/2006,2,HK2 2024-2025,MA004,3,5.1
24520191,19,Le Huu Trang,21/09/2006,2,HK2 2024-2025,SS001,2,8.2
24520191,19,Le Huu Trang,21/09/2006,2,HK2 2024-2025,IT002,4,6.6
24520191,19,Le Huu Trang,21/09/2006,2,HK2 2024-2025,EN001,2,5.2
24520191,19,Le Huu Trang,21/09/2006,2,HK2 2024-2025,MA005,3,7.0
24520191,19,Le Huu Trang,21/09/2006,2,HK2 2024-2025,CS106,4,7.4
24520191,19,Le Huu Trang,21/09/2006,2,HK2 2024-2025,SE104,3,8.6
24520191,19,Le Huu Trang,21/09/2006,2,HK2 2024-2025,IT004,4,8.1
24520191,19,Le Huu Trang,21/09/2006,3,HK3 2024-2025,MA005,3,9.1
24520191,19,Le Huu Trang,21/09/2006,3,HK3 2024-2025,IS201,3,9.7
24520191,19,Le Huu Trang,21/09/2006,3,HK3 2024-2025,CE118,3,6.2
24520191,19,Le Huu Trang,21/09/2006,3,HK3 2024-2025,IT004,4,5.1
24520191,19,Le Huu Trang,21/09/2006,3,HK3 2024-2025,PE001,1,5.6
24520191,19,Le Huu Trang,21/09/2006,3,HK3 2024-2025,IT001,4,7.1
24520192,19,Pham Gia Khoa,24/03/2006,1,HK1 2024-2025,SS002,2,7.6
24520192,19,Pham Gia Khoa,24/03/2006,1,HK1 2024-2025,SS001,2,8.6
24520192,19,Pham Gia Khoa,24/03/2006,1,HK1 2024-2025,MA005,3,6.3
24520192,19,Pham Gia Khoa,24/03/2006,1,HK1 2024-2025,MA003,3,7.9
24520192,19,Pham Gia Khoa,24/03/2006,1,HK1 2024-2025,IT004,4,8.7
24520192,19,Pham Gia Khoa,24/03/2006,1,HK1 2024-2025,SE104,3,6.6
24520192,19,Pham Gia Khoa,24/03/2006,2,HK2 2024-2025,CS106,4,7.7
24520192,19,Pham Gia Khoa,24/03/2006,2,HK2 2024-2025,IT002,4,8.1
24520192,19,Pham Gia Khoa,24/03/2006,2,HK2 2024-2025,MA004,3,6.8
24520192,19,Pham Gia Khoa,24/03/2006,2,HK2 2024-2025,MA005,3,9.0
24520192,19,Pham Gia Khoa,24/03/2006,2,HK2 2024-2025,SS001,2,7.7
24520192,19,Pham Gia Khoa,24/03/2006,2,HK2 2024-2025,SE104,3,6.8
24520192,19,Pham Gia Khoa,24/03/2006,3,HK3 2024-2025,SE104,3,6.3
24520192,19,Pham Gia Khoa,24/03/2006,3,HK3 2024-2025,EN001,2,7.7
24520192,19,Pham Gia Khoa,24/03/2006,3,HK3 2024-2025,CE118,3,7.4
24520192,19,Pham Gia Khoa,24/03/2006,3,HK3 2024-2025,IT003,4,7.3
24520192,19,Pham Gia Khoa,24/03/2006,3,HK3 2024-2025,SS002,2,8.9
24520192,19,Pham Gia Khoa,24/03/2006,3,HK3 2024-2025,MA004,3,6.2
24520193,19,Do Quang Linh,21/04/2006,1,HK1 2024-2025,IS201,3,7.1
24520193,19,Do Quang Linh,21/04/2006,1,HK1 2024-2025,MA004,3,5.3
24520193,19,Do Quang Linh,21/04/2006,1,HK1 2024-2025,PE001,1,8.4
24520193,19,Do Quang Linh,21/04/2006,1,HK1 2024-2025,IT003,4,6.4
24520193,19,Do Quang Linh,21/04/2006,1,HK1 2024-2025,SS001,2,5.2
24520193,19,Do Quang Linh,21/04/2006,1,HK1 2024-2025,SS002,2,9.3
24520193,19,Do Quang Linh,21/04/2006,1,HK1 2024-2025,IT004,4,6.0
24520193,19,Do Quang Linh,21/04/2006,2,HK2 2024-2025,CS106,4,9.1
24520193,19,Do Quang Linh,21/04/2006,2,HK2 2024-2025,CE118,3,7.1
24520193,19,Do Quang Linh,21/04/2006,2,HK2 2024-2025,PE001,1,5.6
24520193,19,Do Quang Linh,21/04/2006,2,HK2 2024-2025,EN001,2,7.6
24520193,19,Do Quang Linh,21/04/2006,2,HK2 2024-2025,SS002,2,6.4
24520193,19,Do Quang Linh,21/04/2006,2,HK2 2024-2025,MA005,3,6.7
24520193,19,Do Quang Linh,21/04/2006,2,HK2 2024-2025,IT003,4,6.2
24520193,19,Do Quang Linh,21/04/2006,2,HK2 2024-2025,MA004,3,5.6
24520193,19,Do Quang Linh,21/04/2006,3,HK3 2024-2025,SS002,2,8.3
24520193,19,Do Quang Linh,21/04/2006,3,HK3 2024-2025,IT004,4,6.3
24520193,19,Do Quang Linh,21/04/2006,3,HK3 2024-2025,IT002,4,9.0
24520193,19,Do Quang Linh,21/04/2006,3,HK3 2024-2025,IS201,3,7.5
24520193,19,Do Quang Linh,21/04/2006,3,HK3 2024-2025,CE118,3,5.5
24520193,19,Do Quang Linh,21/04/2006,3,HK3 2024-2025,MA005,3,5.1
24520193,19,Do Quang Linh,21/04/2006,3,HK3 2024-2025,IT001,4,7.2
24520193,19,Do Quang Linh,21/04/2006,3,HK3 2024-2025,SE104,3,8.8
24520194,19,Bui Van Quan,23/08/2006,1,HK1 2024-2025,IT004,4,9.1
24520194,19,Bui Van Quan,23/08/2006,1,HK1 2024-2025,IT001,4,7.2
24520194,19,Bui Van Quan,23/08/2006,1,HK1 2024-2025,MA005,3,6.5
24520194,19,Bui Van Quan,23/08/2006,1,HK1 2024-2025,SS001,2,9.9
24520194,19,Bui Van Quan,23/08/2006,1,HK1 2024-2025,MA003,3,9.2
24520194,19,Bui Van Quan,23/08/2006,1,HK1 2024-2025,CE118,3,10.0
24520194,19,Bui Van Quan,23/08/2006,1,HK1 2024-2025,PE001,1,5.1
24520194,19,Bui Van Quan,23/08/2006,2,HK2 2024-2025,EN001,2,5.7
24520194,19,Bui Van Quan,23/08/2006,2,HK2 2024-2025,IS201,3,6.4
24520194,19,Bui Van Quan,23/08/2006,2,HK2 2024-2025,IT002,4,6.4
24520194,19,Bui Van Quan,23/08/2006,2,HK2 2024-2025,PE001,1,8.4
24520194,19,Bui Van Quan,23/08/2006,2,HK2 2024-2025,CS106,4,7.5
24520194,19,Bui Van Quan,23/08/2006,2,HK2 2024-2025,MA003,3,5.3
24520194,19,Bui Van Quan,23/08/2006,2,HK2 2024-2025,MA004,3,6.2
24520194,19,Bui Van Quan,23/08/2006,3,HK3 2024-2025,SE104,3,5.9
24520194,19,Bui Van Quan,23/08/2006,3,HK3 2024-2025,IT001,4,7.4
24520194,19,Bui Van Quan,23/08/2006,3,HK3 2024-2025,IT004,4,6.9
24520194,19,Bui Van Quan,23/08/2006,3,HK3 2024-2025,CS106,4,8.8
24520194,19,Bui Van Quan,23/08/2006,3,HK3 2024-2025,CE118,3,9.3
24520194,19,Bui Van Quan,23/08/2006,3,HK3 2024-2025,MA004,3,6.5
24520195,19,Dang Huu An,08/06/2006,1,HK1 2024-2025,MA005,3,7.3
24520195,19,Dang Huu An,08/06/2006,1,HK1 2024-2025,EN001,2,9.6
24520195,19,Dang Huu An,08/06/2006,1,HK1 2024-2025,SS002,2,5.0
24520195,19,Dang Huu An,08/06/2006,1,HK1 2024-2025,IT001,4,5.5
24520195,19,Dang Huu An,08/06/2006,1,HK1 2024-2025,IT004,4,5.7
24520195,19,Dang Huu An,08/06/2006,1,HK1 2024-2025,MA004,3,5.7
24520195,19,Dang Huu An,08/06/2006,1,HK1 2024-2025,MA003,3,9.4
24520195,19,Dang Huu An,08/06/2006,1,HK1 2024-2025,PE001,1,5.9
24520195,19,Dang Huu An,08/06/2006,2,HK2 2024-2025,SS001,2,9.0
24520195,19,Dang Huu An,08/06/2006,2,HK2 2024-2025,MA005,3,9.7
24520195,19,Dang Huu An,08/06/2006,2,HK2 2024-2025,MA004,3,7.1
24520195,19,Dang Huu An,08/06/2006,2,HK2 2024-2025,IT004,4,7.7
24520195,19,Dang Huu An,08/06/2006,2,HK2 2024-2025,IS201,3,7.5
24520195,19,Dang Huu An,08/06/2006,2,HK2 2024-2025,SE104,3,7.8
24520195,19,Dang Huu An,08/06/2006,2,HK2 2024-2025,IT003,4,6.5
24520195,19,Dang Huu An,08/06/2006,2,HK2 2024-2025,IT002,4,9.7
24520195,19,Dang Huu An,08/06/2006,3,HK3 2024-2025,MA005,3,8.1
24520195,19,Dang Huu An,08/06/2006,3,HK3 2024-2025,MA004,3,6.7
24520195,19,Dang Huu An,08/06/2006,3,HK3 2024-2025,SS001,2,8.7
24520195,19,Dang Huu An,08/06/2006,3,HK3 2024-2025,SE104,3,8.3
24520195,19,Dang Huu An,08/06/2006,3,HK3 2024-2025,IT002,4,5.8
24520195,19,Dang Huu An,08/06/2006,3,HK3 2024-2025,IT001,4,7.4
24520196,19,Bui Quang Mai,24/02/2006,1,HK1 2024-2025,IT002,4,6.0
24520196,19,Bui Quang Mai,24/02/2006,1,HK1 2024-2025,IS201,3,6.7
24520196,19,Bui Quang Mai,24/02/2006,1,HK1 2024-2025,PE001,1,9.2
24520196,19,Bui Quang Mai,24/02/2006,1,HK1 2024-2025,MA004,3,8.7
24520196,19,Bui Quang Mai,24/02/2006,1,HK1 2024-2025,IT003,4,8.3
24520196,19,Bui Quang Mai,24/02/2006,1,HK1 2024-2025,MA003,3,6.9
24520196,19,Bui Quang Mai,24/02/2006,1,HK1 2024-2025,MA005,3,9.3
24520196,19,Bui Quang Mai,24/02/2006,2,HK2 2024-2025,CE118,3,8.3
24520196,19,Bui Quang Mai,24/02/2006,2,HK2 2024-2025,MA003,3,5.2
24520196,19,Bui Quang Mai,24/02/2006,2,HK2 2024-2025,MA005,3,5.9
24520196,19,Bui Quang Mai,24/02/2006,2,HK2 2024-2025,IS201,3,8.6
24520196,19,Bui Quang Mai,24/02/2006,2,HK2 2024-2025,PE001,1,8.6
24520196,19,Bui Quang Mai,24/02/2006,2,HK2 2024-2025,SS001,2,6.8
24520196,19,Bui Quang Mai,24/02/2006,2,HK2 2024-2025,IT002,4,7.6
24520196,19,Bui Quang Mai,24/02/2006,2,HK2 2024-2025,IT003,4,8.8
24520196,19,Bui Quang Mai,24/02/2006,3,HK3 2024-2025,SS001,2,7.2
24520196,19,Bui Quang Mai,24/02/2006,3,HK3 2024-2025,CS106,4,9.2
24520196,19,Bui Quang Mai,24/02/2006,3,HK3 2024-2025,MA005,3,6.5
24520196,19,Bui Quang Mai,24/02/2006,3,HK3 2024-2025,IS201,3,7.0
24520196,19,Bui Quang Mai,24/02/2006,3,HK3 2024-2025,PE001,1,7.7
24520196,19,Bui Quang Mai,24/02/2006,3,HK3 2024-2025,IT002,4,7.2
24520196,19,Bui Quang Mai,24/02/2006,3,HK3 2024-2025,SS002,2,6.8
24520196,19,Bui Quang Mai,24/02/2006,3,HK3 2024-2025,MA003,3,6.3
24520197,19,Vu Thi Khoa,16/04/2006,1,HK1 2024-2025,IS201,3,8.6
24520197,19,Vu Thi Khoa,16/04/2006,1,HK1 2024-2025,EN001,2,8.9
24520197,19,Vu Thi Khoa,16/04/2006,1,HK1 2024-2025,SS001,2,7.8
24520197,19,Vu Thi Khoa,16/04/2006,1,HK1 2024-2025,IT003,4,6.5
24520197,19,Vu Thi Khoa,16/04/2006,1,HK1 2024-2025,SS002,2,7.5
24520197,19,Vu Thi Khoa,16/04/2006,1,HK1 2024-2025,CS106,4,9.8
24520197,19,Vu Thi Khoa,16/04/2006,1,HK1 2024-2025,SE104,3,9.2
24520197,19,Vu Thi Khoa,16/04/2006,1,HK1 2024-2025,IT002,4,9.1
24520197,19,Vu Thi Khoa,16/04/2006,2,HK2 2024-2025,IT003,4,5.3
24520197,19,Vu Thi Khoa,16/04/2006,2,HK2 2024-2025,IS201,3,9.1
24520197,19,Vu Thi Khoa,16/04/2006,2,HK2 2024-2025,IT002,4,7.6
24520197,19,Vu Thi Khoa,16/04/2006,2,HK2 2024-2025,IT001,4,8.7
24520197,19,Vu Thi Khoa,16/04/2006,2,HK2 2024-2025,IT004,4,9.7
24520197,19,Vu Thi Khoa,16/04/2006,2,HK2 2024-2025,SE104,3,7.6
24520197,19,Vu Thi Khoa,16/04/2006,2,HK2 2024-2025,CE118,3,9.4
24520197,19,Vu Thi Khoa,16/04/2006,3,HK3 2024-2025,IT002,4,8.6
24520197,19,Vu Thi Khoa,16/04/2006,3,HK3 2024-2025,MA005,3,6.7
24520197,19,Vu Thi Khoa,16/04/2006,3,HK3 2024-2025,EN001,2,7.8
24520197,19,Vu Thi Khoa,16/04/2006,3,HK3 2024-2025,SE104,3,6.2
24520197,19,Vu Thi Khoa,16/04/2006,3,HK3 2024-2025,CE118,3,5.1
24520197,19,Vu Thi Khoa,16/04/2006,3,HK3 2024-2025,IS201,3,7.7
24520197,19,Vu Thi Khoa,16/04/2006,3,HK3 2024-2025,PE001,1,9.5
24520198,19,Tran Quang Phong,10/07/2006,1,HK1 2024-2025,CE118,3,7.1
24520198,19,Tran Quang Phong,10/07/2006,1,HK1 2024-2025,IT003,4,8.6
24520198,19,Tran Quang Phong,10/07/2006,1,HK1 2024-2025,EN001,2,9.3
24520198,19,Tran Quang Phong,10/07/2006,1,HK1 2024-2025,MA003,3,5.9
24520198,19,Tran Quang Phong,10/07/2006,1,HK1 2024-2025,SE104,3,10.0
24520198,19,Tran Quang Phong,10/07/2006,1,HK1 2024-2025,CS106,4,5.9
24520198,19,Tran Quang Phong,10/07/2006,1,HK1 2024-2025,SS001,2,9.6
24520198,19,Tran Quang Phong,10/07/2006,1,HK1 2024-2025,MA005,3,9.1
24520198,19,Tran Quang Phong,10/07/2006,2,HK2 2024-2025,IT002,4,7.0
24520198,19,Tran Quang Phong,10/07/2006,2,HK2 2024-2025,EN001,2,5.4
24520198,19,Tran Quang Phong,10/07/2006,2,HK2 2024-2025,MA004,3,6.4
24520198,19,Tran Quang Phong,10/07/2006,2,HK2 2024-2025,IT004,4,10.0
24520198,19,Tran Quang Phong,10/07/2006,2,HK2 2024-2025,MA003,3,6.1
24520198,19,Tran Quang Phong,10/07/2006,2,HK2 2024-2025,SS001,2,6.5
24520198,19,Tran Quang Phong,10/07/2006,3,HK3 2024-2025,IT001,4,7.2
24520198,19,Tran Quang Phong,10/07/2006,3,HK3 2024-2025,SS002,2,6.2
24520198,19,Tran Quang Phong,10/07/2006,3,HK3 2024-2025,IS201,3,9.7
24520198,19,Tran Quang Phong,10/07/2006,3,HK3 2024-2025,MA005,3,9.2
24520198,19,Tran Quang Phong,10/07/2006,3,HK3 2024-2025,SS001,2,5.9
24520198,19,Tran Quang Phong,10/07/2006,3,HK3 2024-2025,MA003,3,5.6
24520199,19,Pham Gia Linh,03/02/2006,1,HK1 2024-2025,SS002,2,6.4
24520199,19,Pham Gia Linh,03/02/2006,1,HK1 2024-2025,IT004,4,8.0
24520199,19,Pham Gia Linh,03/02/2006,1,HK1 2024-2025,SE104,3,8.2
24520199,19,Pham Gia Linh,03/02/2006,1,HK1 2024-2025,MA004,3,8.3
24520199,19,Pham Gia Linh,03/02/2006,1,HK1 2024-2025,EN001,2,7.2
24520199,19,Pham Gia Linh,03/02/2006,1,HK1 2024-2025,IS201,3,6.8
24520199,19,Pham Gia Linh,03/02/2006,1,HK1 2024-2025,IT003,4,8.4
24520199,19,Pham Gia Linh,03/02/2006,1,HK1 2024-2025,CS106,4,6.8
24520199,19,Pham Gia Linh,03/02/2006,2,HK2 2024-2025,IT003,4,8.4
24520199,19,Pham Gia Linh,03/02/2006,2,HK2 2024-2025,EN001,2,7.1
24520199,19,Pham Gia Linh,03/02/2006,2,HK2 2024-2025,MA005,3,6.9
24520199,19,Pham Gia Linh,03/02/2006,2,HK2 2024-2025,MA003,3,9.4
24520199,19,Pham Gia Linh,03/02/2006,2,HK2 2024-2025,IT004,4,5.3
24520199,19,Pham Gia Linh,03/02/2006,2,HK2 2024-2025,CS106,4,5.1
24520199,19,Pham Gia Linh,03/02/2006,2,HK2 2024-2025,CE118,3,8.8
24520199,19,Pham Gia Linh,03/02/2006,2,HK2 2024-2025,IT001,4,9.6
24520199,19,Pham Gia Linh,03/02/2006,3,HK3 2024-2025,EN001,2,8.6
24520199,19,Pham Gia Linh,03/02/2006,3,HK3 2024-2025,PE001,1,7.0
24520199,19,Pham Gia Linh,03/02/2006,3,HK3 2024-2025,MA005,3,7.8
24520199,19,Pham Gia Linh,03/02/2006,3,HK3 2024-2025,SS002,2,7.7
24520199,19,Pham Gia Linh,03/02/2006,3,HK3 2024-2025,IS201,3,7.6
24520199,19,Pham Gia Linh,03/02/2006,3,HK3 2024-2025,IT002,4,7.9
24520200,19,Tran Van Hieu,07/03/2006,1,HK1 2024-2025,IT003,4,8.1
24520200,19,Tran Van Hieu,07/03/2006,1,HK1 2024-2025,IT002,4,7.1
24520200,19,Tran Van Hieu,07/03/2006,1,HK1 2024-2025,IT001,4,7.0
24520200,19,Tran Van Hieu,07/03/2006,1,HK1 2024-2025,MA005,3,7.1
24520200,19,Tran Van Hieu,07/03/2006,1,HK1 2024-2025,SS001,2,6.9
24520200,19,Tran Van Hieu,07/03/2006,1,HK1 2024-2025,MA003,3,9.7
24520200,19,Tran Van Hieu,07/03/2006,1,HK1 2024-2025,SS002,2,6.7
24520200,19,Tran Van Hieu,07/03/2006,2,HK2 2024-2025,IT004,4,6.3
24520200,19,Tran Van Hieu,07/03/2006,2,HK2 2024-2025,CE118,3,7.7
24520200,19,Tran Van Hieu,07/03/2006,2,HK2 2024-2025,SS001,2,9.5
24520200,19,Tran Van Hieu,07/03/2006,2,HK2 2024-2025,IT003,4,8.2
24520200,19,Tran Van Hieu,07/03/2006,2,HK2 2024-2025,MA005,3,8.2
24520200,19,Tran Van Hieu,07/03/2006,2,HK2 2024-2025,SS002,2,9.6
24520200,19,Tran Van Hieu,07/03/2006,2,HK2 2024-2025,IT001,4,8.3
24520200,19,Tran Van Hieu,07/03/2006,3,HK3 2024-2025,SS001,2,9.3
24520200,19,Tran Van Hieu,07/03/2006,3,HK3 2024-2025,MA003,3,7.5
24520200,19,Tran Van Hieu,07/03/2006,3,HK3 2024-2025,IS201,3,7.5
24520200,19,Tran Van Hieu,07/03/2006,3,HK3 2024-2025,IT002,4,7.5
24520200,19,Tran Van Hieu,07/03/2006,3,HK3 2024-2025,CE118,3,5.7
24520200,19,Tran Van Hieu,07/03/2006,3,HK3 2024-2025,IT001,4,6.9
24520200,19,Tran Van Hieu,07/03/2006,3,HK3 2024-2025,IT003,4,8.6
24520201,19,Tran Ngoc Mai,28/05/2006,1,HK1 2024-2025,IT004,4,8.8
24520201,19,Tran Ngoc Mai,28/05/2006,1,HK1 2024-2025,IT002,4,8.1
24520201,19,Tran Ngoc Mai,28/05/2006,1,HK1 2024-2025,IT001,4,8.4
24520201,19,Tran Ngoc Mai,28/05/2006,1,HK1 2024-2025,MA003,3,7.7
24520201,19,Tran Ngoc Mai,28/05/2006,1,HK1 2024-2025,EN001,2,9.2
24520201,19,Tran Ngoc Mai,28/05/2006,1,HK1 2024-2025,MA004,3,5.9
24520201,19,Tran Ngoc Mai,28/05/2006,1,HK1 2024-2025,CE118,3,9.0
24520201,19,Tran Ngoc Mai,28/05/2006,1,HK1 2024-2025,IS201,3,7.8
24520201,19,Tran Ngoc Mai,28/05/2006,2,HK2 2024-2025,IS201,3,8.0
24520201,19,Tran Ngoc Mai,28/05/2006,2,HK2 2024-2025,IT001,4,7.5
24520201,19,Tran Ngoc Mai,28/05/2006,2,HK2 2024-2025,SE104,3,5.8
24520201,19,Tran Ngoc Mai,28/05/2006,2,HK2 2024-2025,CS106,4,7.7
24520201,19,Tran Ngoc Mai,28/05/2006,2,HK2 2024-2025,MA005,3,9.7
24520201,19,Tran Ngoc Mai,28/05/2006,2,HK2 2024-2025,EN001,2,8.5
24520201,19,Tran Ngoc Mai,28/05/2006,2,HK2 2024-2025,MA003,3,5.4
24520201,19,Tran Ngoc Mai,28/05/2006,2,HK2 2024-2025,SS002,2,8.0
24520201,19,Tran Ngoc Mai,28/05/2006,3,HK3 2024-2025,IT002,4,5.7
24520201,19,Tran Ngoc Mai,28/05/2006,3,HK3 2024-2025,MA005,3,6.0
24520201,19,Tran Ngoc Mai,28/05/2006,3,HK3 2024-2025,MA004,3,5.4
24520201,19,Tran Ngoc Mai,28/05/2006,3,HK3 2024-2025,SE104,3,9.9
24520201,19,Tran Ngoc Mai,28/05/2006,3,HK3 2024-2025,MA003,3,6.7
24520201,19,Tran Ngoc Mai,28/05/2006,3,HK3 2024-2025,CS106,4,6.9
24520202,19,Hoang Ngoc Hieu,19/04/2006,1,HK1 2024-2025,IT002,4,6.3
24520202,19,Hoang Ngoc Hieu,19/04/2006,1,HK1 2024-2025,IT003,4,6.6
24520202,19,Hoang Ngoc Hieu,19/04/2006,1,HK1 2024-2025,IS201,3,5.2
24520202,19,Hoang Ngoc Hieu,19/04/2006,1,HK1 2024-2025,SE104,3,10.0
24520202,19,Hoang Ngoc Hieu,19/04/2006,1,HK1 2024-2025,IT001,4,5.4
24520202,19,Hoang Ngoc Hieu,19/04/2006,1,HK1 2024-2025,PE001,1,5.7
24520202,19,Hoang Ngoc Hieu,19/04/2006,2,HK2 2024-2025,IT004,4,6.9
24520202,19,Hoang Ngoc Hieu,19/04/2006,2,HK2 2024-2025,CS106,4,5.3
24520202,19,Hoang Ngoc Hieu,19/04/2006,2,HK2 2024-2025,CE118,3,7.7
24520202,19,Hoang Ngoc Hieu,19/04/2006,2,HK2 2024-2025,PE001,1,7.5
24520202,19,Hoang Ngoc Hieu,19/04/2006,2,HK2 2024-2025,SE104,3,7.9
24520202,19,Hoang Ngoc Hieu,19/04/2006,2,HK2 2024-2025,EN001,2,9.5
24520202,19,Hoang Ngoc Hieu,19/04/2006,3,HK3 2024-2025,IT003,4,6.6
24520202,19,Hoang Ngoc Hieu,19/04/2006,3,HK3 2024-2025,IT004,4,9.4
24520202,19,Hoang Ngoc Hieu,19/04/2006,3,HK3 2024-2025,MA003,3,8.1
24520202,19,Hoang Ngoc Hieu,19/04/2006,3,HK3 2024-2025,SS001,2,5.4
24520202,19,Hoang Ngoc Hieu,19/04/2006,3,HK3 2024-2025,MA005,3,9.4
24520202,19,Hoang Ngoc Hieu,19/04/2006,3,HK3 2024-2025,IT001,4,5.7
24520202,19,Hoang Ngoc Hieu,19/04/2006,3,HK3 2024-2025,SE104,3,8.2
24520202,19,Hoang Ngoc Hieu,19/04/2006,3,HK3 2024-2025,IT002,4,7.0
24520203,19,Vu Van Chau,26/06/2006,1,HK1 2024-2025,EN001,2,5.1
24520203,19,Vu Van Chau,26/06/2006,1,HK1 2024-2025,SS001,2,6.7
24520203,19,Vu Van Chau,26/06/2006,1,HK1 2024-2025,SS002,2,10.0
24520203,19,Vu Van Chau,26/06/2006,1,HK1 2024-2025,IT001,4,8.8
24520203,19,Vu Van Chau,26/06/2006,1,HK1 2024-2025,CS106,4,7.7
24520203,19,Vu Van Chau,26/06/2006,1,HK1 2024-2025,CE118,3,8.7
24520203,19,Vu Van Chau,26/06/2006,1,HK1 2024-2025,MA004,3,8.1
24520203,19,Vu Van Chau,26/06/2006,1,HK1 2024-2025,MA003,3,9.0
24520203,19,Vu Van Chau,26/06/2006,2,HK2 2024-2025,IT001,4,7.6
24520203,19,Vu Van Chau,26/06/2006,2,HK2 2024-2025,PE001,1,9.0
24520203,19,Vu Van Chau,26/06/2006,2,HK2 2024-2025,CE118,3,5.4
24520203,19,Vu Van Chau,26/06/2006,2,HK2 2024-2025,MA005,3,7.4
24520203,19,Vu Van Chau,26/06/2006,2,HK2 2024-2025,MA004,3,6.6
24520203,19,Vu Van Chau,26/06/2006,2,HK2 2024-2025,SS001,2,5.2
24520203,19,Vu Van Chau,26/06/2006,2,HK2 2024-2025,IS201,3,5.5
24520203,19,Vu Van Chau,26/06/2006,3,HK3 2024-2025,MA003,3,5.5
24520203,19,Vu Van Chau,26/06/2006,3,HK3 2024-2025,EN001,2,6.6
24520203,19,Vu Van Chau,26/06/2006,3,HK3 2024-2025,PE001,1,7.5
24520203,19,Vu Van Chau,26/06/2006,3,HK3 2024-2025,IT004,4,6.5
24520203,19,Vu Van Chau,26/06/2006,3,HK3 2024-2025,SS001,2,5.0
24520203,19,Vu Van Chau,26/06/2006,3,HK3 2024-2025,IT002,4,9.7
24520204,19,Vu Thi Linh,13/03/2006,1,HK1 2024-2025,IT001,4,7.3
24520204,19,Vu Thi Linh,13/03/2006,1,HK1 2024-2025,IT004,4,9.5
24520204,19,Vu Thi Linh,13/03/2006,1,HK1 2024-2025,EN001,2,7.1
24520204,19,Vu Thi Linh,13/03/2006,1,HK1 2024-2025,IT002,4,8.2
24520204,19,Vu Thi Linh,13/03/2006,1,HK1 2024-2025,MA003,3,9.4
24520204,19,Vu Thi Linh,13/03/2006,1,HK1 2024-2025,SS002,2,7.7
24520204,19,Vu Thi Linh,13/03/2006,1,HK1 2024-2025,IT003,4,6.7
24520204,19,Vu Thi Linh,13/03/2006,2,HK2 2024-2025,CE118,3,5.7
24520204,19,Vu Thi Linh,13/03/2006,2,HK2 2024-2025,IT004,4,8.3
24520204,19,Vu Thi Linh,13/03/2006,2,HK2 2024-2025,EN001,2,7.1
24520204,19,Vu Thi Linh,13/03/2006,2,HK2 2024-2025,SS002,2,5.4
24520204,19,Vu Thi Linh,13/03/2006,2,HK2 2024-2025,IT002,4,6.1
24520204,19,Vu Thi Linh,13/03/2006,2,HK2 2024-2025,SS001,2,5.6
24520204,19,Vu Thi Linh,13/03/2006,2,HK2 2024-2025,IT001,4,6.2
24520204,19,Vu Thi Linh,13/03/2006,2,HK2 2024-2025,MA004,3,6.3
24520204,19,Vu Thi Linh,13/03/2006,3,HK3 2024-2025,IT002,4,8.5
24520204,19,Vu Thi Linh,13/03/2006,3,HK3 2024-2025,CE118,3,6.4
24520204,19,Vu Thi Linh,13/03/2006,3,HK3 2024-2025,IT001,4,7.1
24520204,19,Vu Thi Linh,13/03/2006,3,HK3 2024-2025,MA004,3,5.1
24520204,19,Vu Thi Linh,13/03/2006,3,HK3 2024-2025,SS002,2,8.0
24520204,19,Vu Thi Linh,13/03/2006,3,HK3 2024-2025,CS106,4,7.7
24520204,19,Vu Thi Linh,13/03/2006,3,HK3 2024-2025,SS001,2,9.1
24520204,19,Vu Thi Linh,13/03/2006,3,HK3 2024-2025,MA005,3,6.7
24520205,19,Nguyen Xuan Khoa,11/01/2006,1,HK1 2024-2025,IT004,4,7.0
24520205,19,Nguyen Xuan Khoa,11/01/2006,1,HK1 2024-2025,PE001,1,6.8
24520205,19,Nguyen Xuan Khoa,11/01/2006,1,HK1 2024-2025,IT001,4,8.1
24520205,19,Nguyen Xuan Khoa,11/01/2006,1,HK1 2024-2025,SS001,2,8.1
24520205,19,Nguyen Xuan Khoa,11/01/2006,1,HK1 2024-2025,MA003,3,6.7
24520205,19,Nguyen Xuan Khoa,11/01/2006,1,HK1 2024-2025,IS201,3,8.1
24520205,19,Nguyen Xuan Khoa,11/01/2006,1,HK1 2024-2025,CE118,3,6.7
24520205,19,Nguyen Xuan Khoa,11/01/2006,2,HK2 2024-2025,MA004,3,7.2
24520205,19,Nguyen Xuan Khoa,11/01/2006,2,HK2 2024-2025,IS201,3,9.2
24520205,19,Nguyen Xuan Khoa,11/01/2006,2,HK2 2024-2025,CS106,4,9.9
24520205,19,Nguyen Xuan Khoa,11/01/2006,2,HK2 2024-2025,PE001,1,9.5
24520205,19,Nguyen Xuan Khoa,11/01/2006,2,HK2 2024-2025,IT004,4,8.5
24520205,19,Nguyen Xuan Khoa,11/01/2006,2,HK2 2024-2025,EN001,2,5.7
24520205,19,Nguyen Xuan Khoa,11/01/2006,3,HK3 2024-2025,MA005,3,8.4
24520205,19,Nguyen Xuan Khoa,11/01/2006,3,HK3 2024-2025,CS106,4,5.9
24520205,19,Nguyen Xuan Khoa,11/01/2006,3,HK3 2024-2025,IT001,4,7.6
24520205,19,Nguyen Xuan Khoa,11/01/2006,3,HK3 2024-2025,SS002,2,6.0
24520205,19,Nguyen Xuan Khoa,11/01/2006,3,HK3 2024-2025,MA004,3,5.7
24520205,19,Nguyen Xuan Khoa,11/01/2006,3,HK3 2024-2025,MA003,3,7.8
24520205,19,Nguyen Xuan Khoa,11/01/2006,3,HK3 2024-2025,EN001,2,7.7
24520205,19,Nguyen Xuan Khoa,11/01/2006,3,HK3 2024-2025,IT003,4,8.8
24520206,19,Do Van Khoa,26/10/2006,1,HK1 2024-2025,SS002,2,5.2
24520206,19,Do Van Khoa,26/10/2006,1,HK1 2024-2025,IT002,4,6.3
24520206,19,Do Van Khoa,26/10/2006,1,HK1 2024-2025,SS001,2,6.8
24520206,19,Do Van Khoa,26/10/2006,1,HK1 2024-2025,IT001,4,5.2
24520206,19,Do Van Khoa,26/10/2006,1,HK1 2024-2025,CE118,3,8.1
24520206,19,Do Van Khoa,26/10/2006,1,HK1 2024-2025,IS201,3,9.8
24520206,19,Do Van Khoa,26/10/2006,1,HK1 2024-2025,IT004,4,9.7
24520206,19,Do Van Khoa,26/10/2006,2,HK2 2024-2025,EN001,2,7.8
24520206,19,Do Van Khoa,26/10/2006,2,HK2 2024-2025,SE104,3,5.0
24520206,19,Do Van Khoa,26/10/2006,2,HK2 2024-2025,IT002,4,6.8
24520206,19,Do Van Khoa,26/10/2006,2,HK2 2024-2025,SS001,2,7.7
24520206,19,Do Van Khoa,26/10/2006,2,HK2 2024-2025,CS106,4,7.0
24520206,19,Do Van Khoa,26/10/2006,2,HK2 2024-2025,IS201,3,6.9
24520206,19,Do Van Khoa,26/10/2006,3,HK3 2024-2025,CS106,4,8.2
24520206,19,Do Van Khoa,26/10/2006,3,HK3 2024-2025,IT001,4,5.3
24520206,19,Do Van Khoa,26/10/2006,3,HK3 2024-2025,SS001,2,5.0
24520206,19,Do Van Khoa,26/10/2006,3,HK3 2024-2025,CE118,3,6.3
24520206,19,Do Van Khoa,26/10/2006,3,HK3 2024-2025,PE001,1,6.3
24520206,19,Do Van Khoa,26/10/2006,3,HK3 2024-2025,IT002,4,8.8
24520206,19,Do Van Khoa,26/10/2006,3,HK3 2024-2025,IT003,4,9.4
24520206,19,Do Van Khoa,26/10/2006,3,HK3 2024-2025,SS002,2,6.2
24520207,19,Tran Gia Yen,14/11/2006,1,HK1 2024-2025,IT003,4,7.7
24520207,19,Tran Gia Yen,14/11/2006,1,HK1 2024-2025,SS002,2,6.1
24520207,19,Tran Gia Yen,14/11/2006,1,HK1 2024-2025,IT001,4,5.6
24520207,19,Tran Gia Yen,14/11/2006,1,HK1 2024-2025,CE118,3,7.0
24520207,19,Tran Gia Yen,14/11/2006,1,HK1 2024-2025,IT002,4,5.6
24520207,19,Tran Gia Yen,14/11/2006,1,HK1 2024-2025,MA005,3,8.1
24520207,19,Tran Gia Yen,14/11/2006,2,HK2 2024-2025,MA003,3,9.7
24520207,19,Tran Gia Yen,14/11/2006,2,HK2 2024-2025,CS106,4,7.1
24520207,19,Tran Gia Yen,14/11/2006,2,HK2 2024-2025,MA004,3,7.8
24520207,19,Tran Gia Yen,14/11/2006,2,HK2 2024-2025,MA005,3,5.5
24520207,19,Tran Gia Yen,14/11/2006,2,HK2 2024-2025,PE001,1,10.0
24520207,19,Tran Gia Yen,14/11/2006,2,HK2 2024-2025,IT001,4,5.9
24520207,19,Tran Gia Yen,14/11/2006,2,HK2 2024-2025,SE104,3,9.1
24520207,19,Tran Gia Yen,14/11/2006,3,HK3 2024-2025,IT001,4,9.7
24520207,19,Tran Gia Yen,14/11/2006,3,HK3 2024-2025,MA004,3,5.4
24520207,19,Tran Gia Yen,14/11/2006,3,HK3 2024-2025,IT004,4,6.0
24520207,19,Tran Gia Yen,14/11/2006,3,HK3 2024-2025,SE104,3,6.4
24520207,19,Tran Gia Yen,14/11/2006,3,HK3 2024-2025,SS002,2,8.4
24520207,19,Tran Gia Yen,14/11/2006,3,HK3 2024-2025,MA005,3,5.6
24520207,19,Tran Gia Yen,14/11/2006,3,HK3 2024-2025,CE118,3,9.7
24520208,19,Vu Minh An,12/03/2006,1,HK1 2024-2025,MA005,3,7.2
24520208,19,Vu Minh An,12/03/2006,1,HK1 2024-2025,CS106,4,6.2
24520208,19,Vu Minh An,12/03/2006,1,HK1 2024-2025,IT002,4,5.3
24520208,19,Vu Minh An,12/03/2006,1,HK1 2024-2025,EN001,2,5.4
24520208,19,Vu Minh An,12/03/2006,1,HK1 2024-2025,SS001,2,6.8
24520208,19,Vu Minh An,12/03/2006,1,HK1 2024-2025,IT004,4,7.5
24520208,19,Vu Minh An,12/03/2006,1,HK1 2024-2025,IS201,3,8.6
24520208,19,Vu Minh An,12/03/2006,1,HK1 2024-2025,CE118,3,7.1
24520208,19,Vu Minh An,12/03/2006,2,HK2 2024-2025,IT002,4,5.3
24520208,19,Vu Minh An,12/03/2006,2,HK2 2024-2025,IT001,4,9.6
24520208,19,Vu Minh An,12/03/2006,2,HK2 2024-2025,SE104,3,5.3
24520208,19,Vu Minh An,12/03/2006,2,HK2 2024-2025,MA005,3,6.2
24520208,19,Vu Minh An,12/03/2006,2,HK2 2024-2025,EN001,2,7.4
24520208,19,Vu Minh An,12/03/2006,2,HK2 2024-2025,IS201,3,9.0
24520208,19,Vu Minh An,12/03/2006,2,HK2 2024-2025,IT004,4,9.0
24520208,19,Vu Minh An,12/03/2006,3,HK3 2024-2025,PE001,1,7.4
24520208,19,Vu Minh An,12/03/2006,3,HK3 2024-2025,MA003,3,9.5
24520208,19,Vu Minh An,12/03/2006,3,HK3 2024-2025,SS001,2,5.8
24520208,19,Vu Minh An,12/03/2006,3,HK3 2024-2025,IT003,4,8.7
24520208,19,Vu Minh An,12/03/2006,3,HK3 2024-2025,MA004,3,7.3
24520208,19,Vu Minh An,12/03/2006,3,HK3 2024-2025,IT004,4,5.3
24520209,19,Vu Hoai Yen,16/04/2006,1,HK1 2024-2025,IT002,4,6.8
24520209,19,Vu Hoai Yen,16/04/2006,1,HK1 2024-2025,MA003,3,6.5
24520209,19,Vu Hoai Yen,16/04/2006,1,HK1 2024-2025,MA004,3,6.7
24520209,19,Vu Hoai Yen,16/04/2006,1,HK1 2024-2025,CE118,3,7.9
24520209,19,Vu Hoai Yen,16/04/2006,1,HK1 2024-2025,SS001,2,9.9
24520209,19,Vu Hoai Yen,16/04/2006,1,HK1 2024-2025,SE104,3,8.1
24520209,19,Vu Hoai Yen,16/04/2006,1,HK1 2024-2025,IT001,4,6.7
24520209,19,Vu Hoai Yen,16/04/2006,1,HK1 2024-2025,IT004,4,9.3
24520209,19,Vu Hoai Yen,16/04/2006,2,HK2 2024-2025,SS002,2,7.8
24520209,19,Vu Hoai Yen,16/04/2006,2,HK2 2024-2025,MA004,3,8.0
24520209,19,Vu Hoai Yen,16/04/2006,2,HK2 2024-2025,IT001,4,9.5
24520209,19,Vu Hoai Yen,16/04/2006,2,HK2 2024-2025,CS106,4,7.9
24520209,19,Vu Hoai Yen,16/04/2006,2,HK2 2024-2025,MA005,3,7.6
24520209,19,Vu Hoai Yen,16/04/2006,2,HK2 2024-2025,IT004,4,7.4
24520209,19,Vu Hoai Yen,16/04/2006,2,HK2 2024-2025,IS201,3,7.8
24520209,19,Vu Hoai Yen,16/04/2006,2,HK2 2024-2025,IT002,4,5.2
24520209,19,Vu Hoai Yen,16/04/2006,3,HK3 2024-2025,EN001,2,7.2
24520209,19,Vu Hoai Yen,16/04/2006,3,HK3 2024-2025,IT001,4,7.9
24520209,19,Vu Hoai Yen,16/04/2006,3,HK3 2024-2025,PE001,1,6.2
24520209,19,Vu Hoai Yen,16/04/2006,3,HK3 2024-2025,MA003,3,9.7
24520209,19,Vu Hoai Yen,16/04/2006,3,HK3 2024-2025,IT004,4,5.9
24520209,19,Vu Hoai Yen,16/04/2006,3,HK3 2024-2025,SE104,3,5.7
24520210,19,Huynh Quang Nam,19/01/2006,1,HK1 2024-2025,IT004,4,7.8
24520210,19,Huynh Quang Nam,19/01/2006,1,HK1 2024-2025,IS201,3,9.5
24520210,19,Huynh Quang Nam,19/01/2006,1,HK1 2024-2025,SE104,3,8.4
24520210,19,Huynh Quang Nam,19/01/2006,1,HK1 2024-2025,PE001,1,9.6
24520210,19,Huynh Quang Nam,19/01/2006,1,HK1 2024-2025,MA004,3,9.5
24520210,19,Huynh Quang Nam,19/01/2006,1,HK1 2024-2025,SS002,2,5.6
24520210,19,Huynh Quang Nam,19/01/2006,2,HK2 2024-2025,MA005,3,9.3
24520210,19,Huynh Quang Nam,19/01/2006,2,HK2 2024-2025,IT002,4,5.0
24520210,19,Huynh Quang Nam,19/01/2006,2,HK2 2024-2025,SS001,2,6.2
24520210,19,Huynh Quang Nam,19/01/2006,2,HK2 2024-2025,IT004,4,8.0
24520210,19,Huynh Quang Nam,19/01/2006,2,HK2 2024-2025,SE104,3,9.2
24520210,19,Huynh Quang Nam,19/01/2006,2,HK2 2024-2025,CE118,3,5.0
24520210,19,Huynh Quang Nam,19/01/2006,3,HK3 2024-2025,MA004,3,9.2
24520210,19,Huynh Quang Nam,19/01/2006,3,HK3 2024-2025,IT002,4,5.5
24520210,19,Huynh Quang Nam,19/01/2006,3,HK3 2024-2025,IT004,4,7.5
24520210,19,Huynh Quang Nam,19/01/2006,3,HK3 2024-2025,CS106,4,6.2
24520210,19,Huynh Quang Nam,19/01/2006,3,HK3 2024-2025,MA005,3,9.1
24520210,19,Huynh Quang Nam,19/01/2006,3,HK3 2024-2025,PE001,1,5.9
24520210,19,Huynh Quang Nam,19/01/2006,3,HK3 2024-2025,MA003,3,8.6
24520210,19,Huynh Quang Nam,19/01/2006,3,HK3 2024-2025,SS002,2,5.5
24520211,19,Huynh Ngoc Nam,24/11/2006,1,HK1 2024-2025,EN001,2,7.8
24520211,19,Huynh Ngoc Nam,24/11/2006,1,HK1 2024-2025,PE001,1,7.2
24520211,19,Huynh Ngoc Nam,24/11/2006,1,HK1 2024-2025,IS201,3,5.8
24520211,19,Huynh Ngoc Nam,24/11/2006,1,HK1 2024-2025,MA005,3,8.0
24520211,19,Huynh Ngoc Nam,24/11/2006,1,HK1 2024-2025,CS106,4,9.8
24520211,19,Huynh Ngoc Nam,24/11/2006,1,HK1 2024-2025,MA003,3,8.0
24520211,19,Huynh Ngoc Nam,24/11/2006,1,HK1 2024-2025,MA004,3,7.3
24520211,19,Huynh Ngoc Nam,24/11/2006,2,HK2 2024-2025,SS002,2,6.2
24520211,19,Huynh Ngoc Nam,24/11/2006,2,HK2 2024-2025,IT001,4,5.6
24520211,19,Huynh Ngoc Nam,24/11/2006,2,HK2 2024-2025,CE118,3,7.8
24520211,19,Huynh Ngoc Nam,24/11/2006,2,HK2 2024-2025,IT003,4,5.6
24520211,19,Huynh Ngoc Nam,24/11/2006,2,HK2 2024-2025,SS001,2,8.8
24520211,19,Huynh Ngoc Nam,24/11/2006,2,HK2 2024-2025,IT002,4,9.7
24520211,19,Huynh Ngoc Nam,24/11/2006,3,HK3 2024-2025,MA003,3,5.2
24520211,19,Huynh Ngoc Nam,24/11/2006,3,HK3 2024-2025,CS106,4,5.3
24520211,19,Huynh Ngoc Nam,24/11/2006,3,HK3 2024-2025,IS201,3,5.9
24520211,19,Huynh Ngoc Nam,24/11/2006,3,HK3 2024-2025,IT003,4,6.2
24520211,19,Huynh Ngoc Nam,24/11/2006,3,HK3 2024-2025,IT002,4,9.6
24520211,19,Huynh Ngoc Nam,24/11/2006,3,HK3 2024-2025,CE118,3,7.5
24520211,19,Huynh Ngoc Nam,24/11/2006,3,HK3 2024-2025,MA005,3,5.5
24520211,19,Huynh Ngoc Nam,24/11/2006,3,HK3 2024-2025,IT001,4,6.4
24520212,19,Bui Huu Linh,26/09/2006,1,HK1 2024-2025,PE001,1,7.2
24520212,19,Bui Huu Linh,26/09/2006,1,HK1 2024-2025,SE104,3,6.8
24520212,19,Bui Huu Linh,26/09/2006,1,HK1 2024-2025,SS001,2,6.5
24520212,19,Bui Huu Linh,26/09/2006,1,HK1 2024-2025,EN001,2,6.4
24520212,19,Bui Huu Linh,26/09/2006,1,HK1 2024-2025,IT002,4,9.6
24520212,19,Bui Huu Linh,26/09/2006,1,HK1 2024-2025,MA004,3,7.1
24520212,19,Bui Huu Linh,26/09/2006,1,HK1 2024-2025,CS106,4,7.3
24520212,19,Bui Huu Linh,26/09/2006,2,HK2 2024-2025,SS001,2,8.9
24520212,19,Bui Huu Linh,26/09/2006,2,HK2 2024-2025,IT003,4,5.9
24520212,19,Bui Huu Linh,26/09/2006,2,HK2 2024-2025,SE104,3,5.6
24520212,19,Bui Huu Linh,26/09/2006,2,HK2 2024-2025,IS201,3,8.4
24520212,19,Bui Huu Linh,26/09/2006,2,HK2 2024-2025,MA004,3,5.5
24520212,19,Bui Huu Linh,26/09/2006,2,HK2 2024-2025,IT002,4,5.0
24520212,19,Bui Huu Linh,26/09/2006,2,HK2 2024-2025,IT004,4,9.6
24520212,19,Bui Huu Linh,26/09/2006,3,HK3 2024-2025,IS201,3,7.6
24520212,19,Bui Huu Linh,26/09/2006,3,HK3 2024-2025,MA003,3,6.5
24520212,19,Bui Huu Linh,26/09/2006,3,HK3 2024-2025,SS001,2,9.7
24520212,19,Bui Huu Linh,26/09/2006,3,HK3 2024-2025,SS002,2,5.8
24520212,19,Bui Huu Linh,26/09/2006,3,HK3 2024-2025,CE118,3,6.6
24520212,19,Bui Huu Linh,26/09/2006,3,HK3 2024-2025,SE104,3,7.4
24520213,19,Huynh Thi Binh,08/04/2006,1,HK1 2024-2025,IT004,4,7.3
24520213,19,Huynh Thi Binh,08/04/2006,1,HK1 2024-2025,SS001,2,6.0
24520213,19,Huynh Thi Binh,08/04/2006,1,HK1 2024-2025,MA005,3,6.7
24520213,19,Huynh Thi Binh,08/04/2006,1,HK1 2024-2025,MA003,3,8.0
24520213,19,Huynh Thi Binh,08/04/2006,1,HK1 2024-2025,PE001,1,8.8
24520213,19,Huynh Thi Binh,08/04/2006,1,HK1 2024-2025,IT001,4,7.5
24520213,19,Huynh Thi Binh,08/04/2006,1,HK1 2024-2025,SS002,2,8.2
24520213,19,Huynh Thi Binh,08/04/2006,1,HK1 2024-2025,IT003,4,9.7
24520213,19,Huynh Thi Binh,08/04/2006,2,HK2 2024-2025,CS106,4,7.7
24520213,19,Huynh Thi Binh,08/04/2006,2,HK2 2024-2025,IT002,4,6.9
24520213,19,Huynh Thi Binh,08/04/2006,2,HK2 2024-2025,IS201,3,5.2
24520213,19,Huynh Thi Binh,08/04/2006,2,HK2 2024-2025,MA004,3,5.1
24520213,19,Huynh Thi Binh,08/04/2006,2,HK2 2024-2025,SE104,3,7.0
24520213,19,Huynh Thi Binh,08/04/2006,2,HK2 2024-2025,MA005,3,9.2
24520213,19,Huynh Thi Binh,08/04/2006,2,HK2 2024-2025,MA003,3,5.2
24520213,19,Huynh Thi Binh,08/04/2006,3,HK3 2024-2025,SE104,3,8.6
24520213,19,Huynh Thi Binh,08/04/2006,3,HK3 2024-2025,CE118,3,9.2
24520213,19,Huynh Thi Binh,08/04/2006,3,HK3 2024-2025,PE001,1,8.1
24520213,19,Huynh Thi Binh,08/04/2006,3,HK3 2024-2025,SS002,2,6.7
24520213,19,Huynh Thi Binh,08/04/2006,3,HK3 2024-2025,IT002,4,6.7
24520213,19,Huynh Thi Binh,08/04/2006,3,HK3 2024-2025,CS106,4,8.5
24520213,19,Huynh Thi Binh,08/04/2006,3,HK3 2024-2025,MA003,3,7.0
24520213,19,Huynh Thi Binh,08/04/2006,3,HK3 2024-2025,IT001,4,6.0
24520214,19,Huynh Van An,17/06/2006,1,HK1 2024-2025,MA004,3,7.0
24520214,19,Huynh Van An,17/06/2006,1,HK1 2024-2025,IT003,4,7.3
24520214,19,Huynh Van An,17/06/2006,1,HK1 2024-2025,SS002,2,6.3
24520214,19,Huynh Van An,17/06/2006,1,HK1 2024-2025,IS201,3,9.3
24520214,19,Huynh Van An,17/06/2006,1,HK1 2024-2025,PE001,1,6.5
24520214,19,Huynh Van An,17/06/2006,1,HK1 2024-2025,IT002,4,6.8
24520214,19,Huynh Van An,17/06/2006,1,HK1 2024-2025,CE118,3,7.5
24520214,19,Huynh Van An,17/06/2006,2,HK2 2024-2025,IT001,4,6.6
24520214,19,Huynh Van An,17/06/2006,2,HK2 2024-2025,IT004,4,9.6
24520214,19,Huynh Van An,17/06/2006,2,HK2 2024-2025,IS201,3,6.8
24520214,19,Huynh Van An,17/06/2006,2,HK2 2024-2025,MA003,3,9.2
24520214,19,Huynh Van An,17/06/2006,2,HK2 2024-2025,MA004,3,8.9
24520214,19,Huynh Van An,17/06/2006,2,HK2 2024-2025,CS106,4,9.1
24520214,19,Huynh Van An,17/06/2006,3,HK3 2024-2025,MA003,3,5.5
24520214,19,Huynh Van An,17/06/2006,3,HK3 2024-2025,IT004,4,5.4
24520214,19,Huynh Van An,17/06/2006,3,HK3 2024-2025,IT003,4,8.8
24520214,19,Huynh Van An,17/06/2006,3,HK3 2024-2025,MA004,3,6.8
24520214,19,Huynh Van An,17/06/2006,3,HK3 2024-2025,PE001,1,7.9
24520214,19,Huynh Van An,17/06/2006,3,HK3 2024-2025,EN001,2,7.1
24520215,19,Hoang Thi Trang,25/02/2006,1,HK1 2024-2025,IT004,4,7.0
24520215,19,Hoang Thi Trang,25/02/2006,1,HK1 2024-2025,IT001,4,6.0
24520215,19,Hoang Thi Trang,25/02/2006,1,HK1 2024-2025,SS002,2,8.9
24520215,19,Hoang Thi Trang,25/02/2006,1,HK1 2024-2025,MA003,3,7.7
24520215,19,Hoang Thi Trang,25/02/2006,1,HK1 2024-2025,CE118,3,5.0
24520215,19,Hoang Thi Trang,25/02/2006,1,HK1 2024-2025,PE001,1,9.5
24520215,19,Hoang Thi Trang,25/02/2006,1,HK1 2024-2025,EN001,2,6.5
24520215,19,Hoang Thi Trang,25/02/2006,2,HK2 2024-2025,CS106,4,6.4
24520215,19,Hoang Thi Trang,25/02/2006,2,HK2 2024-2025,IT003,4,7.2
24520215,19,Hoang Thi Trang,25/02/2006,2,HK2 2024-2025,SE104,3,8.8
24520215,19,Hoang Thi Trang,25/02/2006,2,HK2 2024-2025,IT002,4,7.0
24520215,19,Hoang Thi Trang,25/02/2006,2,HK2 2024-2025,PE001,1,9.4
24520215,19,Hoang Thi Trang,25/02/2006,2,HK2 2024-2025,IT004,4,6.2
24520215,19,Hoang Thi Trang,25/02/2006,2,HK2 2024-2025,MA005,3,9.7
24520215,19,Hoang Thi Trang,25/02/2006,3,HK3 2024-2025,IT003,4,9.2
24520215,19,Hoang Thi Trang,25/02/2006,3,HK3 2024-2025,CS106,4,9.9
24520215,19,Hoang Thi Trang,25/02/2006,3,HK3 2024-2025,SS001,2,7.9
24520215,19,Hoang Thi Trang,25/02/2006,3,HK3 2024-2025,PE001,1,7.4
24520215,19,Hoang Thi Trang,25/02/2006,3,HK3 2024-2025,IT004,4,5.9
24520215,19,Hoang Thi Trang,25/02/2006,3,HK3 2024-2025,SE104,3,9.8
24520216,19,Vu Huu Quan,27/04/2006,1,HK1 2024-2025,IT001,4,8.4
24520216,19,Vu Huu Quan,27/04/2006,1,HK1 2024-2025,CE118,3,6.1
24520216,19,Vu Huu Quan,27/04/2006,1,HK1 2024-2025,IT003,4,10.0
24520216,19,Vu Huu Quan,27/04/2006,1,HK1 2024-2025,PE001,1,7.5
24520216,19,Vu Huu Quan,27/04/2006,1,HK1 2024-2025,SE104,3,6.2
24520216,19,Vu Huu Quan,27/04/2006,1,HK1 2024-2025,IT004,4,8.0
24520216,19,Vu Huu Quan,27/04/2006,1,HK1 2024-2025,MA005,3,9.2
24520216,19,Vu Huu Quan,27/04/2006,1,HK1 2024-2025,MA003,3,5.2
24520216,19,Vu Huu Quan,27/04/2006,2,HK2 2024-2025,CS106,4,8.4
24520216,19,Vu Huu Quan,27/04/2006,2,HK2 2024-2025,EN001,2,8.5
24520216,19,Vu Huu Quan,27/04/2006,2,HK2 2024-2025,MA003,3,8.7
24520216,19,Vu Huu Quan,27/04/2006,2,HK2 2024-2025,IT004,4,9.0
24520216,19,Vu Huu Quan,27/04/2006,2,HK2 2024-2025,PE001,1,8.3
24520216,19,Vu Huu Quan,27/04/2006,2,HK2 2024-2025,MA005,3,7.0
24520216,19,Vu Huu Quan,27/04/2006,3,HK3 2024-2025,CS106,4,8.5
24520216,19,Vu Huu Quan,27/04/2006,3,HK3 2024-2025,CE118,3,8.4
24520216,19,Vu Huu Quan,27/04/2006,3,HK3 2024-2025,IT004,4,5.5
24520216,19,Vu Huu Quan,27/04/2006,3,HK3 2024-2025,MA004,3,7.5
24520216,19,Vu Huu Quan,27/04/2006,3,HK3 2024-2025,PE001,1,6.2
24520216,19,Vu Huu Quan,27/04/2006,3,HK3 2024-2025,IS201,3,9.2
24520216,19,Vu Huu Quan,27/04/2006,3,HK3 2024-2025,IT001,4,7.7
24520217,19,Do Minh Mai,05/06/2006,1,HK1 2024-2025,MA005,3,8.9
24520217,19,Do Minh Mai,05/06/2006,1,HK1 2024-2025,SS001,2,7.0
24520217,19,Do Minh Mai,05/06/2006,1,HK1 2024-2025,IT001,4,6.0
24520217,19,Do Minh Mai,05/06/2006,1,HK1 2024-2025,MA004,3,8.4
24520217,19,Do Minh Mai,05/06/2006,1,HK1 2024-2025,IS201,3,8.0
24520217,19,Do Minh Mai,05/06/2006,1,HK1 2024-2025,CS106,4,7.0
24520217,19,Do Minh Mai,05/06/2006,2,HK2 2024-2025,EN001,2,9.2
24520217,19,Do Minh Mai,05/06/2006,2,HK2 2024-2025,CS106,4,8.4
24520217,19,Do Minh Mai,05/06/2006,2,HK2 2024-2025,MA005,3,7.9
24520217,19,Do Minh Mai,05/06/2006,2,HK2 2024-2025,IS201,3,9.6
24520217,19,Do Minh Mai,05/06/2006,2,HK2 2024-2025,SS001,2,8.8
24520217,19,Do Minh Mai,05/06/2006,2,HK2 2024-2025,PE001,1,5.3
24520217,19,Do Minh Mai,05/06/2006,2,HK2 2024-2025,IT003,4,8.7
24520217,19,Do Minh Mai,05/06/2006,3,HK3 2024-2025,IS201,3,8.3
24520217,19,Do Minh Mai,05/06/2006,3,HK3 2024-2025,CE118,3,10.0
24520217,19,Do Minh Mai,05/06/2006,3,HK3 2024-2025,IT004,4,6.3
24520217,19,Do Minh Mai,05/06/2006,3,HK3 2024-2025,SE104,3,6.0
24520217,19,Do Minh Mai,05/06/2006,3,HK3 2024-2025,EN001,2,8.1
24520217,19,Do Minh Mai,05/06/2006,3,HK3 2024-2025,IT003,4,7.8
24520218,19,Bui Xuan An,19/09/2006,1,HK1 2024-2025,SS002,2,5.6
24520218,19,Bui Xuan An,19/09/2006,1,HK1 2024-2025,MA005,3,6.8
24520218,19,Bui Xuan An,19/09/2006,1,HK1 2024-2025,MA003,3,8.5
24520218,19,Bui Xuan An,19/09/2006,1,HK1 2024-2025,IT002,4,10.0
24520218,19,Bui Xuan An,19/09/2006,1,HK1 2024-2025,MA004,3,5.4
24520218,19,Bui Xuan An,19/09/2006,1,HK1 2024-2025,EN001,2,7.9
24520218,19,Bui Xuan An,19/09/2006,2,HK2 2024-2025,IS201,3,5.9
24520218,19,Bui Xuan An,19/09/2006,2,HK2 2024-2025,IT004,4,8.6
24520218,19,Bui Xuan An,19/09/2006,2,HK2 2024-2025,PE001,1,6.5
24520218,19,Bui Xuan An,19/09/2006,2,HK2 2024-2025,MA004,3,8.3
24520218,19,Bui Xuan An,19/09/2006,2,HK2 2024-2025,MA005,3,5.2
24520218,19,Bui Xuan An,19/09/2006,2,HK2 2024-2025,CE118,3,5.8
24520218,19,Bui Xuan An,19/09/2006,2,HK2 2024-2025,IT003,4,8.3
24520218,19,Bui Xuan An,19/09/2006,2,HK2 2024-2025,IT001,4,5.6
24520218,19,Bui Xuan An,19/09/2006,3,HK3 2024-2025,SS002,2,5.5
24520218,19,Bui Xuan An,19/09/2006,3,HK3 2024-2025,SE104,3,10.0
24520218,19,Bui Xuan An,19/09/2006,3,HK3 2024-2025,MA003,3,7.9
24520218,19,Bui Xuan An,19/09/2006,3,HK3 2024-2025,IS201,3,7.1
24520218,19,Bui Xuan An,19/09/2006,3,HK3 2024-2025,CE118,3,8.8
24520218,19,Bui Xuan An,19/09/2006,3,HK3 2024-2025,IT002,4,9.1
24520219,19,Do Van Chau,24/04/2006,1,HK1 2024-2025,IT003,4,9.4
24520219,19,Do Van Chau,24/04/2006,1,HK1 2024-2025,SS001,2,7.8
24520219,19,Do Van Chau,24/04/2006,1,HK1 2024-2025,IT002,4,6.6
24520219,19,Do Van Chau,24/04/2006,1,HK1 2024-2025,IT001,4,9.5
24520219,19,Do Van Chau,24/04/2006,1,HK1 2024-2025,EN001,2,9.5
24520219,19,Do Van Chau,24/04/2006,1,HK1 2024-2025,PE001,1,8.8
24520219,19,Do Van Chau,24/04/2006,2,HK2 2024-2025,MA005,3,5.2
24520219,19,Do Van Chau,24/04/2006,2,HK2 2024-2025,IT001,4,9.9
24520219,19,Do Van Chau,24/04/2006,2,HK2 2024-2025,MA003,3,9.2
24520219,19,Do Van Chau,24/04/2006,2,HK2 2024-2025,SE104,3,7.0
24520219,19,Do Van Chau,24/04/2006,2,HK2 2024-2025,CE118,3,6.6
24520219,19,Do Van Chau,24/04/2006,2,HK2 2024-2025,SS002,2,5.2
24520219,19,Do Van Chau,24/04/2006,2,HK2 2024-2025,PE001,1,5.7
24520219,19,Do Van Chau,24/04/2006,2,HK2 2024-2025,IT003,4,9.1
24520219,19,Do Van Chau,24/04/2006,3,HK3 2024-2025,IS201,3,6.1
24520219,19,Do Van Chau,24/04/2006,3,HK3 2024-2025,IT004,4,5.7
24520219,19,Do Van Chau,24/04/2006,3,HK3 2024-2025,EN001,2,6.3
24520219,19,Do Van Chau,24/04/2006,3,HK3 2024-2025,MA004,3,5.6
24520219,19,Do Van Chau,24/04/2006,3,HK3 2024-2025,IT001,4,7.4
24520219,19,Do Van Chau,24/04/2006,3,HK3 2024-2025,IT002,4,8.7
24520220,19,Vu Quang Mai,05/09/2006,1,HK1 2024-2025,MA005,3,8.1
24520220,19,Vu Quang Mai,05/09/2006,1,HK1 2024-2025,CS106,4,5.9
24520220,19,Vu Quang Mai,05/09/2006,1,HK1 2024-2025,IT004,4,9.1
24520220,19,Vu Quang Mai,05/09/2006,1,HK1 2024-2025,IS201,3,5.5
24520220,19,Vu Quang Mai,05/09/2006,1,HK1 2024-2025,IT003,4,5.1
24520220,19,Vu Quang Mai,05/09/2006,1,HK1 2024-2025,MA003,3,10.0
24520220,19,Vu Quang Mai,05/09/2006,2,HK2 2024-2025,MA005,3,8.3
24520220,19,Vu Quang Mai,05/09/2006,2,HK2 2024-2025,SS002,2,7.9
24520220,19,Vu Quang Mai,05/09/2006,2,HK2 2024-2025,EN001,2,6.2
24520220,19,Vu Quang Mai,05/09/2006,2,HK2 2024-2025,IT001,4,10.0
24520220,19,Vu Quang Mai,05/09/2006,2,HK2 2024-2025,IT002,4,5.1
24520220,19,Vu Quang Mai,05/09/2006,2,HK2 2024-2025,SE104,3,7.8
24520220,19,Vu Quang Mai,05/09/2006,3,HK3 2024-2025,IS201,3,7.7
24520220,19,Vu Quang Mai,05/09/2006,3,HK3 2024-2025,MA005,3,5.9
24520220,19,Vu Quang Mai,05/09/2006,3,HK3 2024-2025,IT002,4,8.0
24520220,19,Vu Quang Mai,05/09/2006,3,HK3 2024-2025,SS001,2,9.2
24520220,19,Vu Quang Mai,05/09/2006,3,HK3 2024-2025,CE118,3,5.5
24520220,19,Vu Quang Mai,05/09/2006,3,HK3 2024-2025,IT001,4,8.2
24520220,19,Vu Quang Mai,05/09/2006,3,HK3 2024-2025,MA003,3,6.5
24520221,19,Bui Ngoc An,20/07/2006,1,HK1 2024-2025,MA004,3,7.7
24520221,19,Bui Ngoc An,20/07/2006,1,HK1 2024-2025,IT002,4,5.9
24520221,19,Bui Ngoc An,20/07/2006,1,HK1 2024-2025,MA005,3,7.8
24520221,19,Bui Ngoc An,20/07/2006,1,HK1 2024-2025,IS201,3,7.9
24520221,19,Bui Ngoc An,20/07/2006,1,HK1 2024-2025,IT001,4,9.6
24520221,19,Bui Ngoc An,20/07/2006,1,HK1 2024-2025,PE001,1,8.4
24520221,19,Bui Ngoc An,20/07/2006,1,HK1 2024-2025,IT004,4,6.9
24520221,19,Bui Ngoc An,20/07/2006,1,HK1 2024-2025,CS106,4,6.8
24520221,19,Bui Ngoc An,20/07/2006,2,HK2 2024-2025,IT001,4,9.3
24520221,19,Bui Ngoc An,20/07/2006,2,HK2 2024-2025,IS201,3,7.0
24520221,19,Bui Ngoc An,20/07/2006,2,HK2 2024-2025,MA004,3,7.8
24520221,19,Bui Ngoc An,20/07/2006,2,HK2 2024-2025,IT003,4,6.8
24520221,19,Bui Ngoc An,20/07/2006,2,HK2 2024-2025,SE104,3,8.8
24520221,19,Bui Ngoc An,20/07/2006,2,HK2 2024-2025,IT004,4,9.0
24520221,19,Bui Ngoc An,20/07/2006,2,HK2 2024-2025,MA005,3,6.4
24520221,19,Bui Ngoc An,20/07/2006,3,HK3 2024-2025,CS106,4,5.2
24520221,19,Bui Ngoc An,20/07/2006,3,HK3 2024-2025,CE118,3,7.5
24520221,19,Bui Ngoc An,20/07/2006,3,HK3 2024-2025,IT003,4,7.8
24520221,19,Bui Ngoc An,20/07/2006,3,HK3 2024-2025,IT001,4,6.6
24520221,19,Bui Ngoc An,20/07/2006,3,HK3 2024-2025,SS001,2,5.7
24520221,19,Bui Ngoc An,20/07/2006,3,HK3 2024-2025,IS201,3,8.1
24520222,19,Dang Minh Duy,17/04/2006,1,HK1 2024-2025,IT004,4,6.8
24520222,19,Dang Minh Duy,17/04/2006,1,HK1 2024-2025,CE118,3,5.1
24520222,19,Dang Minh Duy,17/04/2006,1,HK1 2024-2025,MA003,3,6.0
24520222,19,Dang Minh Duy,17/04/2006,1,HK1 2024-2025,EN001,2,9.2
24520222,19,Dang Minh Duy,17/04/2006,1,HK1 2024-2025,MA004,3,6.4
24520222,19,Dang Minh Duy,17/04/2006,1,HK1 2024-2025,IT002,4,6.3
24520222,19,Dang Minh Duy,17/04/2006,1,HK1 2024-2025,SS001,2,9.9
24520222,19,Dang Minh Duy,17/04/2006,1,HK1 2024-2025,IT001,4,9.0
24520222,19,Dang Minh Duy,17/04/2006,2,HK2 2024-2025,CE118,3,8.8
24520222,19,Dang Minh Duy,17/04/2006,2,HK2 2024-2025,CS106,4,9.8
24520222,19,Dang Minh Duy,17/04/2006,2,HK2 2024-2025,PE001,1,6.8
24520222,19,Dang Minh Duy,17/04/2006,2,HK2 2024-2025,IS201,3,5.4
24520222,19,Dang Minh Duy,17/04/2006,2,HK2 2024-2025,MA004,3,7.6
24520222,19,Dang Minh Duy,17/04/2006,2,HK2 2024-2025,IT002,4,6.2
24520222,19,Dang Minh Duy,17/04/2006,2,HK2 2024-2025,IT003,4,5.4
24520222,19,Dang Minh Duy,17/04/2006,3,HK3 2024-2025,MA004,3,7.3
24520222,19,Dang Minh Duy,17/04/2006,3,HK3 2024-2025,IT003,4,6.4
24520222,19,Dang Minh Duy,17/04/2006,3,HK3 2024-2025,PE001,1,6.4
24520222,19,Dang Minh Duy,17/04/2006,3,HK3 2024-2025,SE104,3,7.5
24520222,19,Dang Minh Duy,17/04/2006,3,HK3 2024-2025,CS106,4,5.2
24520222,19,Dang Minh Duy,17/04/2006,3,HK3 2024-2025,IT002,4,6.5
24520222,19,Dang Minh Duy,17/04/2006,3,HK3 2024-2025,SS002,2,7.8
24520222,19,Dang Minh Duy,17/04/2006,3,HK3 2024-2025,EN001,2,6.5
24520223,19,Nguyen Van Quan,13/09/2006,1,HK1 2024-2025,PE001,1,6.4
24520223,19,Nguyen Van Quan,13/09/2006,1,HK1 2024-2025,IT004,4,7.4
24520223,19,Nguyen Van Quan,13/09/2006,1,HK1 2024-2025,MA003,3,6.2
24520223,19,Nguyen Van Quan,13/09/2006,1,HK1 2024-2025,MA004,3,7.6
24520223,19,Nguyen Van Quan,13/09/2006,1,HK1 2024-2025,IT002,4,7.9
24520223,19,Nguyen Van Quan,13/09/2006,1,HK1 2024-2025,IS201,3,9.5
24520223,19,Nguyen Van Quan,13/09/2006,1,HK1 2024-2025,SS001,2,6.0
24520223,19,Nguyen Van Quan,13/09/2006,2,HK2 2024-2025,PE001,1,6.8
24520223,19,Nguyen Van Quan,13/09/2006,2,HK2 2024-2025,IS201,3,9.2
24520223,19,Nguyen Van Quan,13/09/2006,2,HK2 2024-2025,EN001,2,8.3
24520223,19,Nguyen Van Quan,13/09/2006,2,HK2 2024-2025,CS106,4,8.3
24520223,19,Nguyen Van Quan,13/09/2006,2,HK2 2024-2025,MA004,3,6.2
24520223,19,Nguyen Van Quan,13/09/2006,2,HK2 2024-2025,IT004,4,9.2
24520223,19,Nguyen Van Quan,13/09/2006,2,HK2 2024-2025,SS002,2,6.5
24520223,19,Nguyen Van Quan,13/09/2006,3,HK3 2024-2025,IT003,4,5.7
24520223,19,Nguyen Van Quan,13/09/2006,3,HK3 2024-2025,IT004,4,9.0
24520223,19,Nguyen Van Quan,13/09/2006,3,HK3 2024-2025,MA003,3,8.0
24520223,19,Nguyen Van Quan,13/09/2006,3,HK3 2024-2025,PE001,1,9.4
24520223,19,Nguyen Van Quan,13/09/2006,3,HK3 2024-2025,MA005,3,7.1
24520223,19,Nguyen Van Quan,13/09/2006,3,HK3 2024-2025,MA004,3,6.2
24520223,19,Nguyen Van Quan,13/09/2006,3,HK3 2024-2025,EN001,2,6.4
24520224,19,Vo Huu Linh,26/10/2006,1,HK1 2024-2025,MA005,3,6.2
24520224,19,Vo Huu Linh,26/10/2006,1,HK1 2024-2025,SS001,2,7.8
24520224,19,Vo Huu Linh,26/10/2006,1,HK1 2024-2025,SS002,2,10.0
24520224,19,Vo Huu Linh,26/10/2006,1,HK1 2024-2025,PE001,1,6.2
24520224,19,Vo Huu Linh,26/10/2006,1,HK1 2024-2025,MA003,3,7.7
24520224,19,Vo Huu Linh,26/10/2006,1,HK1 2024-2025,EN001,2,5.4
24520224,19,Vo Huu Linh,26/10/2006,2,HK2 2024-2025,EN001,2,8.1
24520224,19,Vo Huu Linh,26/10/2006,2,HK2 2024-2025,CS106,4,6.0
24520224,19,Vo Huu Linh,26/10/2006,2,HK2 2024-2025,PE001,1,6.0
24520224,19,Vo Huu Linh,26/10/2006,2,HK2 2024-2025,IT004,4,9.8
24520224,19,Vo Huu Linh,26/10/2006,2,HK2 2024-2025,IT003,4,9.0
24520224,19,Vo Huu Linh,26/10/2006,2,HK2 2024-2025,SE104,3,6.5
24520224,19,Vo Huu Linh,26/10/2006,2,HK2 2024-2025,IT002,4,6.4
24520224,19,Vo Huu Linh,26/10/2006,2,HK2 2024-2025,MA003,3,5.7
24520224,19,Vo Huu Linh,26/10/2006,3,HK3 2024-2025,IT002,4,7.5
24520224,19,Vo Huu Linh,26/10/2006,3,HK3 2024-2025,SS001,2,6.3
24520224,19,Vo Huu Linh,26/10/2006,3,HK3 2024-2025,CE118,3,9.1
24520224,19,Vo Huu Linh,26/10/2006,3,HK3 2024-2025,MA003,3,7.5
24520224,19,Vo Huu Linh,26/10/2006,3,HK3 2024-2025,SS002,2,7.9
24520224,19,Vo Huu Linh,26/10/2006,3,HK3 2024-2025,IT003,4,5.8
24520224,19,Vo Huu Linh,26/10/2006,3,HK3 2024-2025,EN001,2,5.5
24520224,19,Vo Huu Linh,26/10/2006,3,HK3 2024-2025,CS106,4,7.7
24520225,19,Nguyen Thi An,15/03/2006,1,HK1 2024-2025,IT004,4,5.8
24520225,19,Nguyen Thi An,15/03/2006,1,HK1 2024-2025,IS201,3,9.9
24520225,19,Nguyen Thi An,15/03/2006,1,HK1 2024-2025,IT003,4,6.0
24520225,19,Nguyen Thi An,15/03/2006,1,HK1 2024-2025,IT002,4,9.0
24520225,19,Nguyen Thi An,15/03/2006,1,HK1 2024-2025,IT001,4,6.3
24520225,19,Nguyen Thi An,15/03/2006,1,HK1 2024-2025,PE001,1,7.1
24520225,19,Nguyen Thi An,15/03/2006,1,HK1 2024-2025,CS106,4,7.8
24520225,19,Nguyen Thi An,15/03/2006,2,HK2 2024-2025,PE001,1,9.8
24520225,19,Nguyen Thi An,15/03/2006,2,HK2 2024-2025,SS001,2,5.6
24520225,19,Nguyen Thi An,15/03/2006,2,HK2 2024-2025,IT002,4,7.7
24520225,19,Nguyen Thi An,15/03/2006,2,HK2 2024-2025,MA004,3,9.8
24520225,19,Nguyen Thi An,15/03/2006,2,HK2 2024-2025,EN001,2,5.2
24520225,19,Nguyen Thi An,15/03/2006,2,HK2 2024-2025,SE104,3,6.9
24520225,19,Nguyen Thi An,15/03/2006,2,HK2 2024-2025,IS201,3,6.1
24520225,19,Nguyen Thi An,15/03/2006,2,HK2 2024-2025,IT003,4,5.7
24520225,19,Nguyen Thi An,15/03/2006,3,HK3 2024-2025,EN001,2,5.9
24520225,19,Nguyen Thi An,15/03/2006,3,HK3 2024-2025,CE118,3,8.6
24520225,19,Nguyen Thi An,15/03/2006,3,HK3 2024-2025,IT001,4,8.5
24520225,19,Nguyen Thi An,15/03/2006,3,HK3 2024-2025,SS001,2,6.6
24520225,19,Nguyen Thi An,15/03/2006,3,HK3 2024-2025,IT004,4,7.9
24520225,19,Nguyen Thi An,15/03/2006,3,HK3 2024-2025,PE001,1,6.3
24520225,19,Nguyen Thi An,15/03/2006,3,HK3 2024-2025,IT002,4,8.7
24520226,19,Hoang Ngoc Trang,08/04/2006,1,HK1 2024-2025,MA003,3,7.9
24520226,19,Hoang Ngoc Trang,08/04/2006,1,HK1 2024-2025,PE001,1,9.0
24520226,19,Hoang Ngoc Trang,08/04/2006,1,HK1 2024-2025,SS002,2,9.3
24520226,19,Hoang Ngoc Trang,08/04/2006,1,HK1 2024-2025,SS001,2,7.1
24520226,19,Hoang Ngoc Trang,08/04/2006,1,HK1 2024-2025,IT004,4,6.8
24520226,19,Hoang Ngoc Trang,08/04/2006,1,HK1 2024-2025,CE118,3,6.8
24520226,19,Hoang Ngoc Trang,08/04/2006,1,HK1 2024-2025,MA005,3,7.3
24520226,19,Hoang Ngoc Trang,08/04/2006,2,HK2 2024-2025,IT003,4,8.6
24520226,19,Hoang Ngoc Trang,08/04/2006,2,HK2 2024-2025,IT004,4,6.3
24520226,19,Hoang Ngoc Trang,08/04/2006,2,HK2 2024-2025,EN001,2,8.7
24520226,19,Hoang Ngoc Trang,08/04/2006,2,HK2 2024-2025,IT002,4,8.7
24520226,19,Hoang Ngoc Trang,08/04/2006,2,HK2 2024-2025,MA004,3,9.3
24520226,19,Hoang Ngoc Trang,08/04/2006,2,HK2 2024-2025,SS001,2,9.1
24520226,19,Hoang Ngoc Trang,08/04/2006,2,HK2 2024-2025,IS201,3,5.9
24520226,19,Hoang Ngoc Trang,08/04/2006,2,HK2 2024-2025,MA003,3,6.1
24520226,19,Hoang Ngoc Trang,08/04/2006,3,HK3 2024-2025,MA003,3,9.3
24520226,19,Hoang Ngoc Trang,08/04/2006,3,HK3 2024-2025,SS002,2,9.4
24520226,19,Hoang Ngoc Trang,08/04/2006,3,HK3 2024-2025,SE104,3,6.9
24520226,19,Hoang Ngoc Trang,08/04/2006,3,HK3 2024-2025,EN001,2,8.8
24520226,19,Hoang Ngoc Trang,08/04/2006,3,HK3 2024-2025,PE001,1,6.4
24520226,19,Hoang Ngoc Trang,08/04/2006,3,HK3 2024-2025,IT003,4,6.2
24520226,19,Hoang Ngoc Trang,08/04/2006,3,HK3 2024-2025,IT002,4,9.4
24520226,19,Hoang Ngoc Trang,08/04/2006,3,HK3 2024-2025,CS106,4,6.0
24520227,19,Tran Xuan Vy,20/07/2006,1,HK1 2024-2025,MA004,3,5.7
24520227,19,Tran Xuan Vy,20/07/2006,1,HK1 2024-2025,SS001,2,10.0
24520227,19,Tran Xuan Vy,20/07/2006,1,HK1 2024-2025,SE104,3,6.1
24520227,19,Tran Xuan Vy,20/07/2006,1,HK1 2024-2025,IS201,3,8.5
24520227,19,Tran Xuan Vy,20/07/2006,1,HK1 2024-2025,IT003,4,6.4
24520227,19,Tran Xuan Vy,20/07/2006,1,HK1 2024-2025,CE118,3,8.9
24520227,19,Tran Xuan Vy,20/07/2006,2,HK2 2024-2025,SE104,3,6.6
24520227,19,Tran Xuan Vy,20/07/2006,2,HK2 2024-2025,IT004,4,7.2
24520227,19,Tran Xuan Vy,20/07/2006,2,HK2 2024-2025,IS201,3,6.9
24520227,19,Tran Xuan Vy,20/07/2006,2,HK2 2024-2025,MA004,3,9.9
24520227,19,Tran Xuan Vy,20/07/2006,2,HK2 2024-2025,CS106,4,9.2
24520227,19,Tran Xuan Vy,20/07/2006,2,HK2 2024-2025,IT001,4,6.9
24520227,19,Tran Xuan Vy,20/07/2006,2,HK2 2024-2025,EN001,2,7.1
24520227,19,Tran Xuan Vy,20/07/2006,2,HK2 2024-2025,IT002,4,9.9
24520227,19,Tran Xuan Vy,20/07/2006,3,HK3 2024-2025,IT003,4,5.9
24520227,19,Tran Xuan Vy,20/07/2006,3,HK3 2024-2025,IS201,3,8.7
24520227,19,Tran Xuan Vy,20/07/2006,3,HK3 2024-2025,SS001,2,8.3
24520227,19,Tran Xuan Vy,20/07/2006,3,HK3 2024-2025,PE001,1,9.0
24520227,19,Tran Xuan Vy,20/07/2006,3,HK3 2024-2025,MA004,3,6.7
24520227,19,Tran Xuan Vy,20/07/2006,3,HK3 2024-2025,MA005,3,9.6
24520227,19,Tran Xuan Vy,20/07/2006,3,HK3 2024-2025,IT001,4,9.5
24520227,19,Tran Xuan Vy,20/07/2006,3,HK3 2024-2025,SE104,3,9.4
24520228,19,Pham Van Nam,20/02/2006,1,HK1 2024-2025,CE118,3,5.7
24520228,19,Pham Van Nam,20/02/2006,1,HK1 2024-2025,CS106,4,5.1
24520228,19,Pham Van Nam,20/02/2006,1,HK1 2024-2025,IT003,4,9.3
24520228,19,Pham Van Nam,20/02/2006,1,HK1 2024-2025,SE104,3,8.6
24520228,19,Pham Van Nam,20/02/2006,1,HK1 2024-2025,MA003,3,6.6
24520228,19,Pham Van Nam,20/02/2006,1,HK1 2024-2025,IT004,4,7.8
24520228,19,Pham Van Nam,20/02/2006,1,HK1 2024-2025,MA005,3,6.4
24520228,19,Pham Van Nam,20/02/2006,1,HK1 2024-2025,SS002,2,9.6
24520228,19,Pham Van Nam,20/02/2006,2,HK2 2024-2025,IS201,3,8.2
24520228,19,Pham Van Nam,20/02/2006,2,HK2 2024-2025,IT003,4,5.5
24520228,19,Pham Van Nam,20/02/2006,2,HK2 2024-2025,MA005,3,9.3
24520228,19,Pham Van Nam,20/02/2006,2,HK2 2024-2025,EN001,2,6.0
24520228,19,Pham Van Nam,20/02/2006,2,HK2 2024-2025,CS106,4,9.6
24520228,19,Pham Van Nam,20/02/2006,2,HK2 2024-2025,IT002,4,8.7
24520228,19,Pham Van Nam,20/02/2006,2,HK2 2024-2025,IT001,4,8.4
24520228,19,Pham Van Nam,20/02/2006,3,HK3 2024-2025,PE001,1,6.7
24520228,19,Pham Van Nam,20/02/2006,3,HK3 2024-2025,IT003,4,5.6
24520228,19,Pham Van Nam,20/02/2006,3,HK3 2024-2025,SS001,2,7.5
24520228,19,Pham Van Nam,20/02/2006,3,HK3 2024-2025,MA003,3,6.4
24520228,19,Pham Van Nam,20/02/2006,3,HK3 2024-2025,IS201,3,9.5
24520228,19,Pham Van Nam,20/02/2006,3,HK3 2024-2025,IT002,4,9.7
24520228,19,Pham Van Nam,20/02/2006,3,HK3 2024-2025,SE104,3,8.5
24520228,19,Pham Van Nam,20/02/2006,3,HK3 2024-2025,MA004,3,7.8
24520229,19,Pham Quang Duy,06/04/2006,1,HK1 2024-2025,IT003,4,9.7
24520229,19,Pham Quang Duy,06/04/2006,1,HK1 2024-2025,IT002,4,6.8
24520229,19,Pham Quang Duy,06/04/2006,1,HK1 2024-2025,MA003,3,5.9
24520229,19,Pham Quang Duy,06/04/2006,1,HK1 2024-2025,IS201,3,7.1
24520229,19,Pham Quang Duy,06/04/2006,1,HK1 2024-2025,EN001,2,5.9
24520229,19,Pham Quang Duy,06/04/2006,1,HK1 2024-2025,IT001,4,6.3
24520229,19,Pham Quang Duy,06/04/2006,1,HK1 2024-2025,CS106,4,6.5
24520229,19,Pham Quang Duy,06/04/2006,2,HK2 2024-2025,PE001,1,6.8
24520229,19,Pham Quang Duy,06/04/2006,2,HK2 2024-2025,IT001,4,6.2
24520229,19,Pham Quang Duy,06/04/2006,2,HK2 2024-2025,MA005,3,6.6
24520229,19,Pham Quang Duy,06/04/2006,2,HK2 2024-2025,CS106,4,7.8
24520229,19,Pham Quang Duy,06/04/2006,2,HK2 2024-2025,MA004,3,9.9
24520229,19,Pham Quang Duy,06/04/2006,2,HK2 2024-2025,IT004,4,5.3
24520229,19,Pham Quang Duy,06/04/2006,3,HK3 2024-2025,IT003,4,7.3
24520229,19,Pham Quang Duy,06/04/2006,3,HK3 2024-2025,IT001,4,8.2
24520229,19,Pham Quang Duy,06/04/2006,3,HK3 2024-2025,SS001,2,9.7
24520229,19,Pham Quang Duy,06/04/2006,3,HK3 2024-2025,PE001,1,5.8
24520229,19,Pham Quang Duy,06/04/2006,3,HK3 2024-2025,MA005,3,6.8
24520229,19,Pham Quang Duy,06/04/2006,3,HK3 2024-2025,CE118,3,7.5
24520229,19,Pham Quang Duy,06/04/2006,3,HK3 2024-2025,IT002,4,6.2
24520230,19,Dang Thi Khoa,16/06/2006,1,HK1 2024-2025,MA005,3,9.0
24520230,19,Dang Thi Khoa,16/06/2006,1,HK1 2024-2025,SE104,3,6.2
24520230,19,Dang Thi Khoa,16/06/2006,1,HK1 2024-2025,PE001,1,8.2
24520230,19,Dang Thi Khoa,16/06/2006,1,HK1 2024-2025,IT002,4,9.2
24520230,19,Dang Thi Khoa,16/06/2006,1,HK1 2024-2025,CS106,4,9.9
24520230,19,Dang Thi Khoa,16/06/2006,1,HK1 2024-2025,IT001,4,6.2
24520230,19,Dang Thi Khoa,16/06/2006,1,HK1 2024-2025,MA003,3,6.5
24520230,19,Dang Thi Khoa,16/06/2006,1,HK1 2024-2025,EN001,2,8.6
24520230,19,Dang Thi Khoa,16/06/2006,2,HK2 2024-2025,IT003,4,6.9
24520230,19,Dang Thi Khoa,16/06/2006,2,HK2 2024-2025,CS106,4,6.9
24520230,19,Dang Thi Khoa,16/06/2006,2,HK2 2024-2025,SE104,3,5.8
24520230,19,Dang Thi Khoa,16/06/2006,2,HK2 2024-2025,SS002,2,5.3
24520230,19,Dang Thi Khoa,16/06/2006,2,HK2 2024-2025,EN001,2,9.3
24520230,19,Dang Thi Khoa,16/06/2006,2,HK2 2024-2025,CE118,3,7.8
24520230,19,Dang Thi Khoa,16/06/2006,3,HK3 2024-2025,EN001,2,8.2
24520230,19,Dang Thi Khoa,16/06/2006,3,HK3 2024-2025,MA003,3,7.1
24520230,19,Dang Thi Khoa,16/06/2006,3,HK3 2024-2025,IT001,4,9.5
24520230,19,Dang Thi Khoa,16/06/2006,3,HK3 2024-2025,SE104,3,5.1
24520230,19,Dang Thi Khoa,16/06/2006,3,HK3 2024-2025,IT004,4,7.6
24520230,19,Dang Thi Khoa,16/06/2006,3,HK3 2024-2025,PE001,1,9.8
24520230,19,Dang Thi Khoa,16/06/2006,3,HK3 2024-2025,SS002,2,6.0
24520231,19,Do Ngoc Binh,01/03/2006,1,HK1 2024-2025,PE001,1,10.0
24520231,19,Do Ngoc Binh,01/03/2006,1,HK1 2024-2025,CE118,3,5.3
24520231,19,Do Ngoc Binh,01/03/2006,1,HK1 2024-2025,MA005,3,8.5
24520231,19,Do Ngoc Binh,01/03/2006,1,HK1 2024-2025,IT003,4,9.9
24520231,19,Do Ngoc Binh,01/03/2006,1,HK1 2024-2025,SE104,3,5.0
24520231,19,Do Ngoc Binh,01/03/2006,1,HK1 2024-2025,IT002,4,8.2
24520231,19,Do Ngoc Binh,01/03/2006,1,HK1 2024-2025,EN001,2,8.1
24520231,19,Do Ngoc Binh,01/03/2006,2,HK2 2024-2025,MA004,3,9.9
24520231,19,Do Ngoc Binh,01/03/2006,2,HK2 2024-2025,EN001,2,6.3
24520231,19,Do Ngoc Binh,01/03/2006,2,HK2 2024-2025,MA003,3,7.6
24520231,19,Do Ngoc Binh,01/03/2006,2,HK2 2024-2025,IT004,4,9.4
24520231,19,Do Ngoc Binh,01/03/2006,2,HK2 2024-2025,IT001,4,9.4
24520231,19,Do Ngoc Binh,01/03/2006,2,HK2 2024-2025,PE001,1,6.5
24520231,19,Do Ngoc Binh,01/03/2006,3,HK3 2024-2025,CS106,4,8.0
24520231,19,Do Ngoc Binh,01/03/2006,3,HK3 2024-2025,EN001,2,6.2
24520231,19,Do Ngoc Binh,01/03/2006,3,HK3 2024-2025,IS201,3,5.2
24520231,19,Do Ngoc Binh,01/03/2006,3,HK3 2024-2025,MA003,3,6.5
24520231,19,Do Ngoc Binh,01/03/2006,3,HK3 2024-2025,MA005,3,7.2
24520231,19,Do Ngoc Binh,01/03/2006,3,HK3 2024-2025,SS001,2,8.9
24520231,19,Do Ngoc Binh,01/03/2006,3,HK3 2024-2025,MA004,3,6.2
24520232,19,Huynh Hoai Quan,10/08/2006,1,HK1 2024-2025,SS002,2,6.7
24520232,19,Huynh Hoai Quan,10/08/2006,1,HK1 2024-2025,MA005,3,8.9
24520232,19,Huynh Hoai Quan,10/08/2006,1,HK1 2024-2025,IT004,4,9.7
24520232,19,Huynh Hoai Quan,10/08/2006,1,HK1 2024-2025,MA004,3,7.8
24520232,19,Huynh Hoai Quan,10/08/2006,1,HK1 2024-2025,SS001,2,8.0
24520232,19,Huynh Hoai Quan,10/08/2006,1,HK1 2024-2025,CE118,3,8.4
24520232,19,Huynh Hoai Quan,10/08/2006,1,HK1 2024-2025,MA003,3,7.9
24520232,19,Huynh Hoai Quan,10/08/2006,1,HK1 2024-2025,SE104,3,9.3
24520232,19,Huynh Hoai Quan,10/08/2006,2,HK2 2024-2025,IT004,4,7.8
24520232,19,Huynh Hoai Quan,10/08/2006,2,HK2 2024-2025,IS201,3,9.8
24520232,19,Huynh Hoai Quan,10/08/2006,2,HK2 2024-2025,SS002,2,8.4
24520232,19,Huynh Hoai Quan,10/08/2006,2,HK2 2024-2025,MA004,3,5.5
24520232,19,Huynh Hoai Quan,10/08/2006,2,HK2 2024-2025,SE104,3,5.8
24520232,19,Huynh Hoai Quan,10/08/2006,2,HK2 2024-2025,SS001,2,6.7
24520232,19,Huynh Hoai Quan,10/08/2006,3,HK3 2024-2025,SS002,2,7.6
24520232,19,Huynh Hoai Quan,10/08/2006,3,HK3 2024-2025,MA004,3,8.2
24520232,19,Huynh Hoai Quan,10/08/2006,3,HK3 2024-2025,IT001,4,6.3
24520232,19,Huynh Hoai Quan,10/08/2006,3,HK3 2024-2025,IT003,4,9.2
24520232,19,Huynh Hoai Quan,10/08/2006,3,HK3 2024-2025,CS106,4,6.5
24520232,19,Huynh Hoai Quan,10/08/2006,3,HK3 2024-2025,MA005,3,5.7
24520232,19,Huynh Hoai Quan,10/08/2006,3,HK3 2024-2025,SE104,3,9.8
24520233,19,Hoang Gia Mai,24/08/2006,1,HK1 2024-2025,CE118,3,8.6
24520233,19,Hoang Gia Mai,24/08/2006,1,HK1 2024-2025,MA005,3,5.7
24520233,19,Hoang Gia Mai,24/08/2006,1,HK1 2024-2025,PE001,1,8.2
24520233,19,Hoang Gia Mai,24/08/2006,1,HK1 2024-2025,IT003,4,8.4
24520233,19,Hoang Gia Mai,24/08/2006,1,HK1 2024-2025,IS201,3,6.6
24520233,19,Hoang Gia Mai,24/08/2006,1,HK1 2024-2025,IT002,4,8.4
24520233,19,Hoang Gia Mai,24/08/2006,1,HK1 2024-2025,IT001,4,6.1
24520233,19,Hoang Gia Mai,24/08/2006,2,HK2 2024-2025,IT002,4,5.1
24520233,19,Hoang Gia Mai,24/08/2006,2,HK2 2024-2025,IT003,4,8.7
24520233,19,Hoang Gia Mai,24/08/2006,2,HK2 2024-2025,IT004,4,8.9
24520233,19,Hoang Gia Mai,24/08/2006,2,HK2 2024-2025,IS201,3,5.4
24520233,19,Hoang Gia Mai,24/08/2006,2,HK2 2024-2025,MA005,3,9.7
24520233,19,Hoang Gia Mai,24/08/2006,2,HK2 2024-2025,MA003,3,6.5
24520233,19,Hoang Gia Mai,24/08/2006,3,HK3 2024-2025,IS201,3,5.8
24520233,19,Hoang Gia Mai,24/08/2006,3,HK3 2024-2025,SS001,2,7.9
24520233,19,Hoang Gia Mai,24/08/2006,3,HK3 2024-2025,MA005,3,9.7
24520233,19,Hoang Gia Mai,24/08/2006,3,HK3 2024-2025,IT003,4,9.0
24520233,19,Hoang Gia Mai,24/08/2006,3,HK3 2024-2025,IT002,4,7.8
24520233,19,Hoang Gia Mai,24/08/2006,3,HK3 2024-2025,CS106,4,6.7
24520234,19,Do Gia Linh,16/05/2006,1,HK1 2024-2025,SS001,2,7.4
24520234,19,Do Gia Linh,16/05/2006,1,HK1 2024-2025,CE118,3,9.2
24520234,19,Do Gia Linh,16/05/2006,1,HK1 2024-2025,EN001,2,9.6
24520234,19,Do Gia Linh,16/05/2006,1,HK1 2024-2025,MA004,3,6.9
24520234,19,Do Gia Linh,16/05/2006,1,HK1 2024-2025,SE104,3,9.8
24520234,19,Do Gia Linh,16/05/2006,1,HK1 2024-2025,IT002,4,5.4
24520234,19,Do Gia Linh,16/05/2006,1,HK1 2024-2025,SS002,2,8.4
24520234,19,Do Gia Linh,16/05/2006,2,HK2 2024-2025,IS201,3,9.5
24520234,19,Do Gia Linh,16/05/2006,2,HK2 2024-2025,MA005,3,9.2
24520234,19,Do Gia Linh,16/05/2006,2,HK2 2024-2025,MA003,3,8.1
24520234,19,Do Gia Linh,16/05/2006,2,HK2 2024-2025,IT002,4,6.9
24520234,19,Do Gia Linh,16/05/2006,2,HK2 2024-2025,PE001,1,9.3
24520234,19,Do Gia Linh,16/05/2006,2,HK2 2024-2025,CE118,3,5.3
24520234,19,Do Gia Linh,16/05/2006,3,HK3 2024-2025,SS002,2,6.9
24520234,19,Do Gia Linh,16/05/2006,3,HK3 2024-2025,IT001,4,8.7
24520234,19,Do Gia Linh,16/05/2006,3,HK3 2024-2025,EN001,2,8.4
24520234,19,Do Gia Linh,16/05/2006,3,HK3 2024-2025,MA003,3,9.0
24520234,19,Do Gia Linh,16/05/2006,3,HK3 2024-2025,IS201,3,6.1
24520234,19,Do Gia Linh,16/05/2006,3,HK3 2024-2025,IT003,4,7.4
24520234,19,Do Gia Linh,16/05/2006,3,HK3 2024-2025,IT002,4,7.1
24520235,19,Huynh Xuan Mai,10/08/2006,1,HK1 2024-2025,CE118,3,8.4
24520235,19,Huynh Xuan Mai,10/08/2006,1,HK1 2024-2025,IT002,4,9.3
24520235,19,Huynh Xuan Mai,10/08/2006,1,HK1 2024-2025,IT001,4,7.9
24520235,19,Huynh Xuan Mai,10/08/2006,1,HK1 2024-2025,MA004,3,7.3
24520235,19,Huynh Xuan Mai,10/08/2006,1,HK1 2024-2025,SE104,3,10.0
24520235,19,Huynh Xuan Mai,10/08/2006,1,HK1 2024-2025,EN001,2,8.4
24520235,19,Huynh Xuan Mai,10/08/2006,1,HK1 2024-2025,IT004,4,5.6
24520235,19,Huynh Xuan Mai,10/08/2006,2,HK2 2024-2025,CE118,3,7.8
24520235,19,Huynh Xuan Mai,10/08/2006,2,HK2 2024-2025,EN001,2,7.8
24520235,19,Huynh Xuan Mai,10/08/2006,2,HK2 2024-2025,IT001,4,7.1
24520235,19,Huynh Xuan Mai,10/08/2006,2,HK2 2024-2025,MA005,3,5.8
24520235,19,Huynh Xuan Mai,10/08/2006,2,HK2 2024-2025,MA003,3,7.9
24520235,19,Huynh Xuan Mai,10/08/2006,2,HK2 2024-2025,IT002,4,7.3
24520235,19,Huynh Xuan Mai,10/08/2006,2,HK2 2024-2025,IS201,3,9.9
24520235,19,Huynh Xuan Mai,10/08/2006,3,HK3 2024-2025,IT004,4,6.9
24520235,19,Huynh Xuan Mai,10/08/2006,3,HK3 2024-2025,PE001,1,6.6
24520235,19,Huynh Xuan Mai,10/08/2006,3,HK3 2024-2025,IT003,4,6.1
24520235,19,Huynh Xuan Mai,10/08/2006,3,HK3 2024-2025,IT001,4,6.2
24520235,19,Huynh Xuan Mai,10/08/2006,3,HK3 2024-2025,SE104,3,5.1
24520235,19,Huynh Xuan Mai,10/08/2006,3,HK3 2024-2025,MA004,3,7.5
24520236,19,Vo Gia Binh,04/09/2006,1,HK1 2024-2025,PE001,1,5.3
24520236,19,Vo Gia Binh,04/09/2006,1,HK1 2024-2025,SS001,2,6.3
24520236,19,Vo Gia Binh,04/09/2006,1,HK1 2024-2025,IT004,4,9.1
24520236,19,Vo Gia Binh,04/09/2006,1,HK1 2024-2025,IT002,4,7.7
24520236,19,Vo Gia Binh,04/09/2006,1,HK1 2024-2025,CE118,3,6.6
24520236,19,Vo Gia Binh,04/09/2006,1,HK1 2024-2025,MA005,3,9.3
24520236,19,Vo Gia Binh,04/09/2006,1,HK1 2024-2025,CS106,4,8.1
24520236,19,Vo Gia Binh,04/09/2006,1,HK1 2024-2025,IT001,4,7.4
24520236,19,Vo Gia Binh,04/09/2006,2,HK2 2024-2025,IS201,3,5.3
24520236,19,Vo Gia Binh,04/09/2006,2,HK2 2024-2025,EN001,2,5.5
24520236,19,Vo Gia Binh,04/09/2006,2,HK2 2024-2025,SS001,2,5.0
24520236,19,Vo Gia Binh,04/09/2006,2,HK2 2024-2025,IT003,4,7.5
24520236,19,Vo Gia Binh,04/09/2006,2,HK2 2024-2025,CS106,4,8.8
24520236,19,Vo Gia Binh,04/09/2006,2,HK2 2024-2025,IT002,4,10.0
24520236,19,Vo Gia Binh,04/09/2006,3,HK3 2024-2025,MA004,3,9.1
24520236,19,Vo Gia Binh,04/09/2006,3,HK3 2024-2025,IT003,4,6.8
24520236,19,Vo Gia Binh,04/09/2006,3,HK3 2024-2025,CS106,4,6.6
24520236,19,Vo Gia Binh,04/09/2006,3,HK3 2024-2025,IS201,3,6.5
24520236,19,Vo Gia Binh,04/09/2006,3,HK3 2024-2025,SS001,2,8.4
24520236,19,Vo Gia Binh,04/09/2006,3,HK3 2024-2025,SE104,3,8.9
24520237,19,Nguyen Xuan Binh,24/04/2006,1,HK1 2024-2025,CE118,3,5.0
24520237,19,Nguyen Xuan Binh,24/04/2006,1,HK1 2024-2025,IS201,3,7.1
24520237,19,Nguyen Xuan Binh,24/04/2006,1,HK1 2024-2025,IT004,4,9.4
24520237,19,Nguyen Xuan Binh,24/04/2006,1,HK1 2024-2025,MA003,3,6.5
24520237,19,Nguyen Xuan Binh,24/04/2006,1,HK1 2024-2025,MA004,3,7.1
24520237,19,Nguyen Xuan Binh,24/04/2006,1,HK1 2024-2025,CS106,4,6.0
24520237,19,Nguyen Xuan Binh,24/04/2006,1,HK1 2024-2025,IT001,4,6.9
24520237,19,Nguyen Xuan Binh,24/04/2006,2,HK2 2024-2025,IT001,4,6.2
24520237,19,Nguyen Xuan Binh,24/04/2006,2,HK2 2024-2025,IT002,4,7.2
24520237,19,Nguyen Xuan Binh,24/04/2006,2,HK2 2024-2025,CS106,4,8.9
24520237,19,Nguyen Xuan Binh,24/04/2006,2,HK2 2024-2025,MA003,3,5.7
24520237,19,Nguyen Xuan Binh,24/04/2006,2,HK2 2024-2025,SE104,3,8.2
24520237,19,Nguyen Xuan Binh,24/04/2006,2,HK2 2024-2025,SS002,2,7.8
24520237,19,Nguyen Xuan Binh,24/04/2006,2,HK2 2024-2025,IT003,4,7.8
24520237,19,Nguyen Xuan Binh,24/04/2006,2,HK2 2024-2025,SS001,2,6.2
24520237,19,Nguyen Xuan Binh,24/04/2006,3,HK3 2024-2025,MA004,3,9.5
24520237,19,Nguyen Xuan Binh,24/04/2006,3,HK3 2024-2025,IS201,3,7.1
24520237,19,Nguyen Xuan Binh,24/04/2006,3,HK3 2024-2025,PE001,1,8.0
24520237,19,Nguyen Xuan Binh,24/04/2006,3,HK3 2024-2025,CS106,4,9.4
24520237,19,Nguyen Xuan Binh,24/04/2006,3,HK3 2024-2025,CE118,3,5.0
24520237,19,Nguyen Xuan Binh,24/04/2006,3,HK3 2024-2025,SS002,2,6.2
24520237,19,Nguyen Xuan Binh,24/04/2006,3,HK3 2024-2025,IT003,4,8.4
24520237,19,Nguyen Xuan Binh,24/04/2006,3,HK3 2024-2025,IT004,4,6.5
24520238,19,Phan Ngoc Trang,16/03/2006,1,HK1 2024-2025,SS001,2,8.4
24520238,19,Phan Ngoc Trang,16/03/2006,1,HK1 2024-2025,CE118,3,5.8
24520238,19,Phan Ngoc Trang,16/03/2006,1,HK1 2024-2025,PE001,1,5.1
24520238,19,Phan Ngoc Trang,16/03/2006,1,HK1 2024-2025,IT003,4,9.1
24520238,19,Phan Ngoc Trang,16/03/2006,1,HK1 2024-2025,MA005,3,6.3
24520238,19,Phan Ngoc Trang,16/03/2006,1,HK1 2024-2025,IT001,4,6.8
24520238,19,Phan Ngoc Trang,16/03/2006,2,HK2 2024-2025,SS001,2,5.4
24520238,19,Phan Ngoc Trang,16/03/2006,2,HK2 2024-2025,IT001,4,9.3
24520238,19,Phan Ngoc Trang,16/03/2006,2,HK2 2024-2025,MA004,3,8.2
24520238,19,Phan Ngoc Trang,16/03/2006,2,HK2 2024-2025,IT002,4,7.6
24520238,19,Phan Ngoc Trang,16/03/2006,2,HK2 2024-2025,IS201,3,6.7
24520238,19,Phan Ngoc Trang,16/03/2006,2,HK2 2024-2025,SS002,2,8.0
24520238,19,Phan Ngoc Trang,16/03/2006,2,HK2 2024-2025,MA005,3,9.7
24520238,19,Phan Ngoc Trang,16/03/2006,3,HK3 2024-2025,MA004,3,7.0
24520238,19,Phan Ngoc Trang,16/03/2006,3,HK3 2024-2025,SE104,3,9.4
24520238,19,Phan Ngoc Trang,16/03/2006,3,HK3 2024-2025,MA005,3,7.5
24520238,19,Phan Ngoc Trang,16/03/2006,3,HK3 2024-2025,IT004,4,6.2
24520238,19,Phan Ngoc Trang,16/03/2006,3,HK3 2024-2025,CS106,4,6.3
24520238,19,Phan Ngoc Trang,16/03/2006,3,HK3 2024-2025,SS001,2,8.2
24520238,19,Phan Ngoc Trang,16/03/2006,3,HK3 2024-2025,IT002,4,5.5
24520238,19,Phan Ngoc Trang,16/03/2006,3,HK3 2024-2025,IT003,4,9.7
24520239,19,Do Thi An,23/03/2006,1,HK1 2024-2025,PE001,1,7.2
24520239,19,Do Thi An,23/03/2006,1,HK1 2024-2025,EN001,2,8.5
24520239,19,Do Thi An,23/03/2006,1,HK1 2024-2025,IT002,4,8.0
24520239,19,Do Thi An,23/03/2006,1,HK1 2024-2025,IT004,4,7.7
24520239,19,Do Thi An,23/03/2006,1,HK1 2024-2025,MA004,3,9.3
24520239,19,Do Thi An,23/03/2006,1,HK1 2024-2025,SS002,2,5.6
24520239,19,Do Thi An,23/03/2006,2,HK2 2024-2025,SS001,2,7.2
24520239,19,Do Thi An,23/03/2006,2,HK2 2024-2025,PE001,1,5.9
24520239,19,Do Thi An,23/03/2006,2,HK2 2024-2025,IT001,4,6.4
24520239,19,Do Thi An,23/03/2006,2,HK2 2024-2025,MA005,3,6.2
24520239,19,Do Thi An,23/03/2006,2,HK2 2024-2025,MA004,3,5.8
24520239,19,Do Thi An,23/03/2006,2,HK2 2024-2025,IT002,4,6.0
24520239,19,Do Thi An,23/03/2006,3,HK3 2024-2025,SS002,2,6.9
24520239,19,Do Thi An,23/03/2006,3,HK3 2024-2025,IT001,4,6.5
24520239,19,Do Thi An,23/03/2006,3,HK3 2024-2025,SE104,3,8.2
24520239,19,Do Thi An,23/03/2006,3,HK3 2024-2025,CE118,3,6.2
24520239,19,Do Thi An,23/03/2006,3,HK3 2024-2025,EN001,2,8.0
24520239,19,Do Thi An,23/03/2006,3,HK3 2024-2025,IS201,3,7.6
24520240,19,Pham Thu Chau,07/05/2006,1,HK1 2024-2025,SS001,2,5.3
24520240,19,Pham Thu Chau,07/05/2006,1,HK1 2024-2025,MA005,3,7.4
24520240,19,Pham Thu Chau,07/05/2006,1,HK1 2024-2025,IT003,4,9.2
24520240,19,Pham Thu Chau,07/05/2006,1,HK1 2024-2025,PE001,1,6.2
24520240,19,Pham Thu Chau,07/05/2006,1,HK1 2024-2025,CE118,3,8.3
24520240,19,Pham Thu Chau,07/05/2006,1,HK1 2024-2025,IT002,4,9.1
24520240,19,Pham Thu Chau,07/05/2006,1,HK1 2024-2025,EN001,2,8.3
24520240,19,Pham Thu Chau,07/05/2006,1,HK1 2024-2025,SS002,2,9.0
24520240,19,Pham Thu Chau,07/05/2006,2,HK2 2024-2025,MA003,3,8.6
24520240,19,Pham Thu Chau,07/05/2006,2,HK2 2024-2025,IT001,4,8.1
24520240,19,Pham Thu Chau,07/05/2006,2,HK2 2024-2025,IS201,3,9.1
24520240,19,Pham Thu Chau,07/05/2006,2,HK2 2024-2025,CS106,4,6.3
24520240,19,Pham Thu Chau,07/05/2006,2,HK2 2024-2025,IT004,4,5.7
24520240,19,Pham Thu Chau,07/05/2006,2,HK2 2024-2025,PE001,1,7.3
24520240,19,Pham Thu Chau,07/05/2006,2,HK2 2024-2025,IT003,4,8.2
24520240,19,Pham Thu Chau,07/05/2006,2,HK2 2024-2025,SS001,2,9.2
24520240,19,Pham Thu Chau,07/05/2006,3,HK3 2024-2025,MA005,3,8.2
24520240,19,Pham Thu Chau,07/05/2006,3,HK3 2024-2025,CE118,3,8.3
24520240,19,Pham Thu Chau,07/05/2006,3,HK3 2024-2025,SS001,2,9.9
24520240,19,Pham Thu Chau,07/05/2006,3,HK3 2024-2025,IT004,4,7.4
24520240,19,Pham Thu Chau,07/05/2006,3,HK3 2024-2025,IT001,4,6.9
24520240,19,Pham Thu Chau,07/05/2006,3,HK3 2024-2025,EN001,2,8.6
24520240,19,Pham Thu Chau,07/05/2006,3,HK3 2024-2025,IS201,3,7.4
24520240,19,Pham Thu Chau,07/05/2006,3,HK3 2024-2025,CS106,4,5.4
24520241,19,Phan Ngoc Binh,02/06/2006,1,HK1 2024-2025,IT001,4,6.3
24520241,19,Phan Ngoc Binh,02/06/2006,1,HK1 2024-2025,CE118,3,8.7
24520241,19,Phan Ngoc Binh,02/06/2006,1,HK1 2024-2025,SE104,3,8.7
24520241,19,Phan Ngoc Binh,02/06/2006,1,HK1 2024-2025,IT004,4,9.2
24520241,19,Phan Ngoc Binh,02/06/2006,1,HK1 2024-2025,MA005,3,9.5
24520241,19,Phan Ngoc Binh,02/06/2006,1,HK1 2024-2025,SS001,2,8.0
24520241,19,Phan Ngoc Binh,02/06/2006,1,HK1 2024-2025,MA003,3,5.6
24520241,19,Phan Ngoc Binh,02/06/2006,1,HK1 2024-2025,PE001,1,9.3
24520241,19,Phan Ngoc Binh,02/06/2006,2,HK2 2024-2025,MA003,3,7.3
24520241,19,Phan Ngoc Binh,02/06/2006,2,HK2 2024-2025,EN001,2,7.1
24520241,19,Phan Ngoc Binh,02/06/2006,2,HK2 2024-2025,SE104,3,7.4
24520241,19,Phan Ngoc Binh,02/06/2006,2,HK2 2024-2025,IT001,4,5.1
24520241,19,Phan Ngoc Binh,02/06/2006,2,HK2 2024-2025,PE001,1,7.4
24520241,19,Phan Ngoc Binh,02/06/2006,2,HK2 2024-2025,CE118,3,8.5
24520241,19,Phan Ngoc Binh,02/06/2006,2,HK2 2024-2025,IT002,4,9.3
24520241,19,Phan Ngoc Binh,02/06/2006,3,HK3 2024-2025,EN001,2,6.4
24520241,19,Phan Ngoc Binh,02/06/2006,3,HK3 2024-2025,IS201,3,7.2
24520241,19,Phan Ngoc Binh,02/06/2006,3,HK3 2024-2025,IT003,4,7.4
24520241,19,Phan Ngoc Binh,02/06/2006,3,HK3 2024-2025,CE118,3,5.7
24520241,19,Phan Ngoc Binh,02/06/2006,3,HK3 2024-2025,CS106,4,8.5
24520241,19,Phan Ngoc Binh,02/06/2006,3,HK3 2024-2025,SS001,2,6.5
24520241,19,Phan Ngoc Binh,02/06/2006,3,HK3 2024-2025,IT004,4,6.4
24520241,19,Phan Ngoc Binh,02/06/2006,3,HK3 2024-2025,SS002,2,9.2
24520242,19,Nguyen Thi Chau,28/05/2006,1,HK1 2024-2025,CE118,3,6.9
24520242,19,Nguyen Thi Chau,28/05/2006,1,HK1 2024-2025,EN001,2,8.1
24520242,19,Nguyen Thi Chau,28/05/2006,1,HK1 2024-2025,MA003,3,9.9
24520242,19,Nguyen Thi Chau,28/05/2006,1,HK1 2024-2025,IT003,4,6.9
24520242,19,Nguyen Thi Chau,28/05/2006,1,HK1 2024-2025,SE104,3,7.9
24520242,19,Nguyen Thi Chau,28/05/2006,1,HK1 2024-2025,SS002,2,5.1
24520242,19,Nguyen Thi Chau,28/05/2006,2,HK2 2024-2025,IS201,3,6.6
24520242,19,Nguyen Thi Chau,28/05/2006,2,HK2 2024-2025,MA003,3,6.4
24520242,19,Nguyen Thi Chau,28/05/2006,2,HK2 2024-2025,SS002,2,9.3
24520242,19,Nguyen Thi Chau,28/05/2006,2,HK2 2024-2025,CS106,4,6.4
24520242,19,Nguyen Thi Chau,28/05/2006,2,HK2 2024-2025,MA005,3,6.3
24520242,19,Nguyen Thi Chau,28/05/2006,2,HK2 2024-2025,IT001,4,6.0
24520242,19,Nguyen Thi Chau,28/05/2006,2,HK2 2024-2025,IT003,4,8.5
24520242,19,Nguyen Thi Chau,28/05/2006,2,HK2 2024-2025,SS001,2,6.7
24520242,19,Nguyen Thi Chau,28/05/2006,3,HK3 2024-2025,MA003,3,9.5
24520242,19,Nguyen Thi Chau,28/05/2006,3,HK3 2024-2025,MA004,3,8.8
24520242,19,Nguyen Thi Chau,28/05/2006,3,HK3 2024-2025,PE001,1,8.5
24520242,19,Nguyen Thi Chau,28/05/2006,3,HK3 2024-2025,EN001,2,7.2
24520242,19,Nguyen Thi Chau,28/05/2006,3,HK3 2024-2025,MA005,3,7.3
24520242,19,Nguyen Thi Chau,28/05/2006,3,HK3 2024-2025,IS201,3,5.3
24520242,19,Nguyen Thi Chau,28/05/2006,3,HK3 2024-2025,CS106,4,7.5
24520242,19,Nguyen Thi Chau,28/05/2006,3,HK3 2024-2025,IT003,4,5.5
24520243,19,Hoang Huu Hieu,08/05/2006,1,HK1 2024-2025,IS201,3,8.3
24520243,19,Hoang Huu Hieu,08/05/2006,1,HK1 2024-2025,IT002,4,5.7
24520243,19,Hoang Huu Hieu,08/05/2006,1,HK1 2024-2025,SS001,2,9.3
24520243,19,Hoang Huu Hieu,08/05/2006,1,HK1 2024-2025,CE118,3,8.9
24520243,19,Hoang Huu Hieu,08/05/2006,1,HK1 2024-2025,EN001,2,6.5
24520243,19,Hoang Huu Hieu,08/05/2006,1,HK1 2024-2025,IT004,4,8.0
24520243,19,Hoang Huu Hieu,08/05/2006,1,HK1 2024-2025,IT001,4,7.9
24520243,19,Hoang Huu Hieu,08/05/2006,1,HK1 2024-2025,SE104,3,6.0
24520243,19,Hoang Huu Hieu,08/05/2006,2,HK2 2024-2025,IT003,4,9.8
24520243,19,Hoang Huu Hieu,08/05/2006,2,HK2 2024-2025,MA004,3,8.1
24520243,19,Hoang Huu Hieu,08/05/2006,2,HK2 2024-2025,IT002,4,7.3
24520243,19,Hoang Huu Hieu,08/05/2006,2,HK2 2024-2025,EN001,2,5.3
24520243,19,Hoang Huu Hieu,08/05/2006,2,HK2 2024-2025,CE118,3,6.9
24520243,19,Hoang Huu Hieu,08/05/2006,2,HK2 2024-2025,SE104,3,6.4
24520243,19,Hoang Huu Hieu,08/05/2006,3,HK3 2024-2025,IS201,3,5.5
24520243,19,Hoang Huu Hieu,08/05/2006,3,HK3 2024-2025,MA003,3,9.0
24520243,19,Hoang Huu Hieu,08/05/2006,3,HK3 2024-2025,SS002,2,5.7
24520243,19,Hoang Huu Hieu,08/05/2006,3,HK3 2024-2025,IT004,4,8.8
24520243,19,Hoang Huu Hieu,08/05/2006,3,HK3 2024-2025,EN001,2,7.9
24520243,19,Hoang Huu Hieu,08/05/2006,3,HK3 2024-2025,SS001,2,9.9
24520243,19,Hoang Huu Hieu,08/05/2006,3,HK3 2024-2025,CS106,4,6.4
24520244,19,Do Gia Hieu,23/06/2006,1,HK1 2024-2025,EN001,2,7.3
24520244,19,Do Gia Hieu,23/06/2006,1,HK1 2024-2025,MA003,3,6.4
24520244,19,Do Gia Hieu,23/06/2006,1,HK1 2024-2025,IT002,4,8.4
24520244,19,Do Gia Hieu,23/06/2006,1,HK1 2024-2025,MA005,3,7.0
24520244,19,Do Gia Hieu,23/06/2006,1,HK1 2024-2025,IT001,4,5.2
24520244,19,Do Gia Hieu,23/06/2006,1,HK1 2024-2025,IT004,4,5.3
24520244,19,Do Gia Hieu,23/06/2006,1,HK1 2024-2025,IT003,4,5.1
24520244,19,Do Gia Hieu,23/06/2006,1,HK1 2024-2025,CS106,4,9.6
24520244,19,Do Gia Hieu,23/06/2006,2,HK2 2024-2025,CE118,3,6.6
24520244,19,Do Gia Hieu,23/06/2006,2,HK2 2024-2025,CS106,4,6.2
24520244,19,Do Gia Hieu,23/06/2006,2,HK2 2024-2025,SS001,2,7.0
24520244,19,Do Gia Hieu,23/06/2006,2,HK2 2024-2025,MA005,3,8.5
24520244,19,Do Gia Hieu,23/06/2006,2,HK2 2024-2025,IT001,4,6.1
24520244,19,Do Gia Hieu,23/06/2006,2,HK2 2024-2025,IT004,4,7.7
24520244,19,Do Gia Hieu,23/06/2006,3,HK3 2024-2025,SS001,2,9.5
24520244,19,Do Gia Hieu,23/06/2006,3,HK3 2024-2025,PE001,1,5.1
24520244,19,Do Gia Hieu,23/06/2006,3,HK3 2024-2025,SS002,2,8.8
24520244,19,Do Gia Hieu,23/06/2006,3,HK3 2024-2025,MA004,3,9.2
24520244,19,Do Gia Hieu,23/06/2006,3,HK3 2024-2025,IS201,3,6.7
24520244,19,Do Gia Hieu,23/06/2006,3,HK3 2024-2025,IT002,4,6.0
24520245,19,Nguyen Van Linh,01/08/2006,1,HK1 2024-2025,SS001,2,9.4
24520245,19,Nguyen Van Linh,01/08/2006,1,HK1 2024-2025,SE104,3,9.7
24520245,19,Nguyen Van Linh,01/08/2006,1,HK1 2024-2025,CS106,4,6.1
24520245,19,Nguyen Van Linh,01/08/2006,1,HK1 2024-2025,MA005,3,7.2
24520245,19,Nguyen Van Linh,01/08/2006,1,HK1 2024-2025,CE118,3,6.2
24520245,19,Nguyen Van Linh,01/08/2006,1,HK1 2024-2025,IT004,4,8.6
24520245,19,Nguyen Van Linh,01/08/2006,1,HK1 2024-2025,EN001,2,9.7
24520245,19,Nguyen Van Linh,01/08/2006,2,HK2 2024-2025,SE104,3,7.2
24520245,19,Nguyen Van Linh,01/08/2006,2,HK2 2024-2025,SS001,2,6.2
24520245,19,Nguyen Van Linh,01/08/2006,2,HK2 2024-2025,MA004,3,9.5
24520245,19,Nguyen Van Linh,01/08/2006,2,HK2 2024-2025,EN001,2,8.9
24520245,19,Nguyen Van Linh,01/08/2006,2,HK2 2024-2025,IS201,3,8.0
24520245,19,Nguyen Van Linh,01/08/2006,2,HK2 2024-2025,IT003,4,5.5
24520245,19,Nguyen Van Linh,01/08/2006,3,HK3 2024-2025,IT002,4,6.8
24520245,19,Nguyen Van Linh,01/08/2006,3,HK3 2024-2025,IS201,3,9.9
24520245,19,Nguyen Van Linh,01/08/2006,3,HK3 2024-2025,MA005,3,8.1
24520245,19,Nguyen Van Linh,01/08/2006,3,HK3 2024-2025,IT001,4,8.0
24520245,19,Nguyen Van Linh,01/08/2006,3,HK3 2024-2025,IT003,4,8.1
24520245,19,Nguyen Van Linh,01/08/2006,3,HK3 2024-2025,SS002,2,9.8
24520245,19,Nguyen Van Linh,01/08/2006,3,HK3 2024-2025,SS001,2,6.4
24520246,19,Tran Thi Nam,14/06/2006,1,HK1 2024-2025,EN001,2,6.8
24520246,19,Tran Thi Nam,14/06/2006,1,HK1 2024-2025,MA003,3,7.5
24520246,19,Tran Thi Nam,14/06/2006,1,HK1 2024-2025,CS106,4,7.7
24520246,19,Tran Thi Nam,14/06/2006,1,HK1 2024-2025,IT001,4,8.3
24520246,19,Tran Thi Nam,14/06/2006,1,HK1 2024-2025,SE104,3,9.4
24520246,19,Tran Thi Nam,14/06/2006,1,HK1 2024-2025,SS002,2,9.2
24520246,19,Tran Thi Nam,14/06/2006,1,HK1 2024-2025,SS001,2,8.0
24520246,19,Tran Thi Nam,14/06/2006,1,HK1 2024-2025,IS201,3,8.9
24520246,19,Tran Thi Nam,14/06/2006,2,HK2 2024-2025,IT001,4,9.0
24520246,19,Tran Thi Nam,14/06/2006,2,HK2 2024-2025,SS002,2,5.9
24520246,19,Tran Thi Nam,14/06/2006,2,HK2 2024-2025,IT004,4,6.9
24520246,19,Tran Thi Nam,14/06/2006,2,HK2 2024-2025,SE104,3,8.5
24520246,19,Tran Thi Nam,14/06/2006,2,HK2 2024-2025,IS201,3,6.3
24520246,19,Tran Thi Nam,14/06/2006,2,HK2 2024-2025,MA003,3,6.3
24520246,19,Tran Thi Nam,14/06/2006,2,HK2 2024-2025,CE118,3,8.5
24520246,19,Tran Thi Nam,14/06/2006,3,HK3 2024-2025,MA005,3,8.8
24520246,19,Tran Thi Nam,14/06/2006,3,HK3 2024-2025,SS001,2,9.8
24520246,19,Tran Thi Nam,14/06/2006,3,HK3 2024-2025,MA003,3,6.6
24520246,19,Tran Thi Nam,14/06/2006,3,HK3 2024-2025,PE001,1,9.8
24520246,19,Tran Thi Nam,14/06/2006,3,HK3 2024-2025,CE118,3,5.2
24520246,19,Tran Thi Nam,14/06/2006,3,HK3 2024-2025,SE104,3,7.4
24520246,19,Tran Thi Nam,14/06/2006,3,HK3 2024-2025,EN001,2,7.4
24520247,19,Nguyen Ngoc Chau,07/09/2006,1,HK1 2024-2025,CE118,3,9.2
24520247,19,Nguyen Ngoc Chau,07/09/2006,1,HK1 2024-2025,SE104,3,7.8
24520247,19,Nguyen Ngoc Chau,07/09/2006,1,HK1 2024-2025,PE001,1,8.1
24520247,19,Nguyen Ngoc Chau,07/09/2006,1,HK1 2024-2025,IS201,3,5.4
24520247,19,Nguyen Ngoc Chau,07/09/2006,1,HK1 2024-2025,IT003,4,9.5
24520247,19,Nguyen Ngoc Chau,07/09/2006,1,HK1 2024-2025,SS002,2,5.3
24520247,19,Nguyen Ngoc Chau,07/09/2006,1,HK1 2024-2025,SS001,2,5.1
24520247,19,Nguyen Ngoc Chau,07/09/2006,2,HK2 2024-2025,CS106,4,6.7
24520247,19,Nguyen Ngoc Chau,07/09/2006,2,HK2 2024-2025,IT004,4,8.6
24520247,19,Nguyen Ngoc Chau,07/09/2006,2,HK2 2024-2025,SS002,2,7.4
24520247,19,Nguyen Ngoc Chau,07/09/2006,2,HK2 2024-2025,MA004,3,9.2
24520247,19,Nguyen Ngoc Chau,07/09/2006,2,HK2 2024-2025,SS001,2,9.3
24520247,19,Nguyen Ngoc Chau,07/09/2006,2,HK2 2024-2025,IT002,4,6.6
24520247,19,Nguyen Ngoc Chau,07/09/2006,2,HK2 2024-2025,IT003,4,9.2
24520247,19,Nguyen Ngoc Chau,07/09/2006,3,HK3 2024-2025,IT003,4,8.1
24520247,19,Nguyen Ngoc Chau,07/09/2006,3,HK3 2024-2025,MA004,3,6.0
24520247,19,Nguyen Ngoc Chau,07/09/2006,3,HK3 2024-2025,PE001,1,5.6
24520247,19,Nguyen Ngoc Chau,07/09/2006,3,HK3 2024-2025,MA005,3,8.5
24520247,19,Nguyen Ngoc Chau,07/09/2006,3,HK3 2024-2025,SE104,3,5.7
24520247,19,Nguyen Ngoc Chau,07/09/2006,3,HK3 2024-2025,SS001,2,6.4
24520248,19,Phan Xuan Hieu,14/04/2006,1,HK1 2024-2025,IT002,4,5.1
24520248,19,Phan Xuan Hieu,14/04/2006,1,HK1 2024-2025,SS001,2,8.8
24520248,19,Phan Xuan Hieu,14/04/2006,1,HK1 2024-2025,IT004,4,8.6
24520248,19,Phan Xuan Hieu,14/04/2006,1,HK1 2024-2025,PE001,1,5.9
24520248,19,Phan Xuan Hieu,14/04/2006,1,HK1 2024-2025,SS002,2,9.1
24520248,19,Phan Xuan Hieu,14/04/2006,1,HK1 2024-2025,MA003,3,5.2
24520248,19,Phan Xuan Hieu,14/04/2006,2,HK2 2024-2025,IS201,3,8.6
24520248,19,Phan Xuan Hieu,14/04/2006,2,HK2 2024-2025,IT002,4,8.1
24520248,19,Phan Xuan Hieu,14/04/2006,2,HK2 2024-2025,IT004,4,6.4
24520248,19,Phan Xuan Hieu,14/04/2006,2,HK2 2024-2025,EN001,2,5.2
24520248,19,Phan Xuan Hieu,14/04/2006,2,HK2 2024-2025,CE118,3,9.9
24520248,19,Phan Xuan Hieu,14/04/2006,2,HK2 2024-2025,IT003,4,7.0
24520248,19,Phan Xuan Hieu,14/04/2006,2,HK2 2024-2025,SE104,3,9.3
24520248,19,Phan Xuan Hieu,14/04/2006,3,HK3 2024-2025,SS002,2,9.4
24520248,19,Phan Xuan Hieu,14/04/2006,3,HK3 2024-2025,IT001,4,8.8
24520248,19,Phan Xuan Hieu,14/04/2006,3,HK3 2024-2025,IS201,3,8.8
24520248,19,Phan Xuan Hieu,14/04/2006,3,HK3 2024-2025,IT002,4,5.7
24520248,19,Phan Xuan Hieu,14/04/2006,3,HK3 2024-2025,MA005,3,6.2
24520248,19,Phan Xuan Hieu,14/04/2006,3,HK3 2024-2025,IT003,4,8.8
24520249,19,Nguyen Gia Quan,18/12/2006,1,HK1 2024-2025,IS201,3,6.1
24520249,19,Nguyen Gia Quan,18/12/2006,1,HK1 2024-2025,PE001,1,7.8
24520249,19,Nguyen Gia Quan,18/12/2006,1,HK1 2024-2025,MA003,3,7.0
24520249,19,Nguyen Gia Quan,18/12/2006,1,HK1 2024-2025,IT004,4,7.1
24520249,19,Nguyen Gia Quan,18/12/2006,1,HK1 2024-2025,MA005,3,8.5
24520249,19,Nguyen Gia Quan,18/12/2006,1,HK1 2024-2025,SS002,2,5.9
24520249,19,Nguyen Gia Quan,18/12/2006,1,HK1 2024-2025,IT003,4,9.7
24520249,19,Nguyen Gia Quan,18/12/2006,1,HK1 2024-2025,IT001,4,8.5
24520249,19,Nguyen Gia Quan,18/12/2006,2,HK2 2024-2025,CE118,3,8.1
24520249,19,Nguyen Gia Quan,18/12/2006,2,HK2 2024-2025,MA004,3,5.8
24520249,19,Nguyen Gia Quan,18/12/2006,2,HK2 2024-2025,IT002,4,5.3
24520249,19,Nguyen Gia Quan,18/12/2006,2,HK2 2024-2025,IS201,3,8.7
24520249,19,Nguyen Gia Quan,18/12/2006,2,HK2 2024-2025,SS001,2,9.4
24520249,19,Nguyen Gia Quan,18/12/2006,2,HK2 2024-2025,MA003,3,5.5
24520249,19,Nguyen Gia Quan,18/12/2006,2,HK2 2024-2025,CS106,4,9.9
24520249,19,Nguyen Gia Quan,18/12/2006,3,HK3 2024-2025,MA004,3,6.9
24520249,19,Nguyen Gia Quan,18/12/2006,3,HK3 2024-2025,SS002,2,8.9
24520249,19,Nguyen Gia Quan,18/12/2006,3,HK3 2024-2025,PE001,1,9.5
24520249,19,Nguyen Gia Quan,18/12/2006,3,HK3 2024-2025,MA003,3,6.1
24520249,19,Nguyen Gia Quan,18/12/2006,3,HK3 2024-2025,CS106,4,5.5
24520249,19,Nguyen Gia Quan,18/12/2006,3,HK3 2024-2025,IT004,4,5.2
24520250,19,Hoang Van Duy,25/12/2006,1,HK1 2024-2025,EN001,2,7.2
24520250,19,Hoang Van Duy,25/12/2006,1,HK1 2024-2025,IT004,4,8.6
24520250,19,Hoang Van Duy,25/12/2006,1,HK1 2024-2025,IS201,3,6.9
24520250,19,Hoang Van Duy,25/12/2006,1,HK1 2024-2025,MA003,3,5.4
24520250,19,Hoang Van Duy,25/12/2006,1,HK1 2024-2025,MA004,3,6.1
24520250,19,Hoang Van Duy,25/12/2006,1,HK1 2024-2025,SE104,3,8.9
24520250,19,Hoang Van Duy,25/12/2006,1,HK1 2024-2025,IT002,4,9.0
24520250,19,Hoang Van Duy,25/12/2006,2,HK2 2024-2025,MA003,3,6.5
24520250,19,Hoang Van Duy,25/12/2006,2,HK2 2024-2025,IT001,4,8.3
24520250,19,Hoang Van Duy,25/12/2006,2,HK2 2024-2025,MA004,3,7.7
24520250,19,Hoang Van Duy,25/12/2006,2,HK2 2024-2025,SS001,2,9.0
24520250,19,Hoang Van Duy,25/12/2006,2,HK2 2024-2025,IS201,3,5.5
24520250,19,Hoang Van Duy,25/12/2006,2,HK2 2024-2025,IT003,4,9.8
24520250,19,Hoang Van Duy,25/12/2006,3,HK3 2024-2025,MA004,3,5.7
24520250,19,Hoang Van Duy,25/12/2006,3,HK3 2024-2025,IT003,4,7.8
24520250,19,Hoang Van Duy,25/12/2006,3,HK3 2024-2025,SS001,2,9.4
24520250,19,Hoang Van Duy,25/12/2006,3,HK3 2024-2025,CS106,4,6.7
24520250,19,Hoang Van Duy,25/12/2006,3,HK3 2024-2025,CE118,3,7.0
24520250,19,Hoang Van Duy,25/12/2006,3,HK3 2024-2025,MA005,3,7.1
24520250,19,Hoang Van Duy,25/12/2006,3,HK3 2024-2025,SS002,2,5.3
24520250,19,Hoang Van Duy,25/12/2006,3,HK3 2024-2025,IS201,3,6.5
